[
    {
        "page": "1",
        "movie_name": [
            "28 Weeks Later"
        ],
        "runtime": [
            "1 h 40 min"
        ],
        "release_date": [
            "Jun 14, 2013"
        ]
    },
    {
        "page": "10",
        "movie_name": [
            "Aquaman and the Lost Kingdom"
        ],
        "runtime": [
            ""
        ],
        "release_date": [
            "Dec 26, 2023"
        ]
    },
    {
        "page": "101",
        "movie_name": [
            "Mission: Impossible"
        ],
        "runtime": [
            "1 h 50 min"
        ],
        "release_date": [
            "Jun 23, 2015"
        ]
    },
    {
        "page": "100",
        "movie_name": [
            "Masters of the Universe"
        ],
        "runtime": [
            "1 h 46 min"
        ],
        "release_date": [
            "Jan 26, 2016"
        ]
    },
    {
        "page": "102",
        "movie_name": [
            "Moonraker"
        ],
        "runtime": [
            "2 h 06 min"
        ],
        "release_date": [
            "Sep 18, 2012"
        ]
    },
    {
        "page": "103",
        "movie_name": [
            "Never Say Never Again"
        ],
        "runtime": [
            "2 h 14 min"
        ],
        "release_date": [
            "Oct 09, 2012"
        ]
    },
    {
        "page": "0",
        "movie_name": [
            "10 Cloverfield Lane"
        ],
        "runtime": [
            "1 h 44 min"
        ],
        "release_date": [
            "Nov 06, 2020"
        ]
    },
    {
        "page": "104",
        "movie_name": [
            "Nick Fury: Agent of S.H.I.E.L.D."
        ],
        "runtime": [
            "2 h 00 min"
        ],
        "release_date": [
            "Jan 10, 2012"
        ]
    },
    {
        "page": "105",
        "movie_name": [
            "Night of the Living Dead (1990)"
        ],
        "runtime": [
            "1 h 28 min"
        ],
        "release_date": [
            "Oct 19, 2012"
        ]
    },
    {
        "page": "108",
        "movie_name": [
            "Ocean\u2019s Eight"
        ],
        "runtime": [
            "1 h 51 min"
        ],
        "release_date": [
            "Jun 14, 2018"
        ]
    },
    {
        "page": "109",
        "movie_name": [
            "Once Upon a Time\u2026 in Hollywood"
        ],
        "runtime": [
            "2 h 42 min"
        ],
        "release_date": [
            "Aug 02, 2019"
        ]
    },
    {
        "page": "11",
        "movie_name": [
            "Arachnophobia"
        ],
        "runtime": [
            "1 h 49 min"
        ],
        "release_date": [
            "Oct 25, 2024"
        ]
    },
    {
        "page": "110",
        "movie_name": [
            "Pacific Rim"
        ],
        "runtime": [
            "2 h 11 min"
        ],
        "release_date": [
            "Jul 16, 2013"
        ]
    },
    {
        "page": "112",
        "movie_name": [
            "Pet Sematary (1989)"
        ],
        "runtime": [
            "1 h 43 min"
        ],
        "release_date": [
            "Oct 18, 2016"
        ]
    },
    {
        "page": "111",
        "movie_name": [
            "Pacific Rim: Uprising"
        ],
        "runtime": [
            "1 h 51 min"
        ],
        "release_date": [
            "Mar 27, 2018"
        ]
    },
    {
        "page": "113",
        "movie_name": [
            "Pet Sematary: Bloodlines"
        ],
        "runtime": [
            ""
        ],
        "release_date": [
            "Oct 10, 2023"
        ]
    },
    {
        "page": "115",
        "movie_name": [
            "Pixels"
        ],
        "runtime": [
            "1 h 45 min"
        ],
        "release_date": [
            "Apr 13, 2021"
        ]
    },
    {
        "page": "106",
        "movie_name": [
            "No Time to Die"
        ],
        "runtime": [
            "2 h 43 min"
        ],
        "release_date": [
            "Oct 12, 2021"
        ]
    },
    {
        "page": "116",
        "movie_name": [
            "Pok\u00e9mon: The First Movie \u2013 Mewtwo Strikes Back"
        ],
        "runtime": [
            "1 h 25 min"
        ],
        "release_date": [
            "Mar 05, 2019"
        ]
    },
    {
        "page": "114",
        "movie_name": [
            "Phantasm IV: Oblivion"
        ],
        "runtime": [
            "1 h 30 min"
        ],
        "release_date": [
            "Oct 13, 2017"
        ]
    },
    {
        "page": "119",
        "movie_name": [
            "Rear Window (1954)"
        ],
        "runtime": [
            "1 h 52 min"
        ],
        "release_date": [
            "Jan 30, 2024"
        ]
    },
    {
        "page": "107",
        "movie_name": [
            "Shaun of the Dead"
        ],
        "runtime": [
            "1 h 39 min"
        ],
        "release_date": [
            "Aug 16, 2013"
        ]
    },
    {
        "page": "118",
        "movie_name": [
            "Punisher: War Zone"
        ],
        "runtime": [
            "1 h 42 min"
        ],
        "release_date": [
            "Nov 22, 2011"
        ]
    },
    {
        "page": "12",
        "movie_name": [
            "Argylle"
        ],
        "runtime": [
            "2 h 19 min"
        ],
        "release_date": [
            "Jun 04, 2024"
        ]
    },
    {
        "page": "120",
        "movie_name": [
            "RED"
        ],
        "runtime": [
            "1 h 51 min"
        ],
        "release_date": [
            "Jul 30, 2013"
        ]
    },
    {
        "page": "123",
        "movie_name": [
            "Return of the Living Dead III"
        ],
        "runtime": [
            "1 h 37 min"
        ],
        "release_date": [
            "May 17, 2013"
        ]
    },
    {
        "page": "125",
        "movie_name": [
            "Rocky"
        ],
        "runtime": [
            "2 h 00 min"
        ],
        "release_date": [
            "Nov 29, 2011"
        ]
    },
    {
        "page": "126",
        "movie_name": [
            "Rocky Balboa"
        ],
        "runtime": [
            "1 h 42 min"
        ],
        "release_date": [
            "Jan 03, 2012"
        ]
    },
    {
        "page": "124",
        "movie_name": [
            "RoboCop: Prime Directives \u2013 Meltdown"
        ],
        "runtime": [
            "1 h 35 min"
        ],
        "release_date": [
            "Feb 07, 2014"
        ]
    },
    {
        "page": "127",
        "movie_name": [
            "Rocky IV"
        ],
        "runtime": [
            "1 h 31 min"
        ],
        "release_date": [
            "Dec 20, 2011"
        ]
    },
    {
        "page": "128",
        "movie_name": [
            "Salem\u2019s Lot (2024)"
        ],
        "runtime": [
            "1 h 53 min"
        ],
        "release_date": [
            "Oct 15, 2024"
        ]
    },
    {
        "page": "129",
        "movie_name": [
            "Saw II"
        ],
        "runtime": [
            "1 h 29 min"
        ],
        "release_date": [
            "Nov 13, 2009"
        ]
    },
    {
        "page": "13",
        "movie_name": [
            "Army of the Dead"
        ],
        "runtime": [
            "2 h 28 min"
        ],
        "release_date": [
            "May 25, 2021"
        ]
    },
    {
        "page": "131",
        "movie_name": [
            "Shang-Chi and the Legend of the Ten Rings"
        ],
        "runtime": [
            "2 h 12 min"
        ],
        "release_date": [
            "Sep 07, 2021"
        ]
    },
    {
        "page": "130",
        "movie_name": [
            "Sea of Love"
        ],
        "runtime": [
            "1 h 53 min"
        ],
        "release_date": [
            "Jul 27, 2018"
        ]
    },
    {
        "page": "132",
        "movie_name": [
            "Silent Hill"
        ],
        "runtime": [
            "2 h 05 min"
        ],
        "release_date": [
            "Nov 06, 2018"
        ]
    },
    {
        "page": "133",
        "movie_name": [
            "Silent Night, Deadly Night"
        ],
        "runtime": [
            "1 h 19 min"
        ],
        "release_date": [
            "Nov 27, 2012"
        ]
    },
    {
        "page": "122",
        "movie_name": [
            "Resident Evil: Apocalypse"
        ],
        "runtime": [
            "1 h 34 min"
        ],
        "release_date": [
            "Jan 03, 2017"
        ]
    },
    {
        "page": "121",
        "movie_name": [
            "Resident Evil"
        ],
        "runtime": [
            "1 h 40 min"
        ],
        "release_date": [
            "Dec 27, 2016"
        ]
    },
    {
        "page": "137",
        "movie_name": [
            "Soylent Green"
        ],
        "runtime": [
            "1 h 37 min"
        ],
        "release_date": [
            "Jan 13, 2023"
        ]
    },
    {
        "page": "136",
        "movie_name": [
            "Sometimes They Come Back\u2026 Again"
        ],
        "runtime": [
            "1 h 38 min"
        ],
        "release_date": [
            "Apr 22, 2014"
        ]
    },
    {
        "page": "134",
        "movie_name": [
            "Silent Night, Deadly Night 4: Initiation"
        ],
        "runtime": [
            "1 h 30 min"
        ],
        "release_date": [
            "Dec 18, 2012"
        ]
    },
    {
        "page": "14",
        "movie_name": [
            "Avatar"
        ],
        "runtime": [
            "2 h 42 min"
        ],
        "release_date": [
            "Dec 19, 2009"
        ]
    },
    {
        "page": "139",
        "movie_name": [
            "Speed"
        ],
        "runtime": [
            "1 h 56 min"
        ],
        "release_date": [
            "Jul 02, 2024"
        ]
    },
    {
        "page": "138",
        "movie_name": [
            "Spectre"
        ],
        "runtime": [
            "2 h 28 min"
        ],
        "release_date": [
            "Nov 10, 2015"
        ]
    },
    {
        "page": "140",
        "movie_name": [
            "Spider-Man (2002)"
        ],
        "runtime": [
            "2 h 01 min"
        ],
        "release_date": [
            "Jun 26, 2012"
        ]
    },
    {
        "page": "141",
        "movie_name": [
            "Spider-Man 3"
        ],
        "runtime": [
            "2 h 19 min"
        ],
        "release_date": [
            "Jul 02, 2012"
        ]
    },
    {
        "page": "142",
        "movie_name": [
            "Spider-Man 3"
        ],
        "runtime": [
            "2 h 19 min"
        ],
        "release_date": [
            "May 04, 2007"
        ]
    },
    {
        "page": "143",
        "movie_name": [
            "Spider-Man: Into the Spider-Verse"
        ],
        "runtime": [
            "1 h 57 min"
        ],
        "release_date": [
            "Dec 18, 2018"
        ]
    },
    {
        "page": "145",
        "movie_name": [
            "Star Trek\u2013The Motion Picture"
        ],
        "runtime": [
            "2 h 12 min"
        ],
        "release_date": [
            "Feb 27, 2009"
        ]
    },
    {
        "page": "144",
        "movie_name": [
            "Star Trek: Nemesis"
        ],
        "runtime": [
            "1 h 57 min"
        ],
        "release_date": [
            "May 01, 2009"
        ]
    },
    {
        "page": "146",
        "movie_name": [
            "Star Wars: Episode I \u2013 The Phantom Menace"
        ],
        "runtime": [
            "2 h 16 min"
        ],
        "release_date": [
            "Nov 17, 2015"
        ]
    },
    {
        "page": "147",
        "movie_name": [
            "Star Wars: Episode III \u2013 Revenge of the Sith"
        ],
        "runtime": [
            "2 h 20 min"
        ],
        "release_date": [
            "Dec 01, 2015"
        ]
    },
    {
        "page": "148",
        "movie_name": [
            "Stardust"
        ],
        "runtime": [
            "2 h 07 min"
        ],
        "release_date": [
            "Feb 09, 2016"
        ]
    },
    {
        "page": "149",
        "movie_name": [
            "Street Fighter"
        ],
        "runtime": [
            "1 h 42 min"
        ],
        "release_date": [
            "Feb 06, 2018"
        ]
    },
    {
        "page": "135",
        "movie_name": [
            "Silent Night, Deadly Night 5: The Toy Maker"
        ],
        "runtime": [
            "1 h 30 min"
        ],
        "release_date": [
            "Dec 21, 2012"
        ]
    },
    {
        "page": "150",
        "movie_name": [
            "Suicide Squad"
        ],
        "runtime": [
            "2 h 03 min"
        ],
        "release_date": [
            "Aug 09, 2016"
        ]
    },
    {
        "page": "15",
        "movie_name": [
            "Beyond Re-Animator"
        ],
        "runtime": [
            "1 h 35 min"
        ],
        "release_date": [
            "Dec 23, 2016"
        ]
    },
    {
        "page": "152",
        "movie_name": [
            "Survival of the Dead"
        ],
        "runtime": [
            "1 h 30 min"
        ],
        "release_date": [
            "Oct 12, 2012"
        ]
    },
    {
        "page": "153",
        "movie_name": [
            "Swamp Thing"
        ],
        "runtime": [
            "1 h 31 min"
        ],
        "release_date": [
            "Oct 29, 2013"
        ]
    },
    {
        "page": "154",
        "movie_name": [
            "T2: Trainspotting"
        ],
        "runtime": [
            "1 h 57 min"
        ],
        "release_date": [
            "Jul 25, 2017"
        ]
    },
    {
        "page": "157",
        "movie_name": [
            "Texas Chainsaw 3D"
        ],
        "runtime": [
            "1 h 32 min"
        ],
        "release_date": [
            "Jan 08, 2013"
        ]
    },
    {
        "page": "156",
        "movie_name": [
            "Teenage Mutant Ninja Turtles: Mutant Mayhem"
        ],
        "runtime": [
            ""
        ],
        "release_date": [
            "Aug 15, 2023"
        ]
    },
    {
        "page": "155",
        "movie_name": [
            "Tango & Cash"
        ],
        "runtime": [
            "1 h 44 min"
        ],
        "release_date": [
            "Mar 08, 2024"
        ]
    },
    {
        "page": "151",
        "movie_name": [
            "Superman IV: The Quest for Peace"
        ],
        "runtime": [
            "1 h 30 min"
        ],
        "release_date": [
            "May 28, 2013"
        ]
    },
    {
        "page": "159",
        "movie_name": [
            "The Amazing Spider-Man (2012)"
        ],
        "runtime": [
            "2 h 16 min"
        ],
        "release_date": [
            "Jul 06, 2012"
        ]
    },
    {
        "page": "16",
        "movie_name": [
            "Blade"
        ],
        "runtime": [
            "2 h 00 min"
        ],
        "release_date": [
            "Aug 30, 2011"
        ]
    },
    {
        "page": "158",
        "movie_name": [
            "The Amazing Spider-Man 2"
        ],
        "runtime": [
            "2 h 22 min"
        ],
        "release_date": [
            "May 06, 2014"
        ]
    },
    {
        "page": "161",
        "movie_name": [
            "The Bourne Identity (1988)"
        ],
        "runtime": [
            "3 h 05 min"
        ],
        "release_date": [
            "Jun 21, 2016"
        ]
    },
    {
        "page": "162",
        "movie_name": [
            "The Bride of Frankenstein"
        ],
        "runtime": [
            "1 h 15 min"
        ],
        "release_date": [
            "Jan 09, 2024"
        ]
    },
    {
        "page": "163",
        "movie_name": [
            "The Color of Money"
        ],
        "runtime": [
            "1 h 59 min"
        ],
        "release_date": [
            "May 01, 2020"
        ]
    },
    {
        "page": "160",
        "movie_name": [
            "The Batman"
        ],
        "runtime": [
            ""
        ],
        "release_date": [
            "Mar 08, 2022"
        ]
    },
    {
        "page": "167",
        "movie_name": [
            "The Dark Knight Rises"
        ],
        "runtime": [
            "2 h 45 min"
        ],
        "release_date": [
            "Jul 23, 2012"
        ]
    },
    {
        "page": "166",
        "movie_name": [
            "The Dark Knight"
        ],
        "runtime": [
            "2 h 32 min"
        ],
        "release_date": [
            "Jul 17, 2012"
        ]
    },
    {
        "page": "168",
        "movie_name": [
            "The Departed"
        ],
        "runtime": [
            "2 h 31 min"
        ],
        "release_date": [
            "Feb 12, 2010"
        ]
    },
    {
        "page": "169",
        "movie_name": [
            "The Exorcist"
        ],
        "runtime": [
            "2 h 02 min"
        ],
        "release_date": [
            "Sep 09, 2011"
        ]
    },
    {
        "page": "170",
        "movie_name": [
            "The Falcon and the Winter Soldier"
        ],
        "runtime": [
            "5 h 16 min"
        ],
        "release_date": [
            "May 11, 2021"
        ]
    },
    {
        "page": "165",
        "movie_name": [
            "The Crow: Wicked Prayer"
        ],
        "runtime": [
            "1 h 39 min"
        ],
        "release_date": [
            "Jun 14, 2024"
        ]
    },
    {
        "page": "171",
        "movie_name": [
            "The Fast and the Furious: Tokyo Drift"
        ],
        "runtime": [
            "1 h 44 min"
        ],
        "release_date": [
            "Mar 10, 2015"
        ]
    },
    {
        "page": "164",
        "movie_name": [
            "The Crow: Salvation"
        ],
        "runtime": [
            "1 h 41 min"
        ],
        "release_date": [
            "Jun 07, 2024"
        ]
    },
    {
        "page": "173",
        "movie_name": [
            "The Happening"
        ],
        "runtime": [
            "1 h 31 min"
        ],
        "release_date": [
            "Dec 21, 2018"
        ]
    },
    {
        "page": "174",
        "movie_name": [
            "The Human Centipede (First Sequence)"
        ],
        "runtime": [
            "1 h 32 min"
        ],
        "release_date": [
            "May 19, 2010"
        ]
    },
    {
        "page": "175",
        "movie_name": [
            "The Hunger Games: Catching Fire"
        ],
        "runtime": [
            "2 h 26 min"
        ],
        "release_date": [
            "Nov 13, 2015"
        ]
    },
    {
        "page": "172",
        "movie_name": [
            "The First Purge"
        ],
        "runtime": [
            "1 h 37 min"
        ],
        "release_date": [
            "Jul 06, 2018"
        ]
    },
    {
        "page": "177",
        "movie_name": [
            "The Incredible Hulk"
        ],
        "runtime": [
            "1 h 54 min"
        ],
        "release_date": [
            "Apr 10, 2012"
        ]
    },
    {
        "page": "17",
        "movie_name": [
            "Blair Witch"
        ],
        "runtime": [
            "1 h 30 min"
        ],
        "release_date": [
            "Sep 20, 2016"
        ]
    },
    {
        "page": "18",
        "movie_name": [
            "BloodRayne 2: Deliverance"
        ],
        "runtime": [
            "1 h 39 min"
        ],
        "release_date": [
            "Jan 12, 2021"
        ]
    },
    {
        "page": "179",
        "movie_name": [
            "The Incredibles"
        ],
        "runtime": [
            "1 h 55 min"
        ],
        "release_date": [
            "Feb 27, 2015"
        ]
    },
    {
        "page": "176",
        "movie_name": [
            "The Hunger Games: The Ballad of Songbirds & Snakes"
        ],
        "runtime": [
            "2 h 37 min"
        ],
        "release_date": [
            "Nov 24, 2023"
        ]
    },
    {
        "page": "178",
        "movie_name": [
            "The Incredible Hulk (1977)"
        ],
        "runtime": [
            "1 h 35 min"
        ],
        "release_date": [
            "Feb 28, 2012"
        ]
    },
    {
        "page": "181",
        "movie_name": [
            "The Last Airbender"
        ],
        "runtime": [
            "1 h 43 min"
        ],
        "release_date": [
            "Dec 28, 2018"
        ]
    },
    {
        "page": "184",
        "movie_name": [
            "The Living Daylights"
        ],
        "runtime": [
            "2 h 10 min"
        ],
        "release_date": [
            "Oct 22, 2012"
        ]
    },
    {
        "page": "185",
        "movie_name": [
            "The Lost World: Jurassic Park"
        ],
        "runtime": [
            "2 h 09 min"
        ],
        "release_date": [
            "Jun 05, 2015"
        ]
    },
    {
        "page": "186",
        "movie_name": [
            "The Mangler 2"
        ],
        "runtime": [
            "1 h 37 min"
        ],
        "release_date": [
            "Mar 25, 2014"
        ]
    },
    {
        "page": "180",
        "movie_name": [
            "The Invasion"
        ],
        "runtime": [
            "1 h 39 min"
        ],
        "release_date": [
            "Oct 11, 2024"
        ]
    },
    {
        "page": "183",
        "movie_name": [
            "The Last Voyage of the Demeter"
        ],
        "runtime": [
            "1 h 58 min"
        ],
        "release_date": [
            "Aug 18, 2023"
        ]
    },
    {
        "page": "187",
        "movie_name": [
            "The Marvels"
        ],
        "runtime": [
            "1 h 38 min"
        ],
        "release_date": [
            "Nov 14, 2023"
        ]
    },
    {
        "page": "19",
        "movie_name": [
            "Body Heat"
        ],
        "runtime": [
            "1 h 53 min"
        ],
        "release_date": [
            "Feb 15, 2019"
        ]
    },
    {
        "page": "190",
        "movie_name": [
            ""
        ],
        "runtime": [],
        "release_date": []
    },
    {
        "page": "182",
        "movie_name": [
            "The Last House on the Left (2009)"
        ],
        "runtime": [
            "1 h 50 min"
        ],
        "release_date": [
            "Sep 18, 2020"
        ]
    },
    {
        "page": "189",
        "movie_name": [
            "The Mist"
        ],
        "runtime": [
            "2 h 06 min"
        ],
        "release_date": [
            "Jul 16, 2019"
        ]
    },
    {
        "page": "188",
        "movie_name": [
            "The Matrix"
        ],
        "runtime": [
            "2 h 16 min"
        ],
        "release_date": [
            "Apr 24, 2014"
        ]
    },
    {
        "page": "191",
        "movie_name": [
            "The Purge"
        ],
        "runtime": [
            "1 h 26 min"
        ],
        "release_date": [
            "Jun 08, 2018"
        ]
    },
    {
        "page": "192",
        "movie_name": [
            "The Return of the Living Dead"
        ],
        "runtime": [
            "1 h 31 min"
        ],
        "release_date": [
            "May 03, 2013"
        ]
    },
    {
        "page": "193",
        "movie_name": [
            "The Right Stuff"
        ],
        "runtime": [
            "3 h 13 min"
        ],
        "release_date": [
            "Nov 16, 2021"
        ]
    },
    {
        "page": "195",
        "movie_name": [
            "The Silence of the Lambs"
        ],
        "runtime": [
            "1 h 59 min"
        ],
        "release_date": [
            "Oct 11, 2011"
        ]
    },
    {
        "page": "196",
        "movie_name": [
            "The Star Wars Holiday Special"
        ],
        "runtime": [
            "1 h 37 min"
        ],
        "release_date": [
            "Dec 29, 2015"
        ]
    },
    {
        "page": "198",
        "movie_name": [
            "The Suicide Squad"
        ],
        "runtime": [
            "2 h 12 min"
        ],
        "release_date": [
            "Aug 10, 2021"
        ]
    },
    {
        "page": "199",
        "movie_name": [
            "The Texas Chain Saw Massacre (1974)"
        ],
        "runtime": [
            "1 h 23 min"
        ],
        "release_date": [
            "Sep 17, 2010"
        ]
    },
    {
        "page": "2",
        "movie_name": [
            "47 Meters Down"
        ],
        "runtime": [
            "1 h 29 min"
        ],
        "release_date": [
            "Jul 21, 2023"
        ]
    },
    {
        "page": "20",
        "movie_name": [
            "Body Snatchers"
        ],
        "runtime": [
            "1 h 27 min"
        ],
        "release_date": [
            "Oct 04, 2024"
        ]
    },
    {
        "page": "194",
        "movie_name": [
            "The Shining (1997)"
        ],
        "runtime": [
            "4 h 33 min"
        ],
        "release_date": [
            "Dec 17, 2013"
        ]
    },
    {
        "page": "21",
        "movie_name": [
            "Bumblebee"
        ],
        "runtime": [
            "1 h 54 min"
        ],
        "release_date": [
            "Jan 01, 2019"
        ]
    },
    {
        "page": "197",
        "movie_name": [
            "The Strangers : Prey at Night"
        ],
        "runtime": [
            "1 h 25 min"
        ],
        "release_date": [
            "Aug 27, 2021"
        ]
    },
    {
        "page": "22",
        "movie_name": [
            "Candyman: Day of the Dead"
        ],
        "runtime": [
            "1 h 33 min"
        ],
        "release_date": [
            "Jun 19, 2020"
        ]
    },
    {
        "page": "26",
        "movie_name": [
            "Children of the Corn 666: Isaac\u2019s Return"
        ],
        "runtime": [
            "1 h 22 min"
        ],
        "release_date": [
            "Sep 23, 2014"
        ]
    },
    {
        "page": "24",
        "movie_name": [
            "Casino Royale (2006)"
        ],
        "runtime": [
            "2 h 24 min"
        ],
        "release_date": [
            "Nov 16, 2012"
        ]
    },
    {
        "page": "27",
        "movie_name": [
            "Children of the Corn: Revelation"
        ],
        "runtime": [
            "1 h 22 min"
        ],
        "release_date": [
            "Sep 26, 2014"
        ]
    },
    {
        "page": "28",
        "movie_name": [
            "Color of Night"
        ],
        "runtime": [
            "2 h 01 min"
        ],
        "release_date": [
            "Jul 03, 2020"
        ]
    },
    {
        "page": "29",
        "movie_name": [
            "Creed"
        ],
        "runtime": [
            "2 h 13 min"
        ],
        "release_date": [
            "Dec 08, 2015"
        ]
    },
    {
        "page": "23",
        "movie_name": [
            "Carrie (1976)"
        ],
        "runtime": [
            "1 h 38 min"
        ],
        "release_date": [
            "Oct 01, 2013"
        ]
    },
    {
        "page": "30",
        "movie_name": [
            "Curse of Chucky"
        ],
        "runtime": [
            "1 h 37 min"
        ],
        "release_date": [
            "Oct 22, 2013"
        ]
    },
    {
        "page": "25",
        "movie_name": [
            "Cat\u2019s Eye"
        ],
        "runtime": [
            "1 h 34 min"
        ],
        "release_date": [
            "Mar 04, 2014"
        ]
    },
    {
        "page": "31",
        "movie_name": [
            "Death Race 2"
        ],
        "runtime": [
            "1 h 40 min"
        ],
        "release_date": [
            "Apr 30, 2024"
        ]
    },
    {
        "page": "32",
        "movie_name": [
            "Death Race: Inferno"
        ],
        "runtime": [
            "1 h 44 min"
        ],
        "release_date": [
            "May 07, 2024"
        ]
    },
    {
        "page": "34",
        "movie_name": [
            "Demons 2 (aka Demoni 2)"
        ],
        "runtime": [],
        "release_date": [
            "Sep 02, 2016"
        ]
    },
    {
        "page": "35",
        "movie_name": [
            "Diamonds Are Forever"
        ],
        "runtime": [
            "2 h 00 min"
        ],
        "release_date": [
            "Aug 28, 2012"
        ]
    },
    {
        "page": "36",
        "movie_name": [
            "Die Hard"
        ],
        "runtime": [
            "2 h 11 min"
        ],
        "release_date": [
            "Jan 22, 2013"
        ]
    },
    {
        "page": "37",
        "movie_name": [
            "Die Hard 2: Die Harder"
        ],
        "runtime": [
            "2 h 04 min"
        ],
        "release_date": [
            "Jan 29, 2013"
        ]
    },
    {
        "page": "33",
        "movie_name": [
            "Death Sentence"
        ],
        "runtime": [
            "1 h 45 min"
        ],
        "release_date": [
            "Dec 05, 2017"
        ]
    },
    {
        "page": "39",
        "movie_name": [
            "Dolores Claiborne"
        ],
        "runtime": [
            "2 h 12 min"
        ],
        "release_date": [
            "Jun 01, 2021"
        ]
    },
    {
        "page": "38",
        "movie_name": [
            "Django Unchained"
        ],
        "runtime": [
            "2 h 45 min"
        ],
        "release_date": [
            "Jan 08, 2016"
        ]
    },
    {
        "page": "40",
        "movie_name": [
            "Dr. No"
        ],
        "runtime": [
            "1 h 50 min"
        ],
        "release_date": [
            "Aug 03, 2012"
        ]
    },
    {
        "page": "42",
        "movie_name": [
            "Echo"
        ],
        "runtime": [
            "3 h 21 min"
        ],
        "release_date": [
            "May 21, 2024"
        ]
    },
    {
        "page": "43",
        "movie_name": [
            "Escape from the Planet of the Apes"
        ],
        "runtime": [
            "1 h 38 min"
        ],
        "release_date": [
            "Jun 06, 2014"
        ]
    },
    {
        "page": "41",
        "movie_name": [
            "Dragon Ball Super: Broly"
        ],
        "runtime": [
            "1 h 41 min"
        ],
        "release_date": [
            "Mar 19, 2021"
        ]
    },
    {
        "page": "44",
        "movie_name": [
            "F9"
        ],
        "runtime": [
            "2 h 23 min"
        ],
        "release_date": [
            "Jun 29, 2021"
        ]
    },
    {
        "page": "46",
        "movie_name": [
            "Far Cry"
        ],
        "runtime": [
            "1 h 35 min"
        ],
        "release_date": [
            "Jan 26, 2021"
        ]
    },
    {
        "page": "47",
        "movie_name": [
            "Fast Five"
        ],
        "runtime": [
            "2 h 10 min"
        ],
        "release_date": [
            "Mar 24, 2015"
        ]
    },
    {
        "page": "45",
        "movie_name": [
            "Fantastic Four"
        ],
        "runtime": [
            "1 h 40 min"
        ],
        "release_date": [
            "Aug 11, 2015"
        ]
    },
    {
        "page": "48",
        "movie_name": [
            "Ferris Bueller\u2019s Day Off \u2014 Soundtrack Interviews"
        ],
        "runtime": [
            ""
        ],
        "release_date": [
            "Sep 17, 2016"
        ]
    },
    {
        "page": "49",
        "movie_name": [
            "Flash Gordon"
        ],
        "runtime": [
            "1 h 51 min"
        ],
        "release_date": [
            "Dec 20, 2019"
        ]
    },
    {
        "page": "50",
        "movie_name": [
            "For Your Eyes Only"
        ],
        "runtime": [
            "2 h 07 min"
        ],
        "release_date": [
            "Sep 25, 2012"
        ]
    },
    {
        "page": "51",
        "movie_name": [
            "Freddy\u2019s Dead: The Final Nightmare"
        ],
        "runtime": [
            "1 h 29 min"
        ],
        "release_date": [
            "Apr 09, 2010"
        ]
    },
    {
        "page": "52",
        "movie_name": [
            "Friday the 13th (2009)"
        ],
        "runtime": [
            "1 h 37 min"
        ],
        "release_date": [
            "Feb 15, 2009"
        ]
    },
    {
        "page": "53",
        "movie_name": [
            "Friday the 13th Part VI: Jason Lives"
        ],
        "runtime": [
            "1 h 26 min"
        ],
        "release_date": [
            "Jan 28, 2009"
        ]
    },
    {
        "page": "54",
        "movie_name": [
            "From Beyond"
        ],
        "runtime": [
            "1 h 25 min"
        ],
        "release_date": [
            "Dec 02, 2016"
        ]
    },
    {
        "page": "117",
        "movie_name": [
            "Prometheus"
        ],
        "runtime": [
            "2 h 04 min"
        ],
        "release_date": [
            "Jun 08, 2012"
        ]
    },
    {
        "page": "55",
        "movie_name": [
            "From Russia with Love"
        ],
        "runtime": [
            "1 h 55 min"
        ],
        "release_date": [
            "Aug 07, 2012"
        ]
    },
    {
        "page": "56",
        "movie_name": [
            "Furious 7"
        ],
        "runtime": [
            "2 h 17 min"
        ],
        "release_date": [
            "Apr 06, 2015"
        ]
    },
    {
        "page": "57",
        "movie_name": [
            "Futureworld"
        ],
        "runtime": [
            "1 h 44 min"
        ],
        "release_date": [
            "May 22, 2015"
        ]
    },
    {
        "page": "58",
        "movie_name": [
            "Ghostbusters (1984)"
        ],
        "runtime": [
            "1 h 47 min"
        ],
        "release_date": [
            "Jul 08, 2016"
        ]
    },
    {
        "page": "59",
        "movie_name": [
            "Ghostbusters: Afterlife"
        ],
        "runtime": [
            ""
        ],
        "release_date": [
            "Nov 27, 2021"
        ]
    },
    {
        "page": "4",
        "movie_name": [
            "Akira"
        ],
        "runtime": [
            "2 h 04 min"
        ],
        "release_date": [
            "Jun 14, 2019"
        ]
    },
    {
        "page": "5",
        "movie_name": [
            "American Splendor"
        ],
        "runtime": [
            "1 h 41 min"
        ],
        "release_date": [
            "Apr 19, 2016"
        ]
    },
    {
        "page": "60",
        "movie_name": [
            "Glass"
        ],
        "runtime": [
            "2 h 09 min"
        ],
        "release_date": [
            "Jan 25, 2019"
        ]
    },
    {
        "page": "6",
        "movie_name": [
            "Angel Has Fallen"
        ],
        "runtime": [
            "2 h 02 min"
        ],
        "release_date": [
            "Mar 12, 2021"
        ]
    },
    {
        "page": "61",
        "movie_name": [
            "GoldenEye"
        ],
        "runtime": [
            "2 h 10 min"
        ],
        "release_date": [
            "Nov 02, 2012"
        ]
    },
    {
        "page": "62",
        "movie_name": [
            ""
        ],
        "runtime": [],
        "release_date": []
    },
    {
        "page": "63",
        "movie_name": [
            "Hannibal"
        ],
        "runtime": [
            "2 h 11 min"
        ],
        "release_date": [
            "Oct 18, 2011"
        ]
    },
    {
        "page": "64",
        "movie_name": [
            "Hellbound: Hellraiser II"
        ],
        "runtime": [
            "1 h 37 min"
        ],
        "release_date": [
            "Nov 10, 2017"
        ]
    },
    {
        "page": "65",
        "movie_name": [
            "Hellboy: The Crooked Man"
        ],
        "runtime": [
            "1 h 40 min"
        ],
        "release_date": [
            "Oct 22, 2024"
        ]
    },
    {
        "page": "66",
        "movie_name": [
            "Hellraiser: Hellworld"
        ],
        "runtime": [
            "1 h 31 min"
        ],
        "release_date": [
            "Dec 22, 2017"
        ]
    },
    {
        "page": "67",
        "movie_name": [
            "Hellraiser: Inferno"
        ],
        "runtime": [
            "1 h 39 min"
        ],
        "release_date": [
            "Dec 01, 2017"
        ]
    },
    {
        "page": "68",
        "movie_name": [
            "Hobo with a Shotgun"
        ],
        "runtime": [
            "1 h 26 min"
        ],
        "release_date": [
            "Jan 19, 2016"
        ]
    },
    {
        "page": "69",
        "movie_name": [
            "Home Alone 4: Taking Back The House"
        ],
        "runtime": [
            "1 h 24 min"
        ],
        "release_date": [
            "Dec 08, 2023"
        ]
    },
    {
        "page": "7",
        "movie_name": [
            "Ant-Man"
        ],
        "runtime": [
            "1 h 57 min"
        ],
        "release_date": [
            "Jul 25, 2015"
        ]
    },
    {
        "page": "70",
        "movie_name": [
            "Home Alone: The Holiday Heist"
        ],
        "runtime": [
            "1 h 27 min"
        ],
        "release_date": [
            "Dec 15, 2023"
        ]
    },
    {
        "page": "71",
        "movie_name": [
            "Hot Fuzz"
        ],
        "runtime": [
            "2 h 01 min"
        ],
        "release_date": [
            "Aug 23, 2013"
        ]
    },
    {
        "page": "72",
        "movie_name": [
            "Hotel Room"
        ],
        "runtime": [
            ""
        ],
        "release_date": [
            "Apr 04, 2017"
        ]
    },
    {
        "page": "73",
        "movie_name": [
            "House of the Dead"
        ],
        "runtime": [
            "1 h 30 min"
        ],
        "release_date": [
            "Sep 25, 2018"
        ]
    },
    {
        "page": "3",
        "movie_name": [
            "A Nightmare on Elm Street 5: The Dream Child"
        ],
        "runtime": [
            "1 h 29 min"
        ],
        "release_date": [
            "Apr 02, 2010"
        ]
    },
    {
        "page": "74",
        "movie_name": [
            "I Am Legend"
        ],
        "runtime": [
            "1 h 41 min"
        ],
        "release_date": [
            "Oct 04, 2019"
        ]
    },
    {
        "page": "77",
        "movie_name": [
            "Indiana Jones and the Last Crusade"
        ],
        "runtime": [
            "2 h 07 min"
        ],
        "release_date": [
            "May 01, 2015"
        ]
    },
    {
        "page": "75",
        "movie_name": [
            "Inception"
        ],
        "runtime": [
            "2 h 28 min"
        ],
        "release_date": [
            "Jul 18, 2010"
        ]
    },
    {
        "page": "79",
        "movie_name": [
            "Inglourious Basterds"
        ],
        "runtime": [
            "2 h 33 min"
        ],
        "release_date": [
            "Jan 01, 2016"
        ]
    },
    {
        "page": "78",
        "movie_name": [
            "Indiana Jones and the Temple of Doom"
        ],
        "runtime": [
            "1 h 58 min"
        ],
        "release_date": [
            "Apr 24, 2015"
        ]
    },
    {
        "page": "8",
        "movie_name": [
            "Apartment 7A"
        ],
        "runtime": [
            "1 h 44 min"
        ],
        "release_date": [
            "Oct 18, 2024"
        ]
    },
    {
        "page": "80",
        "movie_name": [
            "Insidious: Chapter 2"
        ],
        "runtime": [
            "1 h 46 min"
        ],
        "release_date": [
            "Sep 24, 2013"
        ]
    },
    {
        "page": "81",
        "movie_name": [
            "Iron Man 2"
        ],
        "runtime": [
            "2 h 04 min"
        ],
        "release_date": [
            "Apr 17, 2012"
        ]
    },
    {
        "page": "82",
        "movie_name": [
            "Iron Man 2"
        ],
        "runtime": [
            "2 h 04 min"
        ],
        "release_date": [
            "May 13, 2010"
        ]
    },
    {
        "page": "83",
        "movie_name": [
            "Iron Man"
        ],
        "runtime": [
            "2 h 06 min"
        ],
        "release_date": [
            "Apr 03, 2012"
        ]
    },
    {
        "page": "85",
        "movie_name": [
            "It (2017)"
        ],
        "runtime": [
            "2 h 15 min"
        ],
        "release_date": [
            "Sep 03, 2019"
        ]
    },
    {
        "page": "84",
        "movie_name": [
            "It (1990)"
        ],
        "runtime": [
            "3 h 07 min"
        ],
        "release_date": [
            "Aug 27, 2019"
        ]
    },
    {
        "page": "86",
        "movie_name": [
            "Jason Bourne"
        ],
        "runtime": [
            "2 h 03 min"
        ],
        "release_date": [
            "Aug 02, 2016"
        ]
    },
    {
        "page": "88",
        "movie_name": [
            "Joker: Folie \u00e0 Deux"
        ],
        "runtime": [
            "2 h 18 min"
        ],
        "release_date": [
            "Oct 08, 2024"
        ]
    },
    {
        "page": "87",
        "movie_name": [
            "Jeepers Creepers: Reborn"
        ],
        "runtime": [
            "1 h 28 min"
        ],
        "release_date": [
            "Sep 30, 2022"
        ]
    },
    {
        "page": "76",
        "movie_name": [
            "Independence Day: Resurgence"
        ],
        "runtime": [
            "2 h 00 min"
        ],
        "release_date": [
            "Jul 02, 2016"
        ]
    },
    {
        "page": "89",
        "movie_name": [
            "Jonah Hex"
        ],
        "runtime": [
            "1 h 21 min"
        ],
        "release_date": [
            "Mar 12, 2013"
        ]
    },
    {
        "page": "9",
        "movie_name": [
            "Apt Pupil"
        ],
        "runtime": [
            "1 h 47 min"
        ],
        "release_date": [
            "Aug 23, 2016"
        ]
    },
    {
        "page": "93",
        "movie_name": [
            "Kingsman: The Golden Circle"
        ],
        "runtime": [
            "2 h 21 min"
        ],
        "release_date": [
            "Sep 24, 2017"
        ]
    },
    {
        "page": "94",
        "movie_name": [
            "Kong: Skull Island"
        ],
        "runtime": [
            "1 h 58 min"
        ],
        "release_date": [
            "Mar 03, 2020"
        ]
    },
    {
        "page": "90",
        "movie_name": [
            "Ju-on: The Beginning of the End"
        ],
        "runtime": [
            "1 h 31 min"
        ],
        "release_date": [
            "Jan 03, 2020"
        ]
    },
    {
        "page": "92",
        "movie_name": [
            "King Kong Escapes"
        ],
        "runtime": [
            "1 h 44 min"
        ],
        "release_date": [
            "Jan 14, 2020"
        ]
    },
    {
        "page": "95",
        "movie_name": [
            "Labyrinth"
        ],
        "runtime": [
            "1 h 42 min"
        ],
        "release_date": [
            "Jun 03, 2016"
        ]
    },
    {
        "page": "96",
        "movie_name": [
            "Leprechaun Returns"
        ],
        "runtime": [
            "1 h 32 min"
        ],
        "release_date": [
            "Mar 15, 2019"
        ]
    },
    {
        "page": "97",
        "movie_name": [
            "Licence to Kill"
        ],
        "runtime": [
            "2 h 13 min"
        ],
        "release_date": [
            "Oct 30, 2012"
        ]
    },
    {
        "page": "98",
        "movie_name": [
            "Machete"
        ],
        "runtime": [
            "1 h 45 min"
        ],
        "release_date": [
            "Jan 05, 2016"
        ]
    },
    {
        "page": "99",
        "movie_name": [
            "Manhunter"
        ],
        "runtime": [
            "2 h 02 min"
        ],
        "release_date": [
            "Oct 04, 2011"
        ]
    },
    {
        "page": "91",
        "movie_name": [
            "Jurassic World: Fallen Kingdom"
        ],
        "runtime": [
            "2 h 09 min"
        ],
        "release_date": [
            "Jun 29, 2018"
        ]
    }
]