[
    {
        "page": "0",
        "movie_name": [
            "About a Boy"
        ],
        "director": [
            "Paul Weitz, Chris Weitz"
        ],
        "genre": [
            "Action/Adventure",
            "Drama"
        ],
        "rating": [
            "PG-13"
        ],
        "release_date": [
            
        ]
    },
    {
        "page": "1",
        "movie_name": [
            "The Adventures of Elmo in Grouchland"
        ],
        "director": [
            "Gary Halvorson"
        ],
        "genre": [],
        "rating": [
            "G"
        ],
        "release_date": [
            
        ]
    },
    {
        "page": "10",
        "movie_name": [
            "A Beautiful Mind"
        ],
        "director": [
            "Ron Howard"
        ],
        "genre": [],
        "rating": [
            "PG-13"
        ],
        "release_date": [
            
        ]
    },
    {
        "page": "103",
        "movie_name": [
            "Moonlight"
        ],
        "director": [
            "Barry Jenkins"
        ],
        "genre": [],
        "rating": [
            "R"
        ],
        "release_date": [
            "October 21, 2016",
            "February 28, 2017"
        ]
    },
    {
        "page": "104",
        "movie_name": [
            "Mother Teresa & Me"
        ],
        "director": [
            "Kamal Musale"
        ],
        "genre": [
            "Action/Adventure",
            "Drama",
            "Christian"
        ],
        "rating": [
            "NR"
        ],
        "release_date": [
            "March 5, 2024",
            "October 5, 2023"
        ]
    },
    {
        "page": "101",
        "movie_name": [
            "The Mission"
        ],
        "director": [
            "Amanda McBaine;  Jesse Moss"
        ],
        "genre": [],
        "rating": [
            "PG-13"
        ],
        "release_date": [
            "December 7, 2023",
            "October 13, 2023"
        ]
    },
    {
        "page": "105",
        "movie_name": [
            "Mr. Holmes"
        ],
        "director": [
            "Bill Condon"
        ],
        "genre": [
            "Action/Adventure",
            "Drama"
        ],
        "rating": [
            "PG"
        ],
        "release_date": [
            "November 9, 2015",
            "July 17, 2015"
        ]
    },
    {
        "page": "100",
        "movie_name": [
            "The Ministry of Ungentlemanly Warfare"
        ],
        "director": [
            "Guy Ritchie"
        ],
        "genre": [
            "Action/Adventure",
            "Drama"
        ],
        "rating": [
            "R"
        ],
        "release_date": [
            "May 10, 2024",
            "April 19, 2024"
        ]
    },
    {
        "page": "106",
        "movie_name": [
            "really",
            "My Hero Academia: You\u2019re Next"
        ],
        "director": [
            "Tensai Okamura"
        ],
        "genre": [
            "Animation"
        ],
        "rating": [
            "PG-13"
        ],
        "release_date": [
            
            "October 11, 2024"
        ]
    },
    {
        "page": "107",
        "movie_name": [
            "Dindim",
            "My Penguin Friend"
        ],
        "director": [
            "David Schurmann"
        ],
        "genre": [
            "Action/Adventure",
            "Drama",
            "Kids"
        ],
        "rating": [
            "PG"
        ],
        "release_date": [
            "August 16, 2024",
            "October 1, 2024"
        ]
    },
    {
        "page": "11",
        "movie_name": [
            "Because of Winn-Dixie"
        ],
        "director": [
            "Wayne Wang"
        ],
        "genre": [
            "Drama"
        ],
        "rating": [
            "PG"
        ],
        "release_date": [
            
        ]
    },
    {
        "page": "109",
        "movie_name": [
            "News of the World"
        ],
        "director": [
            "Paul Greengrass"
        ],
        "genre": [
            "Western"
        ],
        "rating": [
            "PG-13"
        ],
        "release_date": [
            "December 25, 2020",
            "January 15, 2021"
        ]
    },
    {
        "page": "102",
        "movie_name": [
            "Monster Summer",
            "witch!"
        ],
        "director": [
            "David Henrie"
        ],
        "genre": [
            "Horror"
        ],
        "rating": [
            "PG-13"
        ],
        "release_date": [
            
            "October 4, 2024"
        ]
    },
    {
        "page": "108",
        "movie_name": [
            "The NeverEnding Story"
        ],
        "director": [
            "Wolfgang Petersen"
        ],
        "genre": [
            "Kids"
        ],
        "rating": [
            "PG"
        ],
        "release_date": [
            "November 5, 1985",
            "July 20, 1984"
        ]
    },
    {
        "page": "113",
        "movie_name": [
            "Oddity"
        ],
        "director": [
            "Damian Mc Carthy"
        ],
        "genre": [
            "Thriller"
        ],
        "rating": [
            "R"
        ],
        "release_date": [
            "July 19, 2024",
            "August 20, 2024"
        ]
    },
    {
        "page": "110",
        "movie_name": [
            "The Nightmare Before Christmas"
        ],
        "director": [
            "Henry Selick"
        ],
        "genre": [
            "Comedy"
        ],
        "rating": [
            "PG"
        ],
        "release_date": [
            "October 15, 1993",
            "September 30, 1994"
        ]
    },
    {
        "page": "114",
        "movie_name": [
            "Old Fashioned"
        ],
        "director": [
            "Rik Swartzwelder"
        ],
        "genre": [
            "Action/Adventure",
            "Drama",
            "Romance"
        ],
        "rating": [
            "PG-13"
        ],
        "release_date": [
            "February 6, 2015",
            "June 16, 2015"
        ]
    },
    {
        "page": "115",
        "movie_name": [
            "One Child Nation"
        ],
        "director": [
            "Nanfu Wang"
        ],
        "genre": [],
        "rating": [
            "R"
        ],
        "release_date": [
            "August 23, 2019"
        ]
    },
    {
        "page": "116",
        "movie_name": [
            "The Outrun",
            "need"
        ],
        "director": [
            "Nora Fingscheidt"
        ],
        "genre": [
            "Action/Adventure",
            "Drama"
        ],
        "rating": [
            "R"
        ],
        "release_date": [
            
            "October 4, 2024"
        ]
    },
    {
        "page": "111",
        "movie_name": [
            "No Hard Feelings"
        ],
        "director": [
            "Gene Stupnitsky"
        ],
        "genre": [],
        "rating": [
            "R"
        ],
        "release_date": [
            "August 15, 2023",
            "June 23, 2023"
        ]
    },
    {
        "page": "117",
        "movie_name": [
            "The Outrun",
            "need"
        ],
        "director": [
            "Nora Fingscheidt"
        ],
        "genre": [
            "Action/Adventure"
        ],
        "rating": [
            "R"
        ],
        "release_date": [
            "November 5, 2024",
            "October 4, 2024"
        ]
    },
    {
        "page": "112",
        "movie_name": [
            "Nope"
        ],
        "director": [
            "Jordan Peele"
        ],
        "genre": [
            "Drama"
        ],
        "rating": [
            "R"
        ],
        "release_date": [
            "July 22, 2022",
            "September 20, 2022"
        ]
    },
    {
        "page": "118",
        "movie_name": [
            "Overcomer"
        ],
        "director": [
            "Alex Kendrick"
        ],
        "genre": [
            "Sports"
        ],
        "rating": [
            "PG"
        ],
        "release_date": [
            "August 23, 2019",
            "November 26, 2019"
        ]
    },
    {
        "page": "12",
        "movie_name": [
            "Beetlejuice Beetlejuice"
        ],
        "director": [
            "Tim Burton"
        ],
        "genre": [
            "Horror"
        ],
        "rating": [
            "PG-13"
        ],
        "release_date": [
            "October 22, 2024",
            "September 6, 2024"
        ]
    },
    {
        "page": "120",
        "movie_name": [
            "Piece by Piece"
        ],
        "director": [
            "Morgan Neville"
        ],
        "genre": [
            "Documentary"
        ],
        "rating": [
            "PG"
        ],
        "release_date": [
            "October 29, 2024",
            "October 11, 2024"
        ]
    },
    {
        "page": "121",
        "movie_name": [
            "The Pilgrim\u2019s Progress (2019)",
            "The Pilgrim\u2019s Progress"
        ],
        "director": [
            "Robert Fernandez"
        ],
        "genre": [],
        "rating": [
            "NR"
        ],
        "release_date": [
            "April 18, 2019",
            "October 15, 2019"
        ]
    },
    {
        "page": "122",
        "movie_name": [
            "Planet 51",
            "Humaniacs III,"
        ],
        "director": [
            "Jorge Blanco, Javier Abad, Marcos Martinez"
        ],
        "genre": [
            "Comedy",
            "Action/Adventure",
            "Drama"
        ],
        "rating": [
            "PG"
        ],
        "release_date": [
            "March 9, 2010",
            "November 20, 2009"
        ]
    },
    {
        "page": "123",
        "movie_name": [
            "The Power of the Dog"
        ],
        "director": [
            "Jane Campion"
        ],
        "genre": [
            "Western"
        ],
        "rating": [
            "R"
        ],
        "release_date": [
            "November 19, 2021"
            
        ]
    },
    {
        "page": "124",
        "movie_name": [
            "almost",
            "Prometheus"
        ],
        "director": [
            "Ridley Scott"
        ],
        "genre": [
            "Drama"
        ],
        "rating": [
            "R"
        ],
        "release_date": [
            "October 9, 2012",
            "June 8, 2012"
        ]
    },
    {
        "page": "119",
        "movie_name": [
            "Phineas and Ferb the Movie: Candace Against the Universe"
        ],
        "director": [
            "Bob Bowen"
        ],
        "genre": [
            "Action/Adventure",
            "Drama",
            "Animation"
        ],
        "rating": [
            "TV-G"
        ],
        "release_date": [
            "August 28, 2020"
            
        ]
    },
    {
        "page": "126",
        "movie_name": [
            "Family Life",
            "any",
            "The Resurrection of Gavin Stone"
        ],
        "director": [
            "Dallas Jenkins"
        ],
        "genre": [
            "Drama"
        ],
        "rating": [
            "PG"
        ],
        "release_date": [
            "January 20, 2017",
            "May 2, 2017"
        ]
    },
    {
        "page": "128",
        "movie_name": [
            "Risen",
            "does"
        ],
        "director": [
            "Kevin Reynolds"
        ],
        "genre": [],
        "rating": [
            "PG-13"
        ],
        "release_date": [
            "February 19, 2016",
            "May 24, 2016"
        ]
    },
    {
        "page": "127",
        "movie_name": [
            "Rise"
        ],
        "director": [
            "Akin Omotoso"
        ],
        "genre": [
            "Drama"
        ],
        "rating": [
            "PG"
        ],
        "release_date": [
            
            "June 24, 2022"
        ]
    },
    {
        "page": "129",
        "movie_name": [
            "Roe v. Wade"
        ],
        "director": [
            "Cathy Allyn, Nick Loeb"
        ],
        "genre": [
            "Drama"
        ],
        "rating": [
            "PG-13"
        ],
        "release_date": [
            "April 2, 2021"
            
        ]
    },
    {
        "page": "13",
        "movie_name": [
            "Between the Temples"
        ],
        "director": [
            "Nathan Silver"
        ],
        "genre": [
            "Action/Adventure",
            "Drama"
        ],
        "rating": [
            "R"
        ],
        "release_date": [
            "October 1, 2024",
            "August 23, 2024"
        ]
    },
    {
        "page": "132",
        "movie_name": [
            "Same Kind of Different as Me"
        ],
        "director": [
            "Michael Carney"
        ],
        "genre": [],
        "rating": [
            "PG-13"
        ],
        "release_date": [
            "October 20, 2017",
            "February 20, 2018"
        ]
    },
    {
        "page": "131",
        "movie_name": [
            "Running the Bases"
        ],
        "director": [
            "Marty Roberts,  Jimmy Womble"
        ],
        "genre": [
            "Drama"
        ],
        "rating": [
            "PG"
        ],
        "release_date": [
            "November 1, 2022",
            "September 16, 2022"
        ]
    },
    {
        "page": "134",
        "movie_name": [
            "The Secret Garden"
        ],
        "director": [
            "Marc Munden"
        ],
        "genre": [
            "Sci-Fi/Fantasy"
        ],
        "rating": [
            "PG"
        ],
        "release_date": [
            
            "August 7, 2020"
        ]
    },
    {
        "page": "133",
        "movie_name": [
            "physically assaulting",
            "Saturday Night"
        ],
        "director": [
            "Jason Reitman"
        ],
        "genre": [
            "Comedy"
        ],
        "rating": [
            "R"
        ],
        "release_date": [
            
            "October 11, 2024"
        ]
    },
    {
        "page": "135",
        "movie_name": [
            "The Shepherd"
        ],
        "director": [
            "Iain Softley"
        ],
        "genre": [
            "Sci-Fi/Fantasy"
        ],
        "rating": [
            "PG"
        ],
        "release_date": [
            "December 1, 2023"
            
        ]
    },
    {
        "page": "136",
        "movie_name": [
            "Sherlock Holmes: A Game of Shadows"
        ],
        "director": [
            "Guy Ritchie"
        ],
        "genre": [
            "Drama"
        ],
        "rating": [
            "PG-13"
        ],
        "release_date": [
            "December 16, 2011",
            "June 12, 2012"
        ]
    },
    {
        "page": "137",
        "movie_name": [
            "She\u2019s All That",
            "her"
        ],
        "director": [
            "Robert Iscove"
        ],
        "genre": [
            "Romance"
        ],
        "rating": [
            "PG-13"
        ],
        "release_date": [
            "January 29, 1999",
            "July 13, 1999"
        ]
    },
    {
        "page": "138",
        "movie_name": [
            "them",
            "will",
            "The Shift"
        ],
        "director": [
            "Brock Heasley"
        ],
        "genre": [
            "Action/Adventure",
            "Drama"
        ],
        "rating": [
            "PG-13"
        ],
        "release_date": [
            "December 1, 2023",
            "February 23, 2024"
        ]
    },
    {
        "page": "139",
        "movie_name": [
            "Slingshot"
        ],
        "director": [
            "Mikael H\u00e5fstr\u00f6m"
        ],
        "genre": [
            "Thriller"
        ],
        "rating": [
            "R"
        ],
        "release_date": [
            "August 30, 2024",
            "September 17, 2024"
        ]
    },
    {
        "page": "130",
        "movie_name": [
            "RRR"
        ],
        "director": [
            "S.S. Rajamouli"
        ],
        "genre": [
            "Comedy"
        ],
        "rating": [
            "PG-13"
        ],
        "release_date": [
            "March 25, 2022"
            
        ]
    },
    {
        "page": "14",
        "movie_name": [
            "The BFG",
            "almost"
        ],
        "director": [
            "Steven Spielberg"
        ],
        "genre": [
            "Drama"
        ],
        "rating": [
            "PG"
        ],
        "release_date": [
            "July 1, 2016",
            "November 29, 2016"
        ]
    },
    {
        "page": "125",
        "movie_name": [
            "Radioactive"
        ],
        "director": [
            "Marjane Satrapi"
        ],
        "genre": [],
        "rating": [],
        "release_date": [
            
            "July 24, 2020"
        ]
    },
    {
        "page": "142",
        "movie_name": [
            "Someone Like You"
        ],
        "director": [
            "Tyler Russell"
        ],
        "genre": [
            "Action/Adventure",
            "Drama"
        ],
        "rating": [
            "PG"
        ],
        "release_date": [
            
            "April 2, 2024"
        ]
    },
    {
        "page": "144",
        "movie_name": [
            "Space Cadet"
        ],
        "director": [
            "Liz W. Garcia"
        ],
        "genre": [],
        "rating": [
            "PG-13"
        ],
        "release_date": [
            "July 4, 2024"
            
        ]
    },
    {
        "page": "140",
        "movie_name": [
            "happy",
            "Smile 2"
        ],
        "director": [
            "Parker Finn"
        ],
        "genre": [
            "Thriller"
        ],
        "rating": [
            "R"
        ],
        "release_date": [
            
            "October 18, 2024"
        ]
    },
    {
        "page": "145",
        "movie_name": [
            "boom",
            "Spider-Man: Into the Spider-Verse"
        ],
        "director": [
            "Bob Persichetti, Rodney Rothman, Peter Ramsey"
        ],
        "genre": [
            "Action/Adventure",
            "Drama",
            "Animation"
        ],
        "rating": [
            "PG"
        ],
        "release_date": [
            "March 19, 2019",
            "December 14, 2018"
        ]
    },
    {
        "page": "147",
        "movie_name": [
            "Demonic Squirrel Targets Candidate!",
            "Spirit Untamed"
        ],
        "director": [
            "Elaine Bogan, Ennio Torresan Jr."
        ],
        "genre": [
            "Animation"
        ],
        "rating": [
            "PG"
        ],
        "release_date": [
            "June 4, 2021",
            "August 17, 2021"
        ]
    },
    {
        "page": "141",
        "movie_name": [
            "Snowden"
        ],
        "director": [
            "Oliver Stone"
        ],
        "genre": [
            "Action/Adventure",
            "Drama"
        ],
        "rating": [
            "R"
        ],
        "release_date": [
            "December 27, 2016",
            "September 16, 2016"
        ]
    },
    {
        "page": "148",
        "movie_name": [
            "love",
            "Spy Kids: Armageddon"
        ],
        "director": [
            "Robert Rodriguez"
        ],
        "genre": [
            "Comedy",
            "Action/Adventure",
            "Drama"
        ],
        "rating": [
            "PG"
        ],
        "release_date": [
            
            "September 22, 2023"
        ]
    },
    {
        "page": "15",
        "movie_name": [
            "The Bikeriders",
            "Everyone wants to be a part of something,"
        ],
        "director": [
            "Jeff Nichols"
        ],
        "genre": [
            "Action/Adventure",
            "Drama"
        ],
        "rating": [
            "R"
        ],
        "release_date": [
            "July 9, 2024",
            "June 21, 2024"
        ]
    },
    {
        "page": "143",
        "movie_name": [
            "Sound of Freedom"
        ],
        "director": [
            "Alejandro Monteverde"
        ],
        "genre": [
            "Action/Adventure",
            "Drama",
            "Christian"
        ],
        "rating": [
            "PG-13"
        ],
        "release_date": [
            "October 3, 2023",
            "July 4, 2023"
        ]
    },
    {
        "page": "146",
        "movie_name": [
            "boom",
            "Spider-Man: Into the Spider-Verse"
        ],
        "director": [
            "Bob Persichetti, Rodney Rothman, Peter Ramsey"
        ],
        "genre": [
            "Animation"
        ],
        "rating": [
            "PG"
        ],
        "release_date": [
            "March 19, 2019",
            "December 14, 2018"
        ]
    },
    {
        "page": "149",
        "movie_name": [
            "Spy x Family Code: White"
        ],
        "director": [
            "Kazuhiro Furuhasi;  Takashi Katagiri"
        ],
        "genre": [
            "Action/Adventure",
            "Drama",
            "Animation"
        ],
        "rating": [
            "PG-13"
        ],
        "release_date": [
            "April 18, 2024",
            "October 22, 2024"
        ]
    },
    {
        "page": "150",
        "movie_name": [
            "The Super Mario Bros. Movie",
            "is",
            "That\u2019s-a theirs!"
        ],
        "director": [
            "Aaron Horvath;  Michael Jelenic"
        ],
        "genre": [
            "Comedy"
        ],
        "rating": [
            "PG"
        ],
        "release_date": [
            "May 16, 2023",
            "April 5, 2023"
        ]
    },
    {
        "page": "151",
        "movie_name": [
            "my",
            "see",
            "Suzume"
        ],
        "director": [
            "Makoto Shinkai"
        ],
        "genre": [
            "Sci-Fi/Fantasy",
            "Action/Adventure",
            "Drama"
        ],
        "rating": [
            "PG"
        ],
        "release_date": [
            "November 16, 2023",
            "April 14, 2023"
        ]
    },
    {
        "page": "154",
        "movie_name": [
            "The Star"
        ],
        "director": [
            "Timothy Reckart"
        ],
        "genre": [
            "Action/Adventure",
            "Drama",
            "Animation"
        ],
        "rating": [
            "PG"
        ],
        "release_date": [
            "November 17, 2017",
            "February 20, 2018"
        ]
    },
    {
        "page": "152",
        "movie_name": [
            "Terrifier 3"
        ],
        "director": [
            "Damien Leone"
        ],
        "genre": [],
        "rating": [
            "NR"
        ],
        "release_date": [
            
            "October 11, 2024"
        ]
    },
    {
        "page": "156",
        "movie_name": [
            "The Young Messiah"
        ],
        "director": [
            "Cyrus Nowrasteh"
        ],
        "genre": [
            "Action/Adventure",
            "Drama"
        ],
        "rating": [
            "PG-13"
        ],
        "release_date": [
            "March 11, 2016",
            "June 14, 2016"
        ]
    },
    {
        "page": "157",
        "movie_name": [
            "Thor: Love and Thunder"
        ],
        "director": [
            "Taika Waititi"
        ],
        "genre": [
            "Comedy",
            "Action/Adventure",
            "Drama"
        ],
        "rating": [
            "PG-13"
        ],
        "release_date": [
            "July 8, 2022",
            "September 8, 2022"
        ]
    },
    {
        "page": "16",
        "movie_name": [
            "Blended"
        ],
        "director": [
            "Frank Coraci"
        ],
        "genre": [
            "Romance"
        ],
        "rating": [
            "PG-13"
        ],
        "release_date": [
            "May 23, 2014",
            "August 26, 2014"
        ]
    },
    {
        "page": "159",
        "movie_name": [
            "life",
            "Till"
        ],
        "director": [
            "Chinonye Chukwu"
        ],
        "genre": [
            "Drama"
        ],
        "rating": [
            "PG-13"
        ],
        "release_date": [
            "November 17, 2022",
            "October 14, 2022"
        ]
    },
    {
        "page": "160",
        "movie_name": [
            "To All the Boys I\u2019ve Loved Before",
            "real"
        ],
        "director": [
            "Susan Johnson"
        ],
        "genre": [],
        "rating": [
            "NR"
        ],
        "release_date": [
            "August 17, 2018"
        ]
    },
    {
        "page": "161",
        "movie_name": [
            "Top Gun: Maverick"
        ],
        "director": [
            "Joseph Kosinski"
        ],
        "genre": [],
        "rating": [
            "PG-13"
        ],
        "release_date": [
            "August 23, 2022",
            "May 24, 2022"
        ]
    },
    {
        "page": "162",
        "movie_name": [
            "Toy Story 4"
        ],
        "director": [
            "Josh Cooley"
        ],
        "genre": [
            "Animation"
        ],
        "rating": [
            "G"
        ],
        "release_date": [
            "June 21, 2019",
            "October 8, 2019"
        ]
    },
    {
        "page": "163",
        "movie_name": [
            "Toy Story"
        ],
        "director": [
            "John Lasseter"
        ],
        "genre": [
            "Animation"
        ],
        "rating": [
            "G"
        ],
        "release_date": [
            
        ]
    },
    {
        "page": "158",
        "movie_name": [
            "The Tiger\u2019s Apprentice"
        ],
        "director": [
            "Raman Hui;  Yong Duk Jhun;  Paul Watling"
        ],
        "genre": [
            "Action/Adventure",
            "Drama",
            "Animation"
        ],
        "rating": [
            "PG"
        ],
        "release_date": [
            "February 2, 2024"
            
        ]
    },
    {
        "page": "166",
        "movie_name": [
            "that",
            "Uglies"
        ],
        "director": [
            "McG"
        ],
        "genre": [
            "Action/Adventure",
            "Drama"
        ],
        "rating": [
            "PG-13"
        ],
        "release_date": [
            "September 13, 2024"
            
        ]
    },
    {
        "page": "167",
        "movie_name": [
            "Unbroken: Path to Redemption"
        ],
        "director": [
            "Harold Cronk"
        ],
        "genre": [
            "War",
            "Action/Adventure",
            "Drama"
        ],
        "rating": [
            "PG-13"
        ],
        "release_date": [
            "September 14, 2018",
            "December 11, 2018"
        ]
    },
    {
        "page": "164",
        "movie_name": [
            "Transcendence"
        ],
        "director": [
            "Wally Pfister"
        ],
        "genre": [
            "Drama"
        ],
        "rating": [
            "PG-13"
        ],
        "release_date": [
            "July 22, 2014",
            "April 18, 2014"
        ]
    },
    {
        "page": "165",
        "movie_name": [
            "Transformers One",
            "transform"
        ],
        "director": [
            "Josh Cooley"
        ],
        "genre": [
            "Action/Adventure",
            "Drama",
            "Animation"
        ],
        "rating": [
            "PG"
        ],
        "release_date": [
            "October 22, 2024",
            "September 20, 2024"
        ]
    },
    {
        "page": "168",
        "movie_name": [
            "Unplanned"
        ],
        "director": [
            "Chuck Konzelman, Cary Solomon"
        ],
        "genre": [
            "Action/Adventure",
            "Drama"
        ],
        "rating": [
            "R"
        ],
        "release_date": [
            "August 13, 2019",
            "March 29, 2019"
        ]
    },
    {
        "page": "169",
        "movie_name": [
            "The Velveteen Rabbit",
            "lonelier"
        ],
        "director": [
            "Jennifer Perrott;  Rick Thiele"
        ],
        "genre": [
            "Action/Adventure",
            "Drama",
            "Kids"
        ],
        "rating": [
            "G"
        ],
        "release_date": [
            
            "November 22, 2023"
        ]
    },
    {
        "page": "17",
        "movie_name": [
            "very",
            "Blink Twice"
        ],
        "director": [
            "Zo\u00eb Kravitz"
        ],
        "genre": [
            "Mystery/Suspense"
        ],
        "rating": [
            "R"
        ],
        "release_date": [
            "August 23, 2024",
            "September 17, 2024"
        ]
    },
    {
        "page": "170",
        "movie_name": [
            "he",
            "Venom: The Last Dance"
        ],
        "director": [
            "Kelly Marcel"
        ],
        "genre": [
            "Drama"
        ],
        "rating": [
            "PG-13"
        ],
        "release_date": [
            
            "October 25, 2024"
        ]
    },
    {
        "page": "173",
        "movie_name": [
            "We Live in Time"
        ],
        "director": [
            "John Crowley"
        ],
        "genre": [
            "Romance"
        ],
        "rating": [
            "R"
        ],
        "release_date": [
            
            "October 18, 2024"
        ]
    },
    {
        "page": "174",
        "movie_name": [
            "A Week Away"
        ],
        "director": [
            "Roman White"
        ],
        "genre": [
            "Comedy"
        ],
        "rating": [
            "PG"
        ],
        "release_date": [
            "March 26, 2021"
            
        ]
    },
    {
        "page": "175",
        "movie_name": [
            "What Rhymes With Reason"
        ],
        "director": [
            "Kyle William Roberts"
        ],
        "genre": [
            "Drama"
        ],
        "rating": [
            "PG-13"
        ],
        "release_date": [
            "February 6, 2024",
            "October 10, 2023"
        ]
    },
    {
        "page": "171",
        "movie_name": [
            "simple",
            "Villains Inc."
        ],
        "director": [
            "Jeremy Warner"
        ],
        "genre": [
            "Sci-Fi/Fantasy",
            "Action/Adventure",
            "Drama"
        ],
        "rating": [
            "PG-13"
        ],
        "release_date": [
            "October 8, 2024",
            "April 19, 2024"
        ]
    },
    {
        "page": "176",
        "movie_name": [
            "It doesn\u2019t matter whether you win or lose, but how you play the game.",
            "When the Game Stands Tall"
        ],
        "director": [
            "Thomas Carter"
        ],
        "genre": [
            "Sports"
        ],
        "rating": [
            "PG"
        ],
        "release_date": [
            "August 22, 2014",
            "December 9, 2014"
        ]
    },
    {
        "page": "177",
        "movie_name": [
            "worse",
            "Where Hope Grows"
        ],
        "director": [
            "Chris Dowling"
        ],
        "genre": [],
        "rating": [
            "PG-13"
        ],
        "release_date": [
            "August 25, 2015",
            "May 15, 2015"
        ]
    },
    {
        "page": "172",
        "movie_name": [
            "We Have a Ghost"
        ],
        "director": [
            "Christopher Landon"
        ],
        "genre": [
            "Comedy"
        ],
        "rating": [
            "PG-13"
        ],
        "release_date": [
            
            "February 24, 2023"
        ]
    },
    {
        "page": "18",
        "movie_name": [
            "Blue\u2019s Big City Adventure"
        ],
        "director": [
            "Matt Stawski"
        ],
        "genre": [
            "Kids"
        ],
        "rating": [
            "TV-Y7"
        ],
        "release_date": [
            
            "November 18, 2022"
        ]
    },
    {
        "page": "180",
        "movie_name": [
            "White Bird"
        ],
        "director": [
            "Marc Forster"
        ],
        "genre": [
            "War"
        ],
        "rating": [
            "PG-13"
        ],
        "release_date": [
            "October 4, 2024",
            "November 1, 2024"
        ]
    },
    {
        "page": "181",
        "movie_name": [
            "Wolfs"
        ],
        "director": [
            "Jon Watts"
        ],
        "genre": [
            "Thriller",
            "Action/Adventure",
            "Drama"
        ],
        "rating": [
            "R"
        ],
        "release_date": [
            "September 27, 2024",
            "September 20, 2024"
        ]
    },
    {
        "page": "19",
        "movie_name": [
            "Bob Marley: One Love"
        ],
        "director": [
            "Reinaldo Marcus Green"
        ],
        "genre": [
            "Drama"
        ],
        "rating": [
            "PG-13"
        ],
        "release_date": [
            "February 14, 2024",
            "March 19, 2024"
        ]
    },
    {
        "page": "179",
        "movie_name": [
            "White Bird"
        ],
        "director": [
            "Marc Forster"
        ],
        "genre": [
            "War"
        ],
        "rating": [
            "PG-13"
        ],
        "release_date": [
            "October 4, 2024",
            "November 1, 2024"
        ]
    },
    {
        "page": "2",
        "movie_name": [
            "American Fiction"
        ],
        "director": [
            "Cord Jefferson"
        ],
        "genre": [
            "Action/Adventure",
            "Drama"
        ],
        "rating": [
            "R"
        ],
        "release_date": [
            "February 6, 2024",
            "December 15, 2023"
        ]
    },
    {
        "page": "20",
        "movie_name": [
            "The Book Thief",
            "only"
        ],
        "director": [
            "Brian Percival"
        ],
        "genre": [
            "War"
        ],
        "rating": [
            "PG-13"
        ],
        "release_date": [
            "March 11, 2014",
            "November 8, 2013"
        ]
    },
    {
        "page": "178",
        "movie_name": [
            "White Bird"
        ],
        "director": [
            "Marc Forster"
        ],
        "genre": [
            "War",
            "Action/Adventure",
            "Drama"
        ],
        "rating": [
            "PG-13"
        ],
        "release_date": [
            
            "October 4, 2024"
        ]
    },
    {
        "page": "22",
        "movie_name": [
            "Brooklyn"
        ],
        "director": [
            "John Crowley"
        ],
        "genre": [],
        "rating": [
            "PG-13"
        ],
        "release_date": [
            "March 15, 2016",
            "November 4, 2015"
        ]
    },
    {
        "page": "23",
        "movie_name": [
            "Candy Cane Lane",
            "expectations"
        ],
        "director": [
            "Reginald Hudlin"
        ],
        "genre": [
            "Sci-Fi/Fantasy",
            "Action/Adventure",
            "Drama"
        ],
        "rating": [
            "PG"
        ],
        "release_date": [
            "December 1, 2023"
            
        ]
    },
    {
        "page": "26",
        "movie_name": [
            "The Case for Christ"
        ],
        "director": [
            "Jon Gunn"
        ],
        "genre": [],
        "rating": [
            "PG"
        ],
        "release_date": [
            "April 7, 2017",
            "August 22, 2017"
        ]
    },
    {
        "page": "25",
        "movie_name": [
            "The Carpenter"
        ],
        "director": [
            "Garrett Batty"
        ],
        "genre": [
            "Christian"
        ],
        "rating": [
            "PG-13"
        ],
        "release_date": [
            
            "November 1, 2024"
        ]
    },
    {
        "page": "27",
        "movie_name": [
            "The Cheetah Girls"
        ],
        "director": [
            "Oz Scott"
        ],
        "genre": [
            "Drama"
        ],
        "rating": [
            "NR"
        ],
        "release_date": [
            
        ]
    },
    {
        "page": "28",
        "movie_name": [
            "Christmas With the Chosen: \u201cThe Messengers\u201d"
        ],
        "director": [
            "Dallas Jenkins, Jacob Schwarz"
        ],
        "genre": [
            "Action/Adventure",
            "Drama"
        ],
        "rating": [
            "NR"
        ],
        "release_date": [
            "December 3, 2021",
            "December 1, 2021"
        ]
    },
    {
        "page": "29",
        "movie_name": [
            "Cinderella (2015)"
        ],
        "director": [
            "Kenneth Branagh"
        ],
        "genre": [],
        "rating": [
            "PG"
        ],
        "release_date": [
            "March 13, 2015",
            "September 15, 2015"
        ]
    },
    {
        "page": "24",
        "movie_name": [
            "Capone"
        ],
        "director": [
            "Josh Trank"
        ],
        "genre": [],
        "rating": [
            "R"
        ],
        "release_date": [
            
            "May 12, 2020"
        ]
    },
    {
        "page": "30",
        "movie_name": [
            "Conclave"
        ],
        "director": [
            "Edward Berger"
        ],
        "genre": [],
        "rating": [
            "PG"
        ],
        "release_date": [
            
            "October 25, 2024"
        ]
    },
    {
        "page": "32",
        "movie_name": [
            "The Conjuring"
        ],
        "director": [
            "James Wan"
        ],
        "genre": [
            "Horror"
        ],
        "rating": [
            "R"
        ],
        "release_date": [
            "October 22, 2013",
            "July 19, 2013"
        ]
    },
    {
        "page": "33",
        "movie_name": [
            "Courageous"
        ],
        "director": [
            "Alex Kendrick"
        ],
        "genre": [],
        "rating": [
            "PG-13"
        ],
        "release_date": [
            "January 17, 2012",
            "September 30, 2011"
        ]
    },
    {
        "page": "34",
        "movie_name": [
            "The Crow (1994)"
        ],
        "director": [
            "Alex Proyas"
        ],
        "genre": [
            "Crime",
            "Action/Adventure",
            "Drama"
        ],
        "rating": [
            "R"
        ],
        "release_date": [
            "June 2, 1995",
            "May 13, 1994"
        ]
    },
    {
        "page": "31",
        "movie_name": [
            "Concrete Cowboy"
        ],
        "director": [
            "Ricky Staub"
        ],
        "genre": [
            "Western"
        ],
        "rating": [
            "R"
        ],
        "release_date": [
            "April 2, 2021"
        ]
    },
    {
        "page": "35",
        "movie_name": [
            "Bang!",
            "The Crow (2024)"
        ],
        "director": [
            "Rupert Sanders"
        ],
        "genre": [
            "Drama"
        ],
        "rating": [
            "R"
        ],
        "release_date": [
            "September 13, 2024",
            "August 23, 2024"
        ]
    },
    {
        "page": "37",
        "movie_name": [
            "The Dark Knight"
        ],
        "director": [
            "Christopher Nolan"
        ],
        "genre": [
            "Drama"
        ],
        "rating": [
            "PG-13"
        ],
        "release_date": [
            "December 9, 2008",
            "July 18, 2008"
        ]
    },
    {
        "page": "38",
        "movie_name": [
            "Dark Waters"
        ],
        "director": [
            "Todd Haynes"
        ],
        "genre": [
            "Action/Adventure",
            "Drama"
        ],
        "rating": [
            "PG-13"
        ],
        "release_date": [
            "March 3, 2020",
            "November 27, 2019"
        ]
    },
    {
        "page": "36",
        "movie_name": [
            "Cry Macho"
        ],
        "director": [
            "Clint Eastwood"
        ],
        "genre": [
            "Thriller"
        ],
        "rating": [
            "PG-13"
        ],
        "release_date": [
            "November 5, 2021",
            "September 17, 2021"
        ]
    },
    {
        "page": "39",
        "movie_name": [
            "Deadpool",
            "change"
        ],
        "director": [
            "Tim Miller"
        ],
        "genre": [
            "Comedy",
            "Action/Adventure",
            "Drama"
        ],
        "rating": [
            "R"
        ],
        "release_date": [
            "February 12, 2016",
            "May 10, 2016"
        ]
    },
    {
        "page": "40",
        "movie_name": [
            "Grinch",
            "Dr. Seuss\u2019 How the Grinch Stole Christmas"
        ],
        "director": [
            "Ron Howard"
        ],
        "genre": [
            "Action/Adventure",
            "Drama",
            "Kids"
        ],
        "rating": [
            "PG"
        ],
        "release_date": [
            
        ]
    },
    {
        "page": "41",
        "movie_name": [
            "nothing",
            "Due Date"
        ],
        "director": [
            "Todd Phillips"
        ],
        "genre": [
            "Action/Adventure",
            "Drama"
        ],
        "rating": [
            "R"
        ],
        "release_date": [
            "February 22, 2011",
            "November 5, 2010"
        ]
    },
    {
        "page": "42",
        "movie_name": [
            "Dumb Money"
        ],
        "director": [
            "Craig Gillespie"
        ],
        "genre": [
            "Drama"
        ],
        "rating": [
            "R"
        ],
        "release_date": [
            "September 15, 2023",
            "November 7, 2023"
        ]
    },
    {
        "page": "43",
        "movie_name": [
            "knows",
            "Dune: Part Two"
        ],
        "director": [
            "Denis Villeneuve"
        ],
        "genre": [
            "Drama"
        ],
        "rating": [
            "PG-13"
        ],
        "release_date": [
            "April 16, 2024",
            "March 1, 2024"
        ]
    },
    {
        "page": "44",
        "movie_name": [
            "I forgive you.",
            "happy",
            "Exhibiting Forgiveness"
        ],
        "director": [
            "Titus Kaphar"
        ],
        "genre": [],
        "rating": [
            "R"
        ],
        "release_date": [
            
            "October 18, 2024"
        ]
    },
    {
        "page": "45",
        "movie_name": [
            "The Exorcist: Believer"
        ],
        "director": [
            "David Gordon Green"
        ],
        "genre": [
            "Action/Adventure",
            "Drama"
        ],
        "rating": [
            "R"
        ],
        "release_date": [
            "October 6, 2023",
            "October 24, 2023"
        ]
    },
    {
        "page": "46",
        "movie_name": [
            "him",
            "Faith of Angels",
            "really"
        ],
        "director": [
            "Garrett Batty"
        ],
        "genre": [
            "Action/Adventure",
            "Drama"
        ],
        "rating": [
            "PG"
        ],
        "release_date": [
            "September 13, 2024"
            
        ]
    },
    {
        "page": "47",
        "movie_name": [
            "Family Pack",
            "Werewolves"
        ],
        "director": [
            "Fran\u00e7ois Uzan"
        ],
        "genre": [
            "Comedy"
        ],
        "rating": [
            "TV-14"
        ],
        "release_date": [
            
            "October 23, 2024"
        ]
    },
    {
        "page": "48",
        "movie_name": [
            "Final Fantasy VII: Advent Children",
            "too"
        ],
        "director": [
            "Tetsuya Nomura;  Takeshi Nozue"
        ],
        "genre": [
            "Action/Adventure",
            "Drama",
            "Animation"
        ],
        "rating": [
            "PG-13"
        ],
        "release_date": [
            "September 14, 2005",
            "April 25, 2006"
        ]
    },
    {
        "page": "49",
        "movie_name": [
            "Finding You",
            "Why this cross? Why her name?"
        ],
        "director": [
            "Brian Baugh"
        ],
        "genre": [
            "Romance"
        ],
        "rating": [
            "PG"
        ],
        "release_date": [
            "May 14, 2021",
            "July 27, 2021"
        ]
    },
    {
        "page": "3",
        "movie_name": [
            "Ant-Man and the Wasp"
        ],
        "director": [
            "Peyton Reed"
        ],
        "genre": [
            "Action/Adventure",
            "Drama"
        ],
        "rating": [
            "PG-13"
        ],
        "release_date": [
            "July 6, 2018",
            "October 16, 2018"
        ]
    },
    {
        "page": "21",
        "movie_name": [
            "Brave"
        ],
        "director": [
            "Mark Andrews, Steve Purcell, Brenda Chapman"
        ],
        "genre": [
            "Animation"
        ],
        "rating": [
            "PG"
        ],
        "release_date": [
            "November 13, 2012",
            "June 22, 2012"
        ]
    },
    {
        "page": "51",
        "movie_name": [
            "Frozen"
        ],
        "director": [
            "Chris Buck, Jennifer Lee"
        ],
        "genre": [
            "Comedy",
            "Action/Adventure",
            "Drama"
        ],
        "rating": [
            "PG"
        ],
        "release_date": [
            "November 27, 2013",
            "March 18, 2014"
        ]
    },
    {
        "page": "50",
        "movie_name": [
            "Fly Me to the Moon"
        ],
        "director": [
            "Greg Berlanti"
        ],
        "genre": [
            "Romance"
        ],
        "rating": [
            "PG-13"
        ],
        "release_date": [
            "July 12, 2024",
            "August 13, 2024"
        ]
    },
    {
        "page": "53",
        "movie_name": [
            "Goodrich"
        ],
        "director": [
            "Hallie Meyers-Shyer"
        ],
        "genre": [
            "Drama"
        ],
        "rating": [
            "R"
        ],
        "release_date": [
            
            "October 18, 2024"
        ]
    },
    {
        "page": "52",
        "movie_name": [
            "Godzilla Minus One"
        ],
        "director": [
            "Takashi Yamazaki"
        ],
        "genre": [
            "Drama"
        ],
        "rating": [
            "PG-13"
        ],
        "release_date": [
            "December 1, 2023",
            "June 4, 2024"
        ]
    },
    {
        "page": "54",
        "movie_name": [
            "Guillermo del Toro\u2019s Pinocchio"
        ],
        "director": [
            "Guillermo del Toro"
        ],
        "genre": [
            "Animation"
        ],
        "rating": [
            "PG"
        ],
        "release_date": [
            "November 11, 2022",
            "December 9, 2022"
        ]
    },
    {
        "page": "55",
        "movie_name": [
            "The Harder They Fall"
        ],
        "director": [
            "Jeymes Samuel"
        ],
        "genre": [
            "Drama"
        ],
        "rating": [
            "R"
        ],
        "release_date": [
            "October 22, 2021",
            "November 3, 2021"
        ]
    },
    {
        "page": "57",
        "movie_name": [
            "Here"
        ],
        "director": [
            "Robert Zemeckis"
        ],
        "genre": [],
        "rating": [
            "PG-13"
        ],
        "release_date": [
            
            "November 1, 2024"
        ]
    },
    {
        "page": "5",
        "movie_name": [
            "Avengers: Age of Ultron"
        ],
        "director": [
            "Joss Whedon"
        ],
        "genre": [
            "Drama"
        ],
        "rating": [
            "PG-13"
        ],
        "release_date": [
            "May 1, 2015",
            "October 2, 2015"
        ]
    },
    {
        "page": "58",
        "movie_name": [
            "right",
            "A Hidden Life"
        ],
        "director": [
            "Terrence Malick"
        ],
        "genre": [
            "War"
        ],
        "rating": [
            "PG-13"
        ],
        "release_date": [
            "March 17, 2020",
            "December 13, 2019"
        ]
    },
    {
        "page": "6",
        "movie_name": [
            "Avengers: Endgame",
            "For you are dust, and to dust you shall return."
        ],
        "director": [
            "Anthony Russo, Joe Russo"
        ],
        "genre": [
            "Sci-Fi/Fantasy",
            "Action/Adventure",
            "Drama"
        ],
        "rating": [
            "PG-13"
        ],
        "release_date": [
            "August 13, 2019",
            "April 26, 2019"
        ]
    },
    {
        "page": "56",
        "movie_name": [
            "Heaven Sent",
            "adored"
        ],
        "director": [
            "Joanne Hock"
        ],
        "genre": [
            "Comedy"
        ],
        "rating": [
            "NR"
        ],
        "release_date": [
            
            "February 3, 2023"
        ]
    },
    {
        "page": "4",
        "movie_name": [
            "TMZ",
            "Apollo 18"
        ],
        "director": [
            "Gonzalo L\u00f3pez-Gallego"
        ],
        "genre": [
            "Mystery/Suspense"
        ],
        "rating": [
            "PG-13"
        ],
        "release_date": [
            "December 27, 2011",
            "September 2, 2011"
        ]
    },
    {
        "page": "62",
        "movie_name": [
            "Hollywood Stargirl"
        ],
        "director": [
            "Julia Hart"
        ],
        "genre": [
            "Musical"
        ],
        "rating": [
            "PG"
        ],
        "release_date": [
            
            "June 3, 2022"
        ]
    },
    {
        "page": "63",
        "movie_name": [
            "How to Lose a Guy in 10 Days",
            "everywhere"
        ],
        "director": [
            "Donald Petrie"
        ],
        "genre": [
            "Action/Adventure",
            "Drama",
            "Romance"
        ],
        "rating": [
            "PG-13"
        ],
        "release_date": [
            
        ]
    },
    {
        "page": "64",
        "movie_name": [
            "I Saw the TV Glow",
            "The Pink Opaque,"
        ],
        "director": [
            "Jane Schoenbrun"
        ],
        "genre": [
            "Horror"
        ],
        "rating": [
            "PG-13"
        ],
        "release_date": [
            "June 14, 2024",
            "May 17, 2024"
        ]
    },
    {
        "page": "65",
        "movie_name": [
            "I Am David",
            "life"
        ],
        "director": [
            "Paul Feig"
        ],
        "genre": [
            "Action/Adventure",
            "Drama"
        ],
        "rating": [
            "PG"
        ],
        "release_date": [
            
        ]
    },
    {
        "page": "66",
        "movie_name": [
            "The Idea of You"
        ],
        "director": [
            "Michael Showalter"
        ],
        "genre": [
            "Action/Adventure",
            "Drama",
            "Romance"
        ],
        "rating": [
            "R"
        ],
        "release_date": [
            
            "May 2, 2024"
        ]
    },
    {
        "page": "67",
        "movie_name": [
            "I Love You, Man"
        ],
        "director": [
            "John Hamburg"
        ],
        "genre": [
            "Action/Adventure",
            "Drama"
        ],
        "rating": [
            "R"
        ],
        "release_date": [
            
        ]
    },
    {
        "page": "68",
        "movie_name": [
            "The Incredibles"
        ],
        "director": [
            "Brad Bird"
        ],
        "genre": [
            "Animation"
        ],
        "rating": [
            "PG"
        ],
        "release_date": [
            
        ]
    },
    {
        "page": "69",
        "movie_name": [
            "this",
            "just great",
            "Inside Out 2"
        ],
        "director": [
            "Kelsey Mann"
        ],
        "genre": [
            "Action/Adventure",
            "Drama",
            "Animation"
        ],
        "rating": [
            "PG"
        ],
        "release_date": [
            "June 14, 2024",
            "August 20, 2024"
        ]
    },
    {
        "page": "59",
        "movie_name": [
            "High School",
            "High School Musical"
        ],
        "director": [
            "Kenny Ortega"
        ],
        "genre": [
            "Action/Adventure",
            "Drama"
        ],
        "rating": [
            "NR"
        ],
        "release_date": [
            
        ]
    },
    {
        "page": "60",
        "movie_name": [
            "Hitpig!",
            "after"
        ],
        "director": [
            "Cinzia Angelini;  David Feiss"
        ],
        "genre": [
            "Animation"
        ],
        "rating": [
            "PG"
        ],
        "release_date": [
            
            "November 1, 2024"
        ]
    },
    {
        "page": "70",
        "movie_name": [
            "could",
            "The Iron Giant"
        ],
        "director": [
            "Brad Bird"
        ],
        "genre": [
            "Action/Adventure",
            "Drama",
            "Animation"
        ],
        "rating": [
            "PG"
        ],
        "release_date": [
            
        ]
    },
    {
        "page": "71",
        "movie_name": [
            "It\u2019s What\u2019s Inside"
        ],
        "director": [
            "Greg Jardin"
        ],
        "genre": [
            "Mystery/Suspense"
        ],
        "rating": [
            "R"
        ],
        "release_date": [
            
            "October 4, 2024"
        ]
    },
    {
        "page": "72",
        "movie_name": [
            "Janet Planet"
        ],
        "director": [
            "Annie Baker"
        ],
        "genre": [
            "Drama"
        ],
        "rating": [
            "PG-13"
        ],
        "release_date": [
            "June 28, 2024",
            "July 30, 2024"
        ]
    },
    {
        "page": "73",
        "movie_name": [
            "Jesus Revolution"
        ],
        "director": [
            "Jon Erwin; Brent McCorkle"
        ],
        "genre": [
            "Action/Adventure",
            "Drama",
            "Christian"
        ],
        "rating": [
            "PG-13"
        ],
        "release_date": [
            "April 10, 2023",
            "February 24, 2023"
        ]
    },
    {
        "page": "74",
        "movie_name": [
            "want",
            "Jingle Jangle: A Christmas Journey"
        ],
        "director": [
            "David E. Talbert"
        ],
        "genre": [
            "Musical",
            "Action/Adventure",
            "Drama"
        ],
        "rating": [
            "PG"
        ],
        "release_date": [
            "November 13, 2020"
            
        ]
    },
    {
        "page": "75",
        "movie_name": [
            "Joker: Folie \u00c0 Deux",
            "feels"
        ],
        "director": [
            "Todd Phillips"
        ],
        "genre": [
            "Drama"
        ],
        "rating": [
            "R"
        ],
        "release_date": [
            
            "October 4, 2024"
        ]
    },
    {
        "page": "77",
        "movie_name": [
            "Joseph: King of Dreams"
        ],
        "director": [
            "Rob LaDuca, Robert C. Ramirez"
        ],
        "genre": [
            "Drama"
        ],
        "rating": [
            "NR"
        ],
        "release_date": [
            
        ]
    },
    {
        "page": "78",
        "movie_name": [
            "Joy"
        ],
        "director": [
            "David O. Russell"
        ],
        "genre": [
            "Drama"
        ],
        "rating": [
            "PG-13"
        ],
        "release_date": [
            "December 25, 2015",
            "May 3, 2016"
        ]
    },
    {
        "page": "79",
        "movie_name": [
            "The Jungle Book (1967)"
        ],
        "director": [
            "Wolfgang Reitherman"
        ],
        "genre": [
            "Animation"
        ],
        "rating": [
            "G"
        ],
        "release_date": [
            "May 3, 1991",
            "October 18, 1967"
        ]
    },
    {
        "page": "8",
        "movie_name": [
            "Average Joe"
        ],
        "director": [
            "Harold Cronk"
        ],
        "genre": [
            "Christian"
        ],
        "rating": [
            "PG-13"
        ],
        "release_date": [
            
            "October 10, 2024"
        ]
    },
    {
        "page": "61",
        "movie_name": [
            "Hold Your Breath"
        ],
        "director": [
            "Karrie Crouse;  William Joines"
        ],
        "genre": [
            "Horror"
        ],
        "rating": [
            "R"
        ],
        "release_date": [
            
            "October 3, 2024"
        ]
    },
    {
        "page": "81",
        "movie_name": [
            "La La Land"
        ],
        "director": [
            "Damien Chazelle"
        ],
        "genre": [
            "Drama"
        ],
        "rating": [
            "PG-13"
        ],
        "release_date": [
            "December 9, 2016",
            "April 25, 2017"
        ]
    },
    {
        "page": "80",
        "movie_name": [
            "King Kong"
        ],
        "director": [
            "Peter Jackson"
        ],
        "genre": [
            "Drama"
        ],
        "rating": [
            "PG-13"
        ],
        "release_date": [
            
        ]
    },
    {
        "page": "7",
        "movie_name": [
            "Average Joe"
        ],
        "director": [
            "Harold Cronk"
        ],
        "genre": [
            "Christian"
        ],
        "rating": [
            "PG-13"
        ],
        "release_date": [
            
            "October 10, 2024"
        ]
    },
    {
        "page": "82",
        "movie_name": [
            "Last Days in the Desert"
        ],
        "director": [
            "Rodrigo Garc\u00eda"
        ],
        "genre": [
            "Action/Adventure",
            "Drama"
        ],
        "rating": [
            "PG-13"
        ],
        "release_date": [
            "August 2, 2016",
            "May 13, 2016"
        ]
    },
    {
        "page": "83",
        "movie_name": [
            "Lawrence of Arabia"
        ],
        "director": [
            "David Lean"
        ],
        "genre": [
            "Biography/History"
        ],
        "rating": [
            "PG"
        ],
        "release_date": [
            "May 20, 1992",
            "December 10, 1962"
        ]
    },
    {
        "page": "85",
        "movie_name": [
            "Legend of the Guardians: The Owls of Ga\u2019Hoole"
        ],
        "director": [
            "Zack Snyder"
        ],
        "genre": [
            "Animation"
        ],
        "rating": [
            "PG"
        ],
        "release_date": [
            "September 24, 2010",
            "December 17, 2010"
        ]
    },
    {
        "page": "86",
        "movie_name": [
            "Lifemark"
        ],
        "director": [
            "Kevin Peeples"
        ],
        "genre": [
            "Action/Adventure",
            "Drama",
            "Christian"
        ],
        "rating": [
            "PG-13"
        ],
        "release_date": [
            "September 9, 2022",
            "November 22, 2022"
        ]
    },
    {
        "page": "87",
        "movie_name": [
            "Limitless"
        ],
        "director": [
            "Neil Burger"
        ],
        "genre": [
            "Action/Adventure",
            "Drama"
        ],
        "rating": [
            "PG-13"
        ],
        "release_date": [
            "March 18, 2011",
            "July 19, 2011"
        ]
    },
    {
        "page": "88",
        "movie_name": [
            "Look Both Ways"
        ],
        "director": [
            "Wanuri Kahiu"
        ],
        "genre": [
            "Drama"
        ],
        "rating": [
            "PG-13"
        ],
        "release_date": [
            
            "August 17, 2022"
        ]
    },
    {
        "page": "76",
        "movie_name": [
            "I",
            "VeggieTales",
            "Jonah: A VeggieTales Movie"
        ],
        "director": [
            "Phil Vischer|Mike Nawrocki"
        ],
        "genre": [
            "Comedy"
        ],
        "rating": [
            "G"
        ],
        "release_date": [
            
        ]
    },
    {
        "page": "89",
        "movie_name": [
            "Lost on a Mountain in Maine"
        ],
        "director": [
            "Andrew Boodhoo Kightlinger"
        ],
        "genre": [],
        "rating": [
            "PG"
        ],
        "release_date": [
            
            "November 1, 2024"
        ]
    },
    {
        "page": "84",
        "movie_name": [
            "The Legend of Tarzan"
        ],
        "director": [
            "David Yates"
        ],
        "genre": [
            "Drama"
        ],
        "rating": [
            "PG-13"
        ],
        "release_date": [
            "July 1, 2016",
            "October 11, 2016"
        ]
    },
    {
        "page": "9",
        "movie_name": [
            "The Bad Guys",
            "dastardly"
        ],
        "director": [
            "Pierre Perifel"
        ],
        "genre": [
            "Animation"
        ],
        "rating": [
            "PG"
        ],
        "release_date": [
            "April 22, 2022",
            "May 12, 2022"
        ]
    },
    {
        "page": "91",
        "movie_name": [
            "Lyle, Lyle, Crocodile",
            "exactly"
        ],
        "director": [
            "Josh Gordon; Will Speck"
        ],
        "genre": [
            "Kids"
        ],
        "rating": [
            "PG"
        ],
        "release_date": [
            "October 7, 2022",
            "November 22, 2022"
        ]
    },
    {
        "page": "93",
        "movie_name": [
            "The Magic Flute"
        ],
        "director": [
            "Florian Sigl"
        ],
        "genre": [
            "Action/Adventure",
            "Drama"
        ],
        "rating": [
            "PG"
        ],
        "release_date": [
            "March 10, 2023",
            "May 16, 2023"
        ]
    },
    {
        "page": "94",
        "movie_name": [
            "Man of Steel"
        ],
        "director": [
            "Zack Snyder"
        ],
        "genre": [
            "Drama"
        ],
        "rating": [
            "PG-13"
        ],
        "release_date": [
            "June 14, 2013",
            "November 12, 2013"
        ]
    },
    {
        "page": "95",
        "movie_name": [
            "Marcel the Shell With Shoes On"
        ],
        "director": [
            "Dean Fleischer-Camp"
        ],
        "genre": [
            "Comedy"
        ],
        "rating": [
            "PG"
        ],
        "release_date": [
            "July 8, 2022",
            "September 5, 2022"
        ]
    },
    {
        "page": "96",
        "movie_name": [
            "Marriage Story",
            "For better or worse, we say. For richer or poorer. \u2019Til death do us part."
        ],
        "director": [
            "Noah Baumbach"
        ],
        "genre": [],
        "rating": [
            "R"
        ],
        "release_date": [
            "November 6, 2019",
            "December 6, 2019"
        ]
    },
    {
        "page": "90",
        "movie_name": [
            "Luther"
        ],
        "director": [
            "Eric Till"
        ],
        "genre": [],
        "rating": [
            "PG-13"
        ],
        "release_date": [
            
        ]
    },
    {
        "page": "92",
        "movie_name": [
            "M3GAN"
        ],
        "director": [
            "Gerard Johnstone"
        ],
        "genre": [
            "Sci-Fi/Fantasy",
            "Action/Adventure",
            "Drama"
        ],
        "rating": [
            "PG-13"
        ],
        "release_date": [
            "January 6, 2023",
            "January 24, 2023"
        ]
    },
    {
        "page": "97",
        "movie_name": [
            "The Marvels"
        ],
        "director": [
            "Nia DaCosta"
        ],
        "genre": [
            "Action/Adventure",
            "Drama"
        ],
        "rating": [
            "PG-13"
        ],
        "release_date": [
            "November 10, 2023",
            "January 16, 2024"
        ]
    },
    {
        "page": "98",
        "movie_name": [
            "Megalopolis"
        ],
        "director": [
            "Francis Ford Coppola"
        ],
        "genre": [
            "Sci-Fi/Fantasy"
        ],
        "rating": [
            "R"
        ],
        "release_date": [
            
            "September 27, 2024"
        ]
    },
    {
        "page": "153",
        "movie_name": [
            "The Letters"
        ],
        "director": [
            "William Riead"
        ],
        "genre": [],
        "rating": [
            "PG"
        ],
        "release_date": [
            "March 22, 2016",
            "December 4, 2015"
        ]
    },
    {
        "page": "155",
        "movie_name": [
            "The Star"
        ],
        "director": [
            "Timothy Reckart"
        ],
        "genre": [
            "Animation"
        ],
        "rating": [
            "PG"
        ],
        "release_date": [
            "November 17, 2017",
            "February 20, 2018"
        ]
    }
]