[
    {
        "page": "0",
        "movie_name": [
            "100 Yards"
        ],
        "release_date": [
            "November 8, 2024"
        ],
        "runtime": [
            "1 hr 48 min"
        ],
        "rating": [
            "PG-13"
        ],
        "director": [
            "Junfeng Xu",
            "Xu Haofeng"
        ],
        "screenwriter": [
            "Xu Haofeng",
            "Jacky Heung"
        ],
        "producer": [
            "Jacky Heung",
            "Dan Shao"
        ]
    },
    {
        "page": "102",
        "movie_name": [
            "Ghostbusters: Frozen Empire"
        ],
        "release_date": [
            "March 22, 2024"
        ],
        "runtime": [
            "1 hr 55 min"
        ],
        "rating": [
            "PG-13"
        ],
        "director": [
            "Gil Kenan",
            "Dan Aykroyd",
            "Paul Rudd"
        ],
        "screenwriter": [
            "Ernie Hudson",
            "Gil Kenan",
            "Dan Aykroyd",
            "Carrie Coon"
        ],
        "producer": [
            "Ernie Hudson",
            "Carrie Coon",
            "Annie Potts"
        ]
    },
    {
        "page": "101",
        "movie_name": [],
        "release_date": [],
        "runtime": [],
        "rating": [],
        "director": [],
        "screenwriter": [],
        "producer": []
    },
    {
        "page": "100",
        "movie_name": [
            "Ghostbusters: Afterlife"
        ],
        "release_date": [
            "November 19, 2021"
        ],
        "runtime": [
            "2 hr 4 min"
        ],
        "rating": [
            "PG-13"
        ],
        "director": [
            "Sigourney Weaver",
            "Carrie Coon",
            "Jason Reitman"
        ],
        "screenwriter": [
            "Sigourney Weaver",
            "Bokeem Woodbine",
            "Jason Reitman",
            "Finn Wolfhard"
        ],
        "producer": [
            "Finn Wolfhard",
            "Bokeem Woodbine",
            "Logan Kim"
        ]
    },
    {
        "page": "1",
        "movie_name": [
            "1946: The Mistranslation That Shifted Culture"
        ],
        "release_date": [],
        "runtime": [],
        "rating": [],
        "director": [
            "Daniel G. Karslake",
            "Sharon Roggio",
            "Cheryl Anderson"
        ],
        "screenwriter": [
            "Daniel G. Karslake",
            "Sabrina Merage Naim",
            "Sharon Roggio",
            "Kathy Baldock"
        ],
        "producer": [
            "Sabrina Merage Naim",
            "Teresa Silver",
            "Kathy Baldock"
        ]
    },
    {
        "page": "106",
        "movie_name": [
            "Goodrich"
        ],
        "release_date": [
            "October 18, 2024"
        ],
        "runtime": [
            "1 hr 51 min"
        ],
        "rating": [
            "R"
        ],
        "director": [
            "Michael Urie",
            "Hallie Meyers-Shyer",
            "Michael Keaton"
        ],
        "screenwriter": [
            "Michael Urie",
            "Hallie Meyers-Shyer",
            "Mila Kunis",
            "Danny Deferrari"
        ],
        "producer": [
            "Hallie Meyers-Shyer",
            "Mila Kunis",
            "Danny Deferrari"
        ]
    },
    {
        "page": "107",
        "movie_name": [
            "Haikyu!! The Dumpster Battle"
        ],
        "release_date": [
            "May 31, 2024"
        ],
        "runtime": [
            "1 hr 25 min"
        ],
        "rating": [
            "PG-13"
        ],
        "director": [
            "Susumu Mitsunaka",
            "Ayumu Murase"
        ],
        "screenwriter": [
            "Susumu Mitsunaka",
            "Kaito Ishikawa"
        ],
        "producer": [
            "Kaito Ishikawa"
        ]
    },
    {
        "page": "113",
        "movie_name": [
            "He Never Left"
        ],
        "release_date": [],
        "runtime": [
            "1 hr 29 min"
        ],
        "rating": [],
        "director": [
            "Michael Ballif",
            "James Morris",
            "Colin Cunningham"
        ],
        "screenwriter": [
            "Michael Ballif",
            "James Morris",
            "James Cox"
        ],
        "producer": [
            "James Morris",
            "James Cox",
            "Josh Harrington"
        ]
    },
    {
        "page": "114",
        "movie_name": [
            "Here"
        ],
        "release_date": [
            "November 1, 2024"
        ],
        "runtime": [
            "1 hr 44 min"
        ],
        "rating": [
            "PG-13"
        ],
        "director": [
            "Robert Zemeckis",
            "Tom Hanks"
        ],
        "screenwriter": [
            "Robert Zemeckis",
            "Robin Wright"
        ],
        "producer": [
            "Robin Wright",
            "Derek Hogue",
            "Robert Zemeckis"
        ]
    },
    {
        "page": "116",
        "movie_name": [
            "Heretic"
        ],
        "release_date": [
            "November 8, 2024"
        ],
        "runtime": [
            "1 hr 51 min"
        ],
        "rating": [
            "R"
        ],
        "director": [
            "Anesha Bailey",
            "Bryan Woods",
            "Scott Beck"
        ],
        "screenwriter": [
            "Anesha Bailey",
            "Scott Beck",
            "Hugh Grant"
        ],
        "producer": [
            "Bryan Woods",
            "Scott Beck",
            "Hugh Grant"
        ]
    },
    {
        "page": "118",
        "movie_name": [],
        "release_date": [],
        "runtime": [],
        "rating": [],
        "director": [],
        "screenwriter": [],
        "producer": []
    },
    {
        "page": "119",
        "movie_name": [
            "HITPIG!"
        ],
        "release_date": [
            "November 1, 2024"
        ],
        "runtime": [
            "1 hr 26 min"
        ],
        "rating": [
            "PG"
        ],
        "director": [
            "Anitta",
            "Cinzia Angelini",
            "David Feiss"
        ],
        "screenwriter": [
            "Lilly Singh",
            "Anitta",
            "Jason Sudeikis",
            "David Feiss"
        ],
        "producer": [
            "Lilly Singh",
            "Jason Sudeikis",
            "Charlie Adler"
        ]
    },
    {
        "page": "108",
        "movie_name": [
            "Hail Satan?"
        ],
        "release_date": [
            "April 19, 2019"
        ],
        "runtime": [
            "1 hr 35 min"
        ],
        "rating": [
            "R"
        ],
        "director": [
            "Kym LaRoux",
            "Michael Wiener",
            "Penny Lane"
        ],
        "screenwriter": [
            "Aaron Wickenden",
            "Kym LaRoux",
            "Lucien Greaves",
            "Penny Lane"
        ],
        "producer": [
            "Lucien Greaves",
            "Jack Matirko",
            "Aaron Wickenden"
        ]
    },
    {
        "page": "120",
        "movie_name": [
            "Hocus Pocus"
        ],
        "release_date": [
            "July 16, 1993"
        ],
        "runtime": [
            "1 hr 35 min"
        ],
        "rating": [
            "PG"
        ],
        "director": [
            "Bette Midler",
            "Kenny Ortega",
            "Stephanie Faracy"
        ],
        "screenwriter": [
            "Charles Rocket",
            "Sarah Jessica Parker",
            "Kenny Ortega",
            "Stephanie Faracy"
        ],
        "producer": [
            "David Kirschner",
            "Sarah Jessica Parker",
            "Charles Rocket"
        ]
    },
    {
        "page": "128",
        "movie_name": [
            "Hunt Club"
        ],
        "release_date": [],
        "runtime": [
            "1 hr 20 min"
        ],
        "rating": [],
        "director": [
            "Mena Suvari",
            "Elizabeth Blake-Thomas",
            "John Saunders"
        ],
        "screenwriter": [
            "Maya Stojan",
            "Elizabeth Blake-Thomas",
            "John Saunders",
            "Robert A. Daly Jr."
        ],
        "producer": [
            "Maya Stojan",
            "Mark L. Lester",
            "Robert A. Daly Jr."
        ]
    },
    {
        "page": "11",
        "movie_name": [
            "A Still Small Voice"
        ],
        "release_date": [
            "November 24, 2023"
        ],
        "runtime": [
            "1 hr 33 min"
        ],
        "rating": [],
        "director": [
            "Margaret 'Mati' Engel",
            "Luke Lorentzen"
        ],
        "screenwriter": [
            "Luke Lorentzen"
        ],
        "producer": [
            "Luke Lorentzen"
        ]
    },
    {
        "page": "13",
        "movie_name": [
            "Absolution"
        ],
        "release_date": [
            "November 1, 2024"
        ],
        "runtime": [
            "1 hr 52 min"
        ],
        "rating": [
            "R"
        ],
        "director": [
            "Hans Petter Moland",
            "Deanna Tarraza",
            "Liam Neeson"
        ],
        "screenwriter": [
            "Hans Petter Moland",
            "Ron Perlman",
            "Deanna Tarraza",
            "William Xifaras"
        ],
        "producer": [
            "Levon Panek",
            "Ron Perlman",
            "William Xifaras"
        ]
    },
    {
        "page": "129",
        "movie_name": [
            "I Saw the TV Glow"
        ],
        "release_date": [
            "May 17, 2024"
        ],
        "runtime": [
            "1 hr 40 min"
        ],
        "rating": [
            "PG-13"
        ],
        "director": [
            "Jane Schoenbrun",
            "Justice Jesse Smith"
        ],
        "screenwriter": [
            "Emma Stone",
            "Brigette Lundy-Paine",
            "Jane Schoenbrun"
        ],
        "producer": [
            "Emma Stone",
            "Brigette Lundy-Paine",
            "Dave McCary"
        ]
    },
    {
        "page": "12",
        "movie_name": [
            "A Sudden Case of Christmas"
        ],
        "release_date": [
            "November 8, 2024"
        ],
        "runtime": [
            "1 hr 31 min"
        ],
        "rating": [],
        "director": [
            "Danny DeVito",
            "Denis Conway",
            "Peter Chelsom"
        ],
        "screenwriter": [
            "Denis Conway",
            "Andie MacDowell",
            "Antonella Rose",
            "Peter Chelsom"
        ],
        "producer": [
            "Andie MacDowell",
            "Antonella Rose",
            "Peter Chelsom"
        ]
    },
    {
        "page": "111",
        "movie_name": [],
        "release_date": [],
        "runtime": [],
        "rating": [],
        "director": [],
        "screenwriter": [],
        "producer": []
    },
    {
        "page": "131",
        "movie_name": [
            "I Will Never Leave You Alone"
        ],
        "release_date": [
            "October 18, 2024"
        ],
        "runtime": [
            "1 hr 35 min"
        ],
        "rating": [],
        "director": [
            "D.W. Medoff",
            "Kenneth Trujillo"
        ],
        "screenwriter": [
            "Katerina Eichenberger",
            "D.W. Medoff"
        ],
        "producer": [
            "Katerina Eichenberger"
        ]
    },
    {
        "page": "133",
        "movie_name": [
            "In Fidelity"
        ],
        "release_date": [
            "November 5, 2024"
        ],
        "runtime": [
            "1 hr 28 min"
        ],
        "rating": [],
        "director": [
            "Chris Parnell",
            "Rob Margolies"
        ],
        "screenwriter": [
            "Cara Buono",
            "Rob Margolies"
        ],
        "producer": [
            "Cara Buono"
        ]
    },
    {
        "page": "134",
        "movie_name": [],
        "release_date": [],
        "runtime": [],
        "rating": [],
        "director": [],
        "screenwriter": [],
        "producer": []
    },
    {
        "page": "136",
        "movie_name": [
            "Insane Like Me?"
        ],
        "release_date": [
            "June 4, 2024"
        ],
        "runtime": [
            "1 hr 26 min"
        ],
        "rating": [],
        "director": [
            "Britt Bankhead",
            "John Joslin",
            "River Perkins"
        ],
        "screenwriter": [
            "Britt Bankhead",
            "John Joslin",
            "River Perkins",
            "Eric Roberts"
        ],
        "producer": [
            "Chip Joslin",
            "Eric Roberts",
            "Britt Bankhead"
        ]
    },
    {
        "page": "139",
        "movie_name": [
            "It Ends With Us"
        ],
        "release_date": [
            "August 9, 2024"
        ],
        "runtime": [
            "2 hr 10 min"
        ],
        "rating": [
            "PG-13"
        ],
        "director": [
            "Blake Lively",
            "Justin Baldoni"
        ],
        "screenwriter": [
            "Christy Hall",
            "Blake Lively",
            "Justin Baldoni"
        ],
        "producer": [
            "Steve Sarowitz",
            "Justin Baldoni",
            "Christy Hall"
        ]
    },
    {
        "page": "140",
        "movie_name": [
            "Indigo Girls: It's Only Life After All"
        ],
        "release_date": [
            "April 10, 2024"
        ],
        "runtime": [
            "2 hr 3 min"
        ],
        "rating": [],
        "director": [
            "Alexandria Bombach",
            "Meadow Fund",
            "Amy Ray"
        ],
        "screenwriter": [
            "Alexandria Bombach",
            "Meadow Fund",
            "Adam Lewis",
            "Jess Devaney"
        ],
        "producer": [
            "Melony Lewis",
            "Adam Lewis",
            "Jess Devaney"
        ]
    },
    {
        "page": "141",
        "movie_name": [
            "IU CONCERT: The Golden Hour"
        ],
        "release_date": [
            "September 28, 2023"
        ],
        "runtime": [
            "1 hr 57 min"
        ],
        "rating": [],
        "director": [
            "IU"
        ],
        "screenwriter": [
            "IU"
        ],
        "producer": []
    },
    {
        "page": "143",
        "movie_name": [
            "John Wick: Chapter 4"
        ],
        "release_date": [
            "March 24, 2023"
        ],
        "runtime": [
            "2 hr 49 min"
        ],
        "rating": [
            "R"
        ],
        "director": [
            "Keanu Reeves",
            "Chad Stahelski",
            "Ian McShane"
        ],
        "screenwriter": [
            "Marko Zaror",
            "Donnie Yen Ji-Dan",
            "Chad Stahelski",
            "Ian McShane"
        ],
        "producer": [
            "Marko Zaror",
            "Donnie Yen Ji-Dan",
            "Natalia Tena"
        ]
    },
    {
        "page": "135",
        "movie_name": [
            "India's Most Wanted"
        ],
        "release_date": [
            "May 24, 2019"
        ],
        "runtime": [
            "2 hr 4 min"
        ],
        "rating": [],
        "director": [
            "Raj Kumar Gupta",
            "Arjun Kapoor"
        ],
        "screenwriter": [
            "Sudev Nair",
            "Raj Kumar Gupta"
        ],
        "producer": [
            "Sudev Nair",
            "Raj Kumar Gupta",
            "Myra Karn"
        ]
    },
    {
        "page": "142",
        "movie_name": [
            "Jatt & Juliet 3"
        ],
        "release_date": [
            "June 28, 2024"
        ],
        "runtime": [
            "2 hr 15 min"
        ],
        "rating": [],
        "director": [
            "Diljit Dosanjh",
            "Jagdeep Sidhu",
            "Dinesh Auluck"
        ],
        "screenwriter": [
            "Neeru Bajwa",
            "Gunbir Singh Sidhu",
            "Jagdeep Sidhu",
            "Dinesh Auluck"
        ],
        "producer": [
            "Manmord Sidhu",
            "Gunbir Singh Sidhu",
            "Neeru Bajwa"
        ]
    },
    {
        "page": "144",
        "movie_name": [
            "John Wick"
        ],
        "release_date": [
            "October 24, 2014"
        ],
        "runtime": [
            "1 hr 41 min"
        ],
        "rating": [
            "R"
        ],
        "director": [
            "John Leguizamo",
            "Keanu Reeves",
            "Chad Stahelski"
        ],
        "screenwriter": [
            "John Leguizamo",
            "Michael Nyqvist",
            "Chad Stahelski",
            "Ian McShane"
        ],
        "producer": [
            "Michael Nyqvist",
            "Ian McShane",
            "Bridget Regan"
        ]
    },
    {
        "page": "148",
        "movie_name": [
            "Just a Bit Outside: The Story of the 1982 Milwaukee Brewers"
        ],
        "release_date": [
            "September 13, 2024"
        ],
        "runtime": [
            "2 hr"
        ],
        "rating": [],
        "director": [
            "Tim Calandrello",
            "Sean Hanish"
        ],
        "screenwriter": [
            "Kelly Kahl",
            "Sean Hanish"
        ],
        "producer": [
            "Kelly Kahl"
        ]
    },
    {
        "page": "149",
        "movie_name": [
            "Kev Adams: The Real Me"
        ],
        "release_date": [],
        "runtime": [],
        "rating": [],
        "director": [
            "J\u00e9r\u00e9mie Levypon",
            "Kev Adams"
        ],
        "screenwriter": [
            "J\u00e9r\u00e9mie Levypon",
            "Kev Adams"
        ],
        "producer": [
            "Kev Adams"
        ]
    },
    {
        "page": "147",
        "movie_name": [
            "Juror #2"
        ],
        "release_date": [
            "November 1, 2024"
        ],
        "runtime": [
            "1 hr 54 min"
        ],
        "rating": [
            "PG-13"
        ],
        "director": [
            "Clint Eastwood",
            "Amy Aquino",
            "Nicholas Hoult"
        ],
        "screenwriter": [
            "Adrienne Moore",
            "Clint Eastwood",
            "Toni Collette",
            "Amy Aquino"
        ],
        "producer": [
            "Adrienne Moore",
            "Toni Collette",
            "Jonathan Abrams"
        ]
    },
    {
        "page": "151",
        "movie_name": [
            "Land of Bad"
        ],
        "release_date": [
            "February 16, 2024"
        ],
        "runtime": [
            "1 hr 50 min"
        ],
        "rating": [
            "R"
        ],
        "director": [
            "William Eubank",
            "Liam Hemsworth"
        ],
        "screenwriter": [
            "Russell Crowe",
            "William Eubank",
            "David Frigerio"
        ],
        "producer": [
            "Russell Crowe",
            "William Eubank",
            "David Frigerio"
        ]
    },
    {
        "page": "155",
        "movie_name": [
            "Levels"
        ],
        "release_date": [
            "November 1, 2024"
        ],
        "runtime": [
            "1 hr 32 min"
        ],
        "rating": [
            "R"
        ],
        "director": [
            "Cara Gee",
            "Adam Stern"
        ],
        "screenwriter": [
            "Peter Mooney",
            "Tony Wosk",
            "Adam Stern"
        ],
        "producer": [
            "Kyle Bornais",
            "Peter Mooney",
            "Tony Wosk"
        ]
    },
    {
        "page": "156",
        "movie_name": [],
        "release_date": [],
        "runtime": [],
        "rating": [],
        "director": [],
        "screenwriter": [],
        "producer": []
    },
    {
        "page": "157",
        "movie_name": [
            "Little"
        ],
        "release_date": [
            "April 12, 2019"
        ],
        "runtime": [
            "1 hr 49 min"
        ],
        "rating": [
            "PG-13"
        ],
        "director": [
            "Thalia Tran",
            "Tina Gordon Chism",
            "Regina Hall"
        ],
        "screenwriter": [
            "Marley Taylor",
            "Thalia Tran",
            "Tina Gordon Chism",
            "Issa Rae"
        ],
        "producer": [
            "Marley Taylor",
            "Eva Carlton",
            "Issa Rae"
        ]
    },
    {
        "page": "159",
        "movie_name": [
            "Longlegs"
        ],
        "release_date": [
            "July 12, 2024"
        ],
        "runtime": [
            "1 hr 41 min"
        ],
        "rating": [
            "R"
        ],
        "director": [
            "Maika Monroe",
            "Oz Perkins"
        ],
        "screenwriter": [
            "Oz Perkins",
            "Dan Kagan",
            "Nicolas Cage"
        ],
        "producer": [
            "Nicolas Cage",
            "Brian Kavanaugh-Jones",
            "Dan Kagan"
        ]
    },
    {
        "page": "16",
        "movie_name": [
            "Aladdin"
        ],
        "release_date": [
            "May 24, 2019"
        ],
        "runtime": [
            "2 hr 8 min"
        ],
        "rating": [
            "PG"
        ],
        "director": [
            "Will Smith",
            "Aubrey Lin",
            "Guy Ritchie"
        ],
        "screenwriter": [
            "Amir Boutrous",
            "Aubrey Lin",
            "Guy Ritchie",
            "Mena Massoud"
        ],
        "producer": [
            "Amir Boutrous",
            "Numan Acar",
            "Mena Massoud"
        ]
    },
    {
        "page": "162",
        "movie_name": [
            "M3GAN"
        ],
        "release_date": [
            "January 6, 2023"
        ],
        "runtime": [
            "1 hr 42 min"
        ],
        "rating": [
            "PG-13"
        ],
        "director": [
            "Michael Saccente",
            "Allison Williams",
            "Gerard Johnstone"
        ],
        "screenwriter": [
            "Amie Donald",
            "Michael Saccente",
            "Violet McGraw",
            "Gerard Johnstone"
        ],
        "producer": [
            "Akela Cooper",
            "Violet McGraw",
            "Amie Donald"
        ]
    },
    {
        "page": "164",
        "movie_name": [
            "Meet Me Next Christmas"
        ],
        "release_date": [
            "November 6, 2024"
        ],
        "runtime": [
            "1 hr 45 min"
        ],
        "rating": [],
        "director": [
            "Camilla Rubis",
            "Christina Milian",
            "Rusty Cundieff"
        ],
        "screenwriter": [
            "Mark Roberts",
            "Camilla Rubis",
            "Devale Ellis",
            "Rusty Cundieff"
        ],
        "producer": [
            "Matt Code",
            "Mark Roberts",
            "Devale Ellis"
        ]
    },
    {
        "page": "161",
        "movie_name": [
            "Lost on a Mountain in Maine"
        ],
        "release_date": [
            "November 1, 2024"
        ],
        "runtime": [
            "1 hr 38 min"
        ],
        "rating": [
            "PG"
        ],
        "director": [
            "Luke David Blumm",
            "Sylvester Stallone",
            "Andrew Boodhoo Kightlinger"
        ],
        "screenwriter": [
            "Paul Sparks",
            "Braden Aftergood",
            "Sylvester Stallone",
            "Andrew Boodhoo Kightlinger"
        ],
        "producer": [
            "Braden Aftergood",
            "Dick Boyce",
            "Paul Sparks"
        ]
    },
    {
        "page": "166",
        "movie_name": [
            "Memoir of a Snail"
        ],
        "release_date": [
            "October 25, 2024"
        ],
        "runtime": [
            "1 hr 34 min"
        ],
        "rating": [
            "R"
        ],
        "director": [
            "Davey Thompson",
            "Adam Elliot",
            "Sarah Snook"
        ],
        "screenwriter": [
            "Davey Thompson",
            "Eric Bana",
            "Adam Elliot",
            "Nick Cave"
        ],
        "producer": [
            "Adam Elliot",
            "Eric Bana",
            "Nick Cave"
        ]
    },
    {
        "page": "168",
        "movie_name": [
            "Monkey Man"
        ],
        "release_date": [
            "April 5, 2024"
        ],
        "runtime": [
            "1 hr 53 min"
        ],
        "rating": [
            "R"
        ],
        "director": [
            "Dev Patel"
        ],
        "screenwriter": [
            "Sharlto Copley",
            "Paul Angunawela",
            "Dev Patel"
        ],
        "producer": [
            "Sharlto Copley",
            "Paul Angunawela",
            "John Collee"
        ]
    },
    {
        "page": "167",
        "movie_name": [
            "Missing Link"
        ],
        "release_date": [
            "April 12, 2019"
        ],
        "runtime": [
            "1 hr 34 min"
        ],
        "rating": [
            "PG"
        ],
        "director": [
            "Hugh Jackman",
            "Chris Butler",
            "Emma Thompson"
        ],
        "screenwriter": [
            "Chris Butler",
            "Adam Godley",
            "Zach Galifianakis",
            "Emma Thompson"
        ],
        "producer": [
            "Zach Galifianakis",
            "Adam Godley",
            "Neil Dickson"
        ]
    },
    {
        "page": "169",
        "movie_name": [
            "Monument"
        ],
        "release_date": [
            "September 28, 2023"
        ],
        "runtime": [
            "1 hr 48 min"
        ],
        "rating": [],
        "director": [
            "Anna Biernacik",
            "Jagoda Szelc"
        ],
        "screenwriter": [
            "Jagoda Szelc",
            "Paulina Lasota"
        ],
        "producer": [
            "Paulina Lasota"
        ]
    },
    {
        "page": "173",
        "movie_name": [
            "National Anthem"
        ],
        "release_date": [
            "July 19, 2024"
        ],
        "runtime": [
            "1 hr 39 min"
        ],
        "rating": [],
        "director": [
            "Charlie Plummer",
            "Pete Shilaimon",
            "Luke Gilford"
        ],
        "screenwriter": [
            "Eve Lindley",
            "Pete Shilaimon",
            "Luke Gilford",
            "Kevin Garland"
        ],
        "producer": [
            "Eve Lindley",
            "Kevin Garland",
            "Gina Marcheschi"
        ]
    },
    {
        "page": "175",
        "movie_name": [
            "NGK"
        ],
        "release_date": [
            "May 31, 2019"
        ],
        "runtime": [
            "2 hr 30 min"
        ],
        "rating": [],
        "director": [
            "K. Selvaraghavan",
            "Suriya",
            "Vela Ramamoorthy"
        ],
        "screenwriter": [
            "K. Selvaraghavan",
            "Sai Pallavi",
            "Vela Ramamoorthy"
        ],
        "producer": [
            "S.R. Prabhu",
            "K. Selvaraghavan",
            "Sai Pallavi"
        ]
    },
    {
        "page": "176",
        "movie_name": [
            "Night Swim"
        ],
        "release_date": [
            "January 5, 2024"
        ],
        "runtime": [
            "1 hr 38 min"
        ],
        "rating": [
            "PG-13"
        ],
        "director": [
            "Aivan Uttapa",
            "Wyatt Russell",
            "Bryce McGuire"
        ],
        "screenwriter": [
            "Aivan Uttapa",
            "Elijah Roberts",
            "Kerry Condon",
            "Bryce McGuire"
        ],
        "producer": [
            "Elijah Roberts",
            "Kerry Condon",
            "Eleanor T. Threatt"
        ]
    },
    {
        "page": "171",
        "movie_name": [
            "Mum and Son's Chilling Adventures"
        ],
        "release_date": [],
        "runtime": [
            "54 min"
        ],
        "rating": [],
        "director": [
            "Ryan Krawczyk",
            "Brett Gerking"
        ],
        "screenwriter": [
            "Gina Watson",
            "Brett Gerking"
        ],
        "producer": [
            "Gina Watson"
        ]
    },
    {
        "page": "179",
        "movie_name": [
            "Panayotis Pascot: Almost"
        ],
        "release_date": [],
        "runtime": [],
        "rating": [],
        "director": [
            "Panayotis Pascot",
            "Adib Alkhalidey"
        ],
        "screenwriter": [
            "Panayotis Pascot"
        ],
        "producer": [
            "Panayotis Pascot"
        ]
    },
    {
        "page": "178",
        "movie_name": [
            "Orgasm Inc.: The Story of OneTaste"
        ],
        "release_date": [],
        "runtime": [
            "1 hr 29 min"
        ],
        "rating": [],
        "director": [
            "Sloane Klevin",
            "Sarah Gibson"
        ],
        "screenwriter": [
            "Ellen Huet",
            "Sarah Gibson"
        ],
        "producer": [
            "Ellen Huet"
        ]
    },
    {
        "page": "180",
        "movie_name": [
            "Panda Plan"
        ],
        "release_date": [
            "October 18, 2024"
        ],
        "runtime": [
            "1 hr 39 min"
        ],
        "rating": [],
        "director": [
            "Bing Jia",
            "Zhang Luan",
            "Jackie Chan"
        ],
        "screenwriter": [
            "Bing Jia",
            "Wei Xu",
            "Zhang Luan",
            "Xiang Wei"
        ],
        "producer": [
            "Yida Meng",
            "Xiang Wei",
            "Wei Xu"
        ]
    },
    {
        "page": "184",
        "movie_name": [
            "PAW Patrol: The Mighty Movie"
        ],
        "release_date": [
            "September 29, 2023"
        ],
        "runtime": [
            "1 hr 32 min"
        ],
        "rating": [
            "PG"
        ],
        "director": [
            "Chris Rock",
            "Cal Brunker",
            "Kristen Bell"
        ],
        "screenwriter": [
            "Serena Williams",
            "Chris Rock",
            "James Marsden",
            "Cal Brunker"
        ],
        "producer": [
            "Serena Williams",
            "James Marsden",
            "Alan Kim"
        ]
    },
    {
        "page": "186",
        "movie_name": [
            "Pedro P\u00e1ramo"
        ],
        "release_date": [
            "November 6, 2024"
        ],
        "runtime": [
            "2 hr 10 min"
        ],
        "rating": [],
        "director": [
            "Rodrigo Prieto",
            "Manuel Garcia-Rulfo",
            "Yoshira Esc\u00e1rrega"
        ],
        "screenwriter": [
            "Tenoch Huerta",
            "Rodrigo Prieto",
            "Mateo Gil",
            "Yoshira Esc\u00e1rrega"
        ],
        "producer": [
            "Tenoch Huerta",
            "Mateo Gil",
            "Stacy Perskie"
        ]
    },
    {
        "page": "185",
        "movie_name": [
            "Pearl"
        ],
        "release_date": [],
        "runtime": [
            "1 hr 1 min"
        ],
        "rating": [],
        "director": [
            "Kendall Davis",
            "Devon Bray",
            "Micah Dennis"
        ],
        "screenwriter": [
            "DeAge'a Davis",
            "Devon Bray",
            "Micah Dennis"
        ],
        "producer": [
            "DeAge'a Davis",
            "Devon Bray"
        ]
    },
    {
        "page": "192",
        "movie_name": [
            "Plus One"
        ],
        "release_date": [
            "April 28, 2019"
        ],
        "runtime": [
            "1 hr 39 min"
        ],
        "rating": [],
        "director": [
            "Jeff Chan",
            "Perrey Reeves",
            "Andrew Rhymer"
        ],
        "screenwriter": [
            "Jeff Ward",
            "Jeff Chan",
            "Perrey Reeves",
            "Maya Erskine"
        ],
        "producer": [
            "Jeff Ward",
            "Maya Kazan",
            "Maya Erskine"
        ]
    },
    {
        "page": "191",
        "movie_name": [],
        "release_date": [],
        "runtime": [],
        "rating": [],
        "director": [],
        "screenwriter": [],
        "producer": []
    },
    {
        "page": "193",
        "movie_name": [],
        "release_date": [],
        "runtime": [],
        "rating": [],
        "director": [],
        "screenwriter": [],
        "producer": []
    },
    {
        "page": "14",
        "movie_name": [
            "After Death"
        ],
        "release_date": [
            "October 27, 2023"
        ],
        "runtime": [
            "1 hr 48 min"
        ],
        "rating": [
            "PG-13"
        ],
        "director": [
            "Stephen Gray",
            "Chris Radtke",
            "Jens Jacob"
        ],
        "screenwriter": [
            "Stephen Gray",
            "Jens Jacob",
            "Koko Marshall",
            "Don Piper"
        ],
        "producer": [
            "Stephen Gray",
            "Koko Marshall",
            "Don Piper"
        ]
    },
    {
        "page": "15",
        "movie_name": [
            "Aftermath"
        ],
        "release_date": [
            "November 1, 2024"
        ],
        "runtime": [
            "1 hr 37 min"
        ],
        "rating": [],
        "director": [
            "Dylan Sprouse",
            "Patrick Lussier",
            "Mark Pettograsso"
        ],
        "screenwriter": [
            "Mason Gooding",
            "Nathan Graham Davis",
            "Patrick Lussier",
            "Mark Pettograsso"
        ],
        "producer": [
            "Mason Gooding",
            "Nathan Graham Davis",
            "Lucas Jarach"
        ]
    },
    {
        "page": "29",
        "movie_name": [
            "Bad Behaviour"
        ],
        "release_date": [
            "June 14, 2024"
        ],
        "runtime": [
            "1 hr 47 min"
        ],
        "rating": [],
        "director": [
            "Alice Englert",
            "Jennifer Connelly",
            "Xana Tang"
        ],
        "screenwriter": [
            "Ben Whishaw",
            "Alice Englert",
            "Alistair Sewell",
            "Xana Tang"
        ],
        "producer": [
            "Alice Englert",
            "Alistair Sewell",
            "Ben Whishaw"
        ]
    },
    {
        "page": "20",
        "movie_name": [
            "Anora"
        ],
        "release_date": [
            "November 8, 2024"
        ],
        "runtime": [
            "2 hr 19 min"
        ],
        "rating": [
            "R"
        ],
        "director": [
            "Sean Baker",
            "Mikey Madison",
            "Alex Coco"
        ],
        "screenwriter": [
            "Sean Baker",
            "Mark Eydelshteyn",
            "Samantha Quan",
            "Alex Coco"
        ],
        "producer": [
            "Sean Baker",
            "Mark Eydelshteyn",
            "Samantha Quan"
        ]
    },
    {
        "page": "3",
        "movie_name": [
            "72 Hours"
        ],
        "release_date": [
            "November 1, 2024"
        ],
        "runtime": [
            "1 hr 27 min"
        ],
        "rating": [],
        "director": [
            "Laneya Grace",
            "Cam Gigandet",
            "Christian Sesma"
        ],
        "screenwriter": [
            "Laneya Grace",
            "Christian Sesma",
            "Max Amini",
            "Sam Trammell"
        ],
        "producer": [
            "Max Amini",
            "Alexander Kane",
            "Sam Trammell"
        ]
    },
    {
        "page": "30",
        "movie_name": [
            "Becoming a Queen"
        ],
        "release_date": [],
        "runtime": [
            "1 hr 29 min"
        ],
        "rating": [],
        "director": [
            "Chris Strikes",
            "Joella Crichton",
            "Felix Arifin"
        ],
        "screenwriter": [
            "Chris Strikes",
            "Gerald Weekes",
            "Felix Arifin"
        ],
        "producer": [
            "Chris Strikes",
            "Gerald Weekes",
            "Derek Brin"
        ]
    },
    {
        "page": "34",
        "movie_name": [
            "Beyond the Wasteland"
        ],
        "release_date": [
            "November 5, 2024"
        ],
        "runtime": [
            "1 hr 39 min"
        ],
        "rating": [],
        "director": [
            "Vardan Tozija",
            "Sasko Kocev"
        ],
        "screenwriter": [
            "Vardan Tozija",
            "Toni Mihajlovski"
        ],
        "producer": [
            "Toni Mihajlovski"
        ]
    },
    {
        "page": "28",
        "movie_name": [
            "Back to the Future Part II"
        ],
        "release_date": [
            "November 22, 1989"
        ],
        "runtime": [
            "1 hr 47 min"
        ],
        "rating": [
            "PG"
        ],
        "director": [
            "Robert Zemeckis",
            "Michael J. Fox",
            "James Tolkan"
        ],
        "screenwriter": [
            "Robert Zemeckis",
            "Christopher Lloyd",
            "James Tolkan",
            "Jeffrey Weissman"
        ],
        "producer": [
            "Christopher Lloyd",
            "Jeffrey Weissman",
            "Crispin Glover"
        ]
    },
    {
        "page": "23",
        "movie_name": [
            "Apres Lui"
        ],
        "release_date": [],
        "runtime": [
            "1 hr 32 min"
        ],
        "rating": [],
        "director": [
            "Laurent Lavol\u00e9",
            "Catherine Deneuve",
            "Ga\u00ebl Morel"
        ],
        "screenwriter": [
            "Thomas Dumerchez",
            "Isabelle Pragier",
            "Laurent Lavol\u00e9",
            "Ga\u00ebl Morel"
        ],
        "producer": [
            "Thomas Dumerchez",
            "Isabelle Pragier"
        ]
    },
    {
        "page": "36",
        "movie_name": [
            "Bird"
        ],
        "release_date": [
            "November 8, 2024"
        ],
        "runtime": [
            "1 hr 59 min"
        ],
        "rating": [
            "R"
        ],
        "director": [
            "Andrea Arnold",
            "Juliette Howell",
            "Barry Keoghan"
        ],
        "screenwriter": [
            "Andrea Arnold",
            "Juliette Howell",
            "Franz Rogowski",
            "Tessa Ross"
        ],
        "producer": [
            "Franz Rogowski",
            "Tessa Ross",
            "Claude Amadeo"
        ]
    },
    {
        "page": "37",
        "movie_name": [
            "Blitz"
        ],
        "release_date": [
            "November 1, 2024"
        ],
        "runtime": [
            "2 hr"
        ],
        "rating": [
            "PG-13"
        ],
        "director": [
            "Steve McQueen",
            "Hayley Squires",
            "Saoirse Ronan"
        ],
        "screenwriter": [
            "Steve McQueen",
            "Josef Altin",
            "Elliott Heffernan",
            "Hayley Squires"
        ],
        "producer": [
            "Joshua McGuire",
            "Josef Altin",
            "Elliott Heffernan"
        ]
    },
    {
        "page": "31",
        "movie_name": [
            "Beetlejuice Beetlejuice"
        ],
        "release_date": [
            "September 6, 2024"
        ],
        "runtime": [
            "1 hr 45 min"
        ],
        "rating": [
            "PG-13"
        ],
        "director": [
            "Santiago Cabrera",
            "Tim Burton",
            "Michael Keaton"
        ],
        "screenwriter": [
            "Santiago Cabrera",
            "Winona Ryder",
            "Tim Burton",
            "Burn Gorman"
        ],
        "producer": [
            "Burn Gorman",
            "Danny DeVito",
            "Winona Ryder"
        ]
    },
    {
        "page": "40",
        "movie_name": [
            "Bookworm"
        ],
        "release_date": [
            "October 18, 2024"
        ],
        "runtime": [
            "1 hr 43 min"
        ],
        "rating": [],
        "director": [
            "Ant Timpson",
            "Elijah Wood",
            "Roxi Bull"
        ],
        "screenwriter": [
            "Ant Timpson",
            "Nell Fisher",
            "Victoria Dabbs",
            "Roxi Bull"
        ],
        "producer": [
            "Mette-Marie Kongsved",
            "Victoria Dabbs",
            "Nell Fisher"
        ]
    },
    {
        "page": "41",
        "movie_name": [
            "Borderlands"
        ],
        "release_date": [
            "August 9, 2024"
        ],
        "runtime": [
            "1 hr 42 min"
        ],
        "rating": [
            "PG-13"
        ],
        "director": [
            "Janina Gavankar",
            "Cate Blanchett",
            "Eli Roth"
        ],
        "screenwriter": [
            "Janina Gavankar",
            "Olivier Richters",
            "Eli Roth",
            "Kevin Hart"
        ],
        "producer": [
            "Olivier Richters",
            "Kevin Hart",
            "Gina Gershon"
        ]
    },
    {
        "page": "4",
        "movie_name": [],
        "release_date": [],
        "runtime": [],
        "rating": [],
        "director": [],
        "screenwriter": [],
        "producer": []
    },
    {
        "page": "49",
        "movie_name": [
            "Carved"
        ],
        "release_date": [
            "October 21, 2024"
        ],
        "runtime": [
            "1 hr 34 min"
        ],
        "rating": [],
        "director": [
            "Justin Harding",
            "Carla Jimenez",
            "DJ Qualls"
        ],
        "screenwriter": [
            "Justin Harding",
            "Chris Elliott",
            "Carla Jimenez",
            "Marc Sully Saint-Fleur"
        ],
        "producer": [
            "Marc Sully Saint-Fleur",
            "Chris Elliott",
            "Wyatt Lindner"
        ]
    },
    {
        "page": "46",
        "movie_name": [
            "Canary Black"
        ],
        "release_date": [
            "October 24, 2024"
        ],
        "runtime": [
            "1 hr 43 min"
        ],
        "rating": [],
        "director": [
            "Pierre Morel",
            "Ben Mills",
            "Kate Beckinsale"
        ],
        "screenwriter": [
            "Pierre Morel",
            "Matthew Kennedy",
            "Ben Mills",
            "Saffron Burrows"
        ],
        "producer": [
            "Matthew Kennedy",
            "Saffron Burrows"
        ]
    },
    {
        "page": "44",
        "movie_name": [
            "Brightburn"
        ],
        "release_date": [
            "May 24, 2019"
        ],
        "runtime": [
            "1 hr 31 min"
        ],
        "rating": [
            "R"
        ],
        "director": [
            "David Yarovesky",
            "Jennifer Holland",
            "Elizabeth Banks"
        ],
        "screenwriter": [
            "David Denman",
            "Steve Agee",
            "David Yarovesky",
            "Jennifer Holland"
        ],
        "producer": [
            "David Denman",
            "Steve Agee",
            "Brian Gunn"
        ]
    },
    {
        "page": "43",
        "movie_name": [
            "Breaking the Loop"
        ],
        "release_date": [],
        "runtime": [
            "1 hr 31 min"
        ],
        "rating": [],
        "director": [
            "Joel Moody",
            "Jesse James"
        ],
        "screenwriter": [
            "Stephanie Ard",
            "Joel Moody",
            "Chase Hawk",
            "Jesse James"
        ],
        "producer": [
            "Stephanie Ard",
            "Chase Hawk",
            "C.J. Holmes"
        ]
    },
    {
        "page": "50",
        "movie_name": [
            "Cellar Door"
        ],
        "release_date": [
            "November 1, 2024"
        ],
        "runtime": [
            "1 hr 37 min"
        ],
        "rating": [
            "R"
        ],
        "director": [
            "Jordana Brewster",
            "Lori Evans Taylor",
            "Vaughn Stein"
        ],
        "screenwriter": [
            "Tom Butterfield",
            "Scott Speedman",
            "Lori Evans Taylor",
            "Vaughn Stein"
        ],
        "producer": [
            "John Papsidera",
            "Scott Speedman",
            "Tom Butterfield"
        ]
    },
    {
        "page": "54",
        "movie_name": [
            "Chicken for Linda!"
        ],
        "release_date": [
            "April 5, 2024"
        ],
        "runtime": [
            "1 hr 16 min"
        ],
        "rating": [],
        "director": [
            "Antoine Momey",
            "Chiara Malta",
            "S\u00e9bastien Laudenbach"
        ],
        "screenwriter": [
            "Antoine Momey",
            "Chiara Malta",
            "M\u00e9lin\u00e9e Leclerc",
            "Scarlett Cholleton"
        ],
        "producer": [
            "Alenza Dus",
            "M\u00e9lin\u00e9e Leclerc",
            "Scarlett Cholleton"
        ]
    },
    {
        "page": "57",
        "movie_name": [
            "Christmas Eve in Miller's Point"
        ],
        "release_date": [
            "November 8, 2024"
        ],
        "runtime": [
            "1 hr 47 min"
        ],
        "rating": [
            "PG-13"
        ],
        "director": [
            "Tyler Taormina",
            "Lev Cameron",
            "Michael Cera"
        ],
        "screenwriter": [
            "Tyler Taormina",
            "Lev Cameron",
            "Elsie Kate Fisher",
            "Eric Berger"
        ],
        "producer": [
            "Tyler Taormina",
            "Elsie Kate Fisher",
            "Eric Berger"
        ]
    },
    {
        "page": "51",
        "movie_name": [
            "Chasing Chasing Amy"
        ],
        "release_date": [
            "November 1, 2024"
        ],
        "runtime": [
            "1 hr 35 min"
        ],
        "rating": [],
        "director": [
            "Sav Rodgers",
            "Kevin Smith",
            "Andrew Ahn"
        ],
        "screenwriter": [
            "Sav Rodgers",
            "Chris Vivion",
            "Alex Schmider",
            "Andrew Ahn"
        ],
        "producer": [
            "Kevin Willmott",
            "Chris Vivion",
            "Alex Schmider"
        ]
    },
    {
        "page": "58",
        "movie_name": [
            "Chuck Chuck Baby"
        ],
        "release_date": [
            "August 2, 2024"
        ],
        "runtime": [
            "1 hr 41 min"
        ],
        "rating": [],
        "director": [
            "Anne Beresford",
            "Janis Pugh",
            "Louise Brealey"
        ],
        "screenwriter": [
            "Adam Partridge",
            "Anne Beresford",
            "Annabel Scholey",
            "Janis Pugh"
        ],
        "producer": [
            "Andrew Gillman",
            "Adam Partridge",
            "Annabel Scholey"
        ]
    },
    {
        "page": "59",
        "movie_name": [
            "Classified"
        ],
        "release_date": [
            "October 22, 2024"
        ],
        "runtime": [
            "1 hr 45 min"
        ],
        "rating": [
            "R"
        ],
        "director": [
            "Jordan Dykstra",
            "Roel Rein\u00e9",
            "Aaron Eckhart"
        ],
        "screenwriter": [
            "Tim Roth",
            "Jordan Dykstra",
            "Gabriel Georgiev",
            "Roel Rein\u00e9"
        ],
        "producer": [
            "Tim Roth",
            "Gabriel Georgiev",
            "Ellen S. Wander"
        ]
    },
    {
        "page": "6",
        "movie_name": [
            "A Dog's Journey"
        ],
        "release_date": [
            "May 17, 2019"
        ],
        "runtime": [
            "1 hr 48 min"
        ],
        "rating": [
            "PG"
        ],
        "director": [
            "Josh Gad",
            "Gail Mancuso",
            "Jake Manley"
        ],
        "screenwriter": [
            "Daniela Barbosa",
            "Gail Mancuso",
            "Jake Manley",
            "Kathryn Prescott"
        ],
        "producer": [
            "Kevin Claydon",
            "Daniela Barbosa",
            "Kathryn Prescott"
        ]
    },
    {
        "page": "60",
        "movie_name": [
            "Conclave"
        ],
        "release_date": [
            "October 25, 2024"
        ],
        "runtime": [
            "2 hr"
        ],
        "rating": [
            "PG"
        ],
        "director": [
            "Edward Berger",
            "Ralph Fiennes",
            "Isabella Rossellini"
        ],
        "screenwriter": [
            "Peter Straughan",
            "Edward Berger",
            "Isabella Rossellini",
            "Stanley Tucci"
        ],
        "producer": [
            "Peter Straughan",
            "Tessa Ross",
            "Stanley Tucci"
        ]
    },
    {
        "page": "67",
        "movie_name": [
            "Creation of the Gods I: Kingdom of Storms"
        ],
        "release_date": [
            "September 22, 2023"
        ],
        "runtime": [
            "2 hr 28 min"
        ],
        "rating": [],
        "director": [
            "Wuershan",
            "Bo Huang",
            "Yang Le"
        ],
        "screenwriter": [
            "Ping Ran",
            "Wuershan",
            "Fei Xiang",
            "Yang Le"
        ],
        "producer": [
            "Ping Ran",
            "Jianan Ran",
            "Fei Xiang"
        ]
    },
    {
        "page": "53",
        "movie_name": [],
        "release_date": [],
        "runtime": [],
        "rating": [],
        "director": [],
        "screenwriter": [],
        "producer": []
    },
    {
        "page": "73",
        "movie_name": [
            "Despicable Me 4"
        ],
        "release_date": [
            "July 3, 2024"
        ],
        "runtime": [
            "1 hr 35 min"
        ],
        "rating": [
            "PG"
        ],
        "director": [
            "Chris Renaud",
            "Madison Polan",
            "Steve Carell"
        ],
        "screenwriter": [
            "Kristen Wiig",
            "Chris Renaud",
            "Madison Polan",
            "Dana Gaier"
        ],
        "producer": [
            "Kristen Wiig",
            "Chloe Fineman",
            "Dana Gaier"
        ]
    },
    {
        "page": "75",
        "movie_name": [
            "Die Alone"
        ],
        "release_date": [
            "October 18, 2024"
        ],
        "runtime": [
            "1 hr 31 min"
        ],
        "rating": [],
        "director": [
            "Leo Fafard",
            "Lowell Dean",
            "Carrie-Anne Moss"
        ],
        "screenwriter": [
            "Leo Fafard",
            "Lowell Dean",
            "Frank Grillo"
        ],
        "producer": [
            "Lowell Dean",
            "Kevin DeWalt",
            "Frank Grillo"
        ]
    },
    {
        "page": "7",
        "movie_name": [
            "A Haunting at Silver Falls 2"
        ],
        "release_date": [
            "June 4, 2019"
        ],
        "runtime": [
            "1 hr 20 min"
        ],
        "rating": [],
        "director": [
            "Laura Flannery",
            "Clemmie Dugdale",
            "Teo Konuralp"
        ],
        "screenwriter": [
            "Dendrie Taylor",
            "Christopher Crema",
            "Clemmie Dugdale",
            "Teo Konuralp"
        ],
        "producer": [
            "Dendrie Taylor",
            "Bryan Chesters",
            "Christopher Crema"
        ]
    },
    {
        "page": "69",
        "movie_name": [
            "Dandelion"
        ],
        "release_date": [
            "July 12, 2024"
        ],
        "runtime": [
            "1 hr 53 min"
        ],
        "rating": [
            "R"
        ],
        "director": [
            "Nicole Riegel",
            "Rian Cahill",
            "KiKi Layne"
        ],
        "screenwriter": [
            "Nicole Riegel",
            "Rian Cahill",
            "Thomas Doherty",
            "Adam Cobb"
        ],
        "producer": [
            "Thomas Doherty",
            "Pete McClellan",
            "Adam Cobb"
        ]
    },
    {
        "page": "70",
        "movie_name": [
            "D\u00ecdi"
        ],
        "release_date": [
            "August 16, 2024"
        ],
        "runtime": [
            "1 hr 34 min"
        ],
        "rating": [
            "R"
        ],
        "director": [
            "Montay Boseman",
            "Sean Wang",
            "Izaac Wang"
        ],
        "screenwriter": [
            "Montay Boseman",
            "Sean Wang",
            "Joan Chen",
            "Alysha Syed"
        ],
        "producer": [
            "Alysha Syed",
            "Joan Chen",
            "Alaysia Simmons"
        ]
    },
    {
        "page": "79",
        "movie_name": [
            "Drive Back"
        ],
        "release_date": [
            "November 8, 2024"
        ],
        "runtime": [
            "1 hr 34 min"
        ],
        "rating": [],
        "director": [
            "Zack Gold",
            "Cody Ashford",
            "Mikey Bill Taylor"
        ],
        "screenwriter": [
            "Zac Locke",
            "Whit Kunschik",
            "Cody Ashford",
            "Mikey Bill Taylor"
        ],
        "producer": [
            "Zac Locke",
            "Whit Kunschik"
        ]
    },
    {
        "page": "8",
        "movie_name": [
            "A Mouthful of Air"
        ],
        "release_date": [
            "October 29, 2021"
        ],
        "runtime": [
            "1 hr 45 min"
        ],
        "rating": [
            "R"
        ],
        "director": [
            "Amanda Seyfried",
            "Amy Koppelman"
        ],
        "screenwriter": [
            "Amy Koppelman",
            "Mike Harrop",
            "Finn Wittrock"
        ],
        "producer": [
            "Amy Koppelman",
            "Mike Harrop",
            "Finn Wittrock"
        ]
    },
    {
        "page": "77",
        "movie_name": [
            "Don't Move"
        ],
        "release_date": [
            "October 25, 2024"
        ],
        "runtime": [
            "1 hr 32 min"
        ],
        "rating": [
            "R"
        ],
        "director": [
            "Adam Schindler",
            "Sam Raimi",
            "Brian Netto"
        ],
        "screenwriter": [
            "Zainab Azizi",
            "Adam Schindler",
            "Sam Raimi",
            "Kelsey Asbille"
        ],
        "producer": [
            "Zainab Azizi",
            "Adam Schindler",
            "Kelsey Asbille"
        ]
    },
    {
        "page": "83",
        "movie_name": [
            "Elevation"
        ],
        "release_date": [
            "November 8, 2024"
        ],
        "runtime": [
            "1 hr 30 min"
        ],
        "rating": [
            "R"
        ],
        "director": [
            "George Nolfi",
            "Anthony Mackie",
            "Jacob Roman"
        ],
        "screenwriter": [
            "George Nolfi",
            "Kenny Ryan",
            "Morena Baccarin",
            "Jacob Roman"
        ],
        "producer": [
            "Brad Fuller",
            "Morena Baccarin",
            "Kenny Ryan"
        ]
    },
    {
        "page": "82",
        "movie_name": [
            "Eileen"
        ],
        "release_date": [
            "December 8, 2023"
        ],
        "runtime": [
            "1 hr 36 min"
        ],
        "rating": [
            "R"
        ],
        "director": [
            "Marin Ireland",
            "Thomasin McKenzie",
            "William Oldroyd"
        ],
        "screenwriter": [
            "Marin Ireland",
            "Shea Whigham",
            "William Oldroyd",
            "Luke Goebel"
        ],
        "producer": [
            "Shea Whigham",
            "Ottessa Moshfegh",
            "Luke Goebel"
        ]
    },
    {
        "page": "86",
        "movie_name": [
            "Escape Through Africa"
        ],
        "release_date": [],
        "runtime": [
            "1 hr 30 min"
        ],
        "rating": [],
        "director": [
            "Eric Roberts",
            "Ted Betz"
        ],
        "screenwriter": [
            "Linn Bjornland",
            "Ted Betz",
            "Loy Norrix"
        ],
        "producer": [
            "Linn Bjornland",
            "Loy Norrix",
            "Joe Mitacek"
        ]
    },
    {
        "page": "84",
        "movie_name": [
            "Emilia P\u00e9rez"
        ],
        "release_date": [
            "November 1, 2024"
        ],
        "runtime": [
            "2 hr 12 min"
        ],
        "rating": [
            "R"
        ],
        "director": [
            "Jacques Audiard",
            "Val\u00e9rie Schermann",
            "Zoe Saldana"
        ],
        "screenwriter": [
            "Karla Sof\u00eda Gasc\u00f3n",
            "Jacques Audiard",
            "Pascal Caucheteux",
            "Val\u00e9rie Schermann"
        ],
        "producer": [
            "Karla Sof\u00eda Gasc\u00f3n",
            "Pascal Caucheteux",
            "Anthony Vaccarello"
        ]
    },
    {
        "page": "88",
        "movie_name": [
            "Exhibiting Forgiveness"
        ],
        "release_date": [
            "October 18, 2024"
        ],
        "runtime": [
            "1 hr 57 min"
        ],
        "rating": [
            "R"
        ],
        "director": [
            "Titus Kaphar",
            "Andr\u00e9 Holland",
            "Jaime Ray Newman"
        ],
        "screenwriter": [
            "John Earl Jelks",
            "Titus Kaphar",
            "G.L. McQueary",
            "Jaime Ray Newman"
        ],
        "producer": [
            "John Earl Jelks",
            "Titus Kaphar",
            "G.L. McQueary"
        ]
    },
    {
        "page": "76",
        "movie_name": [
            "Dirt Road to Lafayette"
        ],
        "release_date": [],
        "runtime": [
            "1 hr 40 min"
        ],
        "rating": [],
        "director": [
            "Marcus Lyle Brown",
            "Kenneth Glenaan",
            "Neil Sutcliffe"
        ],
        "screenwriter": [
            "Marcus Lyle Brown",
            "David O'Hara",
            "Kenneth Glenaan",
            "Yvette Marie Brown"
        ],
        "producer": [
            "Carole Sheridan",
            "Yvette Marie Brown",
            "David O'Hara"
        ]
    },
    {
        "page": "9",
        "movie_name": [
            "A Real Pain"
        ],
        "release_date": [
            "In Theaters November 15, 2024"
        ],
        "runtime": [
            "1 hr 29 min"
        ],
        "rating": [
            "R"
        ],
        "director": [
            "Kieran Culkin",
            "Jesse Eisenberg"
        ],
        "screenwriter": [
            "Jesse Eisenberg",
            "Ali Herting"
        ],
        "producer": [
            "Dave McCary",
            "Jesse Eisenberg",
            "Ali Herting"
        ]
    },
    {
        "page": "89",
        "movie_name": [
            "Family Pack"
        ],
        "release_date": [
            "October 23, 2024"
        ],
        "runtime": [
            "1 hr 35 min"
        ],
        "rating": [],
        "director": [
            "David Salles",
            "Francois Uzan",
            "Franck Dubosc"
        ],
        "screenwriter": [
            "Suzanne Cl\u00e9ment",
            "David Salles",
            "Philippe Des Palli\u00e8res",
            "Francois Uzan"
        ],
        "producer": [
            "Herv\u00e9 Marly",
            "Suzanne Cl\u00e9ment",
            "Philippe Des Palli\u00e8res"
        ]
    },
    {
        "page": "90",
        "movie_name": [
            "Fast X"
        ],
        "release_date": [
            "May 19, 2023"
        ],
        "runtime": [
            "2 hr 21 min"
        ],
        "rating": [
            "PG-13"
        ],
        "director": [
            "Sung Kang",
            "Vin Diesel",
            "Louis Leterrier"
        ],
        "screenwriter": [
            "Sung Kang",
            "Louis Leterrier",
            "Alan Ritchson",
            "Michelle Rodriguez"
        ],
        "producer": [
            "Daniela Melchior",
            "Alan Ritchson",
            "Michelle Rodriguez"
        ]
    },
    {
        "page": "92",
        "movie_name": [
            "Five Gold Rings"
        ],
        "release_date": [
            "November 7, 2024"
        ],
        "runtime": [
            "2 hr 1 min"
        ],
        "rating": [],
        "director": [
            "Holland Roden",
            "Nolan Gerard Funk"
        ],
        "screenwriter": [
            "Holland Roden"
        ],
        "producer": []
    },
    {
        "page": "93",
        "movie_name": [
            "Free Trip to Egypt"
        ],
        "release_date": [
            "June 7, 2019"
        ],
        "runtime": [
            "1 hr 38 min"
        ],
        "rating": [],
        "director": [
            "Ingrid Serban",
            "Yasmin Kamel"
        ],
        "screenwriter": [
            "Ingrid Serban",
            "Tarek Mounib"
        ],
        "producer": [
            "Tarek Mounib"
        ]
    },
    {
        "page": "99",
        "movie_name": [
            "Ghost Game"
        ],
        "release_date": [
            "October 18, 2024"
        ],
        "runtime": [
            "1 hr 26 min"
        ],
        "rating": [],
        "director": [
            "Patrick Ewald",
            "Kia Dorsey",
            "Jill Gevargizian"
        ],
        "screenwriter": [
            "Carlo Glorioso",
            "Patrick Ewald",
            "Aidan Hughes",
            "Jill Gevargizian"
        ],
        "producer": [
            "Jamie Nash",
            "Carlo Glorioso",
            "Aidan Hughes"
        ]
    },
    {
        "page": "154",
        "movie_name": [
            "Let's Start a Cult"
        ],
        "release_date": [
            "October 25, 2024"
        ],
        "runtime": [
            "1 hr 30 min"
        ],
        "rating": [],
        "director": [
            "Ben Kitnick",
            "CM Punk",
            "Tom Papa"
        ],
        "screenwriter": [
            "Stavros Halkias",
            "Ben Kitnick",
            "Tom Papa"
        ],
        "producer": [
            "Stavros Halkias",
            "Wes Haney"
        ]
    }
]