[
    {
        "page": "1",
        "name": [
            "A.bar Review - Rittenhouse - Philadelphia - The Infatuation"
        ],
        "location": [
            "Philadelphia"
        ],
        "author": [
            "Sydney McElwee"
        ],
        "date": [
            "January 29, 2019"
        ]
    },
    {
        "page": "0",
        "name": [
            "1225 Raw Sushi & Sake Lounge Review - Center City - Philadelphia - The Infatuation"
        ],
        "location": [
            "Philadelphia"
        ],
        "author": [
            "Jordan Price"
        ],
        "date": [
            "October 29, 2018"
        ]
    },
    {
        "page": "100",
        "name": [
            "Piccini Review - Ocean City - Philadelphia - The Infatuation"
        ],
        "location": [
            "Philadelphia"
        ],
        "author": [
            "Candis R. McLean"
        ],
        "date": [
            "May 19, 2021"
        ]
    },
    {
        "page": "101",
        "name": [
            "Pumpkin Restaurant Review - South Street - Philadelphia - The Infatuation"
        ],
        "location": [
            "Philadelphia"
        ],
        "author": [
            "Jordan Price"
        ],
        "date": [
            "October 29, 2018"
        ]
    },
    {
        "page": "10",
        "name": [
            "Bob & Barbara\u2019s Cocktail Lounge Review - Graduate Hospital - Philadelphia - The Infatuation"
        ],
        "location": [
            "Philadelphia"
        ],
        "author": [
            "Sydney McElwee"
        ],
        "date": [
            "February 25, 2019"
        ]
    },
    {
        "page": "103",
        "name": [
            "Ralph\u2019s Italian Restaurant Review - Italian Market - Philadelphia - The Infatuation"
        ],
        "location": [
            "Philadelphia"
        ],
        "author": [
            "Candis R. McLean"
        ],
        "date": [
            "March 7, 2024"
        ]
    },
    {
        "page": "106",
        "name": [
            "Rittenhouse Grill Review - Rittenhouse - Philadelphia - The Infatuation"
        ],
        "location": [
            "Philadelphia"
        ],
        "author": [
            "Alison B. Kessler"
        ],
        "date": [
            "April 7, 2023"
        ]
    },
    {
        "page": "102",
        "name": [
            "Radicchio Cafe Review - Northern Liberties - Philadelphia - The Infatuation"
        ],
        "location": [
            "Philadelphia"
        ],
        "author": [
            "Alison B. Kessler"
        ],
        "date": [
            "April 4, 2023"
        ]
    },
    {
        "page": "104",
        "name": [
            "Ray's Cafe & Tea House Review - Chinatown - Philadelphia - The Infatuation"
        ],
        "location": [
            "Philadelphia"
        ],
        "author": [
            "Candis R. McLean"
        ],
        "date": [
            "January 5, 2024"
        ]
    },
    {
        "page": "105",
        "name": [
            "Renata\u2019s Kitchen Review - University City - Philadelphia - The Infatuation"
        ],
        "location": [
            "Philadelphia"
        ],
        "author": [
            "Sydney McElwee"
        ],
        "date": [
            "March 28, 2019"
        ]
    },
    {
        "page": "107",
        "name": [
            "Rittenhouse Grill Review - Rittenhouse - Philadelphia - The Infatuation"
        ],
        "location": [
            "Philadelphia"
        ],
        "author": [
            "Alison B. Kessler"
        ],
        "date": [
            "April 7, 2023"
        ]
    },
    {
        "page": "110",
        "name": [
            "Sally Review - Fitler Square - Philadelphia - The Infatuation"
        ],
        "location": [
            "Philadelphia"
        ],
        "author": [
            "Candis R. McLean"
        ],
        "date": [
            "March 1, 2023"
        ]
    },
    {
        "page": "11",
        "name": [
            "Bok Bar Review - South Philly - Philadelphia - The Infatuation"
        ],
        "location": [
            "Philadelphia"
        ],
        "author": [
            "Candis R. McLean"
        ],
        "date": [
            "April 14, 2023"
        ]
    },
    {
        "page": "108",
        "name": [
            "Rocco's Italian Sausage Review - Northeast Philly - Philadelphia - The Infatuation"
        ],
        "location": [
            "Philadelphia"
        ],
        "author": [
            "Candis R. McLean"
        ],
        "date": [
            "March 20, 2024"
        ]
    },
    {
        "page": "109",
        "name": [
            "Royal Boucherie Review - Old City - Philadelphia - The Infatuation"
        ],
        "location": [
            "Philadelphia"
        ],
        "author": [
            "Sydney McElwee"
        ],
        "date": [
            "January 14, 2022"
        ]
    },
    {
        "page": "111",
        "name": [
            "Sam\u2019s Morning Glory Diner Review - Bella Vista - Philadelphia - The Infatuation"
        ],
        "location": [
            "Philadelphia"
        ],
        "author": [
            "Jordan Price"
        ],
        "date": [
            "October 29, 2018"
        ]
    },
    {
        "page": "112",
        "name": [
            "Kampar Review - Bella Vista - Philadelphia - The Infatuation"
        ],
        "location": [
            "Philadelphia"
        ],
        "author": [
            "Candis R. McLean"
        ],
        "date": [
            "April 8, 2024"
        ]
    },
    {
        "page": "115",
        "name": [
            "SET NoLibs Review - Northern Liberties - Philadelphia - The Infatuation"
        ],
        "location": [
            "Philadelphia"
        ],
        "author": [
            "Candis R. McLean"
        ],
        "date": [
            "July 5, 2022"
        ]
    },
    {
        "page": "116",
        "name": [
            "Shana's Caribbean Cafe Review - Northeast Philly - Philadelphia - The Infatuation"
        ],
        "location": [
            "Philadelphia"
        ],
        "author": [
            "Candis R. McLean"
        ],
        "date": [
            "May 20, 2024"
        ]
    },
    {
        "page": "117",
        "name": [
            "Sonny's Famous Steaks Review - Old City - Philadelphia - The Infatuation"
        ],
        "location": [
            "Philadelphia"
        ],
        "author": [
            "Candis R. McLean"
        ],
        "date": [
            "April 25, 2022"
        ]
    },
    {
        "page": "118",
        "name": [
            "South Philly Barbacoa Review - Bella Vista - Philadelphia - The Infatuation"
        ],
        "location": [
            "Philadelphia"
        ],
        "author": [
            "Sydney McElwee"
        ],
        "date": [
            "September 15, 2023"
        ]
    },
    {
        "page": "113",
        "name": [
            "Seorabol Review - Center City - Philadelphia - The Infatuation"
        ],
        "location": [
            "Philadelphia"
        ],
        "author": [
            "Candis R. McLean"
        ],
        "date": [
            "December 10, 2020"
        ]
    },
    {
        "page": "12",
        "name": [
            "Brauhaus Schmitz Review - South Street - Philadelphia - The Infatuation"
        ],
        "location": [
            "Philadelphia"
        ],
        "author": [
            "Jordan Price"
        ],
        "date": [
            "October 29, 2018"
        ]
    },
    {
        "page": "114",
        "name": [
            "Serpico Review - South Street - Philadelphia - The Infatuation"
        ],
        "location": [
            "Philadelphia"
        ],
        "author": [],
        "date": []
    },
    {
        "page": "119",
        "name": [
            "South Review - Spring Garden - Philadelphia - The Infatuation"
        ],
        "location": [
            "Philadelphia"
        ],
        "author": [
            "Candis R. McLean"
        ],
        "date": [
            "January 17, 2019"
        ]
    },
    {
        "page": "121",
        "name": [
            "Stina Pizzeria Review - South Philly - Philadelphia - The Infatuation"
        ],
        "location": [
            "Philadelphia"
        ],
        "author": [
            "Sydney McElwee"
        ],
        "date": [
            "January 14, 2022"
        ]
    },
    {
        "page": "120",
        "name": [
            "Steve & Cookie\u2019s Review - Margate - Philadelphia - The Infatuation"
        ],
        "location": [
            "Philadelphia"
        ],
        "author": [
            "Sydney McElwee"
        ],
        "date": [
            "June 24, 2019"
        ]
    },
    {
        "page": "124",
        "name": [
            "Taco Heart  Review - South Philly - Philadelphia - The Infatuation"
        ],
        "location": [
            "Philadelphia"
        ],
        "author": [
            "Candis R. McLean"
        ],
        "date": [
            "April 12, 2023"
        ]
    },
    {
        "page": "122",
        "name": [
            "Sulimay\u2019s Restaurant Review - Fishtown - Philadelphia - The Infatuation"
        ],
        "location": [
            "Philadelphia"
        ],
        "author": [],
        "date": []
    },
    {
        "page": "123",
        "name": [
            "Sweet Box Bakery Review - Washington Square West - Philadelphia - The Infatuation"
        ],
        "location": [
            "Philadelphia"
        ],
        "author": [
            "Alison B. Kessler"
        ],
        "date": [
            "June 27, 2023"
        ]
    },
    {
        "page": "126",
        "name": [
            "The Bottle Shop Review - East Passyunk - Philadelphia - The Infatuation"
        ],
        "location": [
            "Philadelphia"
        ],
        "author": [
            "Sydney McElwee"
        ],
        "date": [
            "October 8, 2019"
        ]
    },
    {
        "page": "129",
        "name": [
            "The Good King Tavern Review - Bella Vista - Philadelphia - The Infatuation"
        ],
        "location": [
            "Philadelphia"
        ],
        "author": [
            "Candis R. McLean"
        ],
        "date": [
            "May 3, 2023"
        ]
    },
    {
        "page": "125",
        "name": [
            "Talula\u2019s Garden Review - Washington Square West - Philadelphia - The Infatuation"
        ],
        "location": [
            "Philadelphia"
        ],
        "author": [
            "Sydney McElwee"
        ],
        "date": [
            "January 14, 2022"
        ]
    },
    {
        "page": "128",
        "name": [
            "The Good King Tavern Review - Bella Vista - Philadelphia - The Infatuation"
        ],
        "location": [
            "Philadelphia"
        ],
        "author": [
            "Candis R. McLean"
        ],
        "date": [
            "May 3, 2023"
        ]
    },
    {
        "page": "127",
        "name": [
            "The Continental Mid-Town Review - Center City - Philadelphia - The Infatuation"
        ],
        "location": [
            "Philadelphia"
        ],
        "author": [
            "Sydney McElwee"
        ],
        "date": [
            "January 14, 2022"
        ]
    },
    {
        "page": "13",
        "name": [
            "Buddakan Review - Old City - Philadelphia - The Infatuation"
        ],
        "location": [
            "Philadelphia"
        ],
        "author": [],
        "date": []
    },
    {
        "page": "131",
        "name": [
            "Tio Flores Review - Graduate Hospital - Philadelphia - The Infatuation"
        ],
        "location": [
            "Philadelphia"
        ],
        "author": [
            "Jordan Price"
        ],
        "date": [
            "October 29, 2018"
        ]
    },
    {
        "page": "130",
        "name": [
            "The Love Review - Rittenhouse - Philadelphia - The Infatuation"
        ],
        "location": [
            "Philadelphia"
        ],
        "author": [
            "Sydney McElwee"
        ],
        "date": [
            "January 14, 2022"
        ]
    },
    {
        "page": "135",
        "name": [
            "Tria Review - Washington Square West - Philadelphia - The Infatuation"
        ],
        "location": [
            "Philadelphia"
        ],
        "author": [
            "Candis R. McLean"
        ],
        "date": [
            "October 29, 2018"
        ]
    },
    {
        "page": "132",
        "name": [
            "Tom\u2019s Dim Sum Review - Chinatown - Philadelphia - The Infatuation"
        ],
        "location": [
            "Philadelphia"
        ],
        "author": [
            "Sydney McElwee"
        ],
        "date": [
            "October 8, 2019"
        ]
    },
    {
        "page": "134",
        "name": [
            "Trattoria Carina Review - Rittenhouse - Philadelphia - The Infatuation"
        ],
        "location": [
            "Philadelphia"
        ],
        "author": [
            "Alison B. Kessler"
        ],
        "date": [
            "April 22, 2024"
        ]
    },
    {
        "page": "137",
        "name": [
            "Vanilya Bakery Review - East Passyunk - Philadelphia - The Infatuation"
        ],
        "location": [
            "Philadelphia"
        ],
        "author": [
            "Candis R. McLean"
        ],
        "date": [
            "December 22, 2018"
        ]
    },
    {
        "page": "138",
        "name": [
            "Vernick Coffee Bar Review - Logan Square - Philadelphia - The Infatuation"
        ],
        "location": [
            "Philadelphia"
        ],
        "author": [
            "Candis R. McLean"
        ],
        "date": [
            "December 6, 2018"
        ]
    },
    {
        "page": "136",
        "name": [
            "Uncle Bill\u2019s Pancake House Review - Ocean City - Philadelphia - The Infatuation"
        ],
        "location": [
            "Philadelphia"
        ],
        "author": [
            "Sydney McElwee"
        ],
        "date": [
            "June 24, 2019"
        ]
    },
    {
        "page": "139",
        "name": [
            "Vetri Cucina Review - Center City - Philadelphia - The Infatuation"
        ],
        "location": [
            "Philadelphia"
        ],
        "author": [
            "Candis R. McLean"
        ],
        "date": [
            "March 14, 2024"
        ]
    },
    {
        "page": "133",
        "name": [
            "Tranzilli\u2019s Water Ice Review - Germantown - Philadelphia - The Infatuation"
        ],
        "location": [
            "Philadelphia"
        ],
        "author": [
            "Candis R. McLean"
        ],
        "date": [
            "June 9, 2022"
        ]
    },
    {
        "page": "14",
        "name": [
            "Burger Buff Review - Philadelphia - The Infatuation"
        ],
        "location": [
            "Philadelphia"
        ],
        "author": [
            "Michael Sinatra"
        ],
        "date": [
            "June 7, 2022"
        ]
    },
    {
        "page": "143",
        "name": [
            "XFINITY Live! Philadelphia Review - South Philly - Philadelphia - The Infatuation"
        ],
        "location": [
            "Philadelphia"
        ],
        "author": [
            "Candis R. McLean"
        ],
        "date": [
            "July 13, 2022"
        ]
    },
    {
        "page": "142",
        "name": [
            "White Elephant Review - Center City - Philadelphia - The Infatuation"
        ],
        "location": [
            "Philadelphia"
        ],
        "author": [
            "Candis R. McLean"
        ],
        "date": [
            "December 8, 2023"
        ]
    },
    {
        "page": "141",
        "name": [
            "Village Whiskey Review - Rittenhouse - Philadelphia - The Infatuation"
        ],
        "location": [
            "Philadelphia"
        ],
        "author": [
            "Jordan Price"
        ],
        "date": [
            "October 29, 2018"
        ]
    },
    {
        "page": "140",
        "name": [
            "Vientiane Cafe Review - West Philadelphia - Philadelphia - The Infatuation"
        ],
        "location": [
            "Philadelphia"
        ],
        "author": [
            "Jordan Price"
        ],
        "date": [
            "October 29, 2018"
        ]
    },
    {
        "page": "144",
        "name": [
            "Zig Zag BBQ Review - Philadelphia - The Infatuation"
        ],
        "location": [
            "Philadelphia"
        ],
        "author": [
            "Sydney McElwee"
        ],
        "date": [
            "July 21, 2020"
        ]
    },
    {
        "page": "146",
        "name": [
            "48th Street Grille Review - West Philadelphia - Philadelphia - The Infatuation"
        ],
        "location": [
            "Philadelphia",
            "Pittsburgh"
        ],
        "author": [],
        "date": [
            "April 19, 2022"
        ]
    },
    {
        "page": "149",
        "name": [
            "Alice Review - Bella Vista - Philadelphia - The Infatuation"
        ],
        "location": [
            "Philadelphia",
            "Pittsburgh"
        ],
        "author": [],
        "date": [
            "December 5, 2023"
        ]
    },
    {
        "page": "15",
        "name": [
            "Burg\u2019s Hideaway Lounge Review - Point Breeze - Philadelphia - The Infatuation"
        ],
        "location": [
            "Philadelphia"
        ],
        "author": [],
        "date": []
    },
    {
        "page": "145",
        "name": [
            "20th Street Pizza Review - Center City - Philadelphia - The Infatuation"
        ],
        "location": [
            "Philadelphia",
            "Pittsburgh"
        ],
        "author": [],
        "date": [
            "October 29, 2019"
        ]
    },
    {
        "page": "148",
        "name": [
            "Aksum Review - West Philadelphia - Philadelphia - The Infatuation"
        ],
        "location": [
            "Philadelphia",
            "Pittsburgh"
        ],
        "author": [],
        "date": [
            "February 6, 2019"
        ]
    },
    {
        "page": "150",
        "name": [
            "All the Way Live Review - Germantown - Philadelphia - The Infatuation"
        ],
        "location": [
            "Philadelphia",
            "Pittsburgh"
        ],
        "author": [],
        "date": [
            "December 3, 2020"
        ]
    },
    {
        "page": "147",
        "name": [
            "a.kitchen Review - Center City - Philadelphia - The Infatuation"
        ],
        "location": [
            "Philadelphia",
            "Pittsburgh"
        ],
        "author": [],
        "date": [
            "July 7, 2022"
        ]
    },
    {
        "page": "152",
        "name": [
            "Amada Review - Old City - Philadelphia - The Infatuation"
        ],
        "location": [
            "Philadelphia",
            "Pittsburgh"
        ],
        "author": [],
        "date": [
            "January 14, 2022"
        ]
    },
    {
        "page": "153",
        "name": [
            "Amma\u2019s South Indian Cuisine Review - Center City - Philadelphia - The Infatuation"
        ],
        "location": [
            "Philadelphia",
            "Pittsburgh"
        ],
        "author": [],
        "date": [
            "January 10, 2022"
        ]
    },
    {
        "page": "155",
        "name": [
            "Asadero Los Tios Review - Northeast Philly - Philadelphia - The Infatuation"
        ],
        "location": [
            "Philadelphia",
            "Pittsburgh"
        ],
        "author": [],
        "date": [
            "November 6, 2023"
        ]
    },
    {
        "page": "156",
        "name": [
            "Asad's Hot Chicken Review - Northeast Philly - Philadelphia - The Infatuation"
        ],
        "location": [
            "Philadelphia",
            "Pittsburgh"
        ],
        "author": [],
        "date": [
            "November 8, 2022"
        ]
    },
    {
        "page": "151",
        "name": [
            "Almyra Review - Center City - Philadelphia - The Infatuation"
        ],
        "location": [
            "Philadelphia",
            "Pittsburgh"
        ],
        "author": [],
        "date": [
            "May 14, 2024"
        ]
    },
    {
        "page": "154",
        "name": [
            "Anthony's Italian Coffee House and Chocolate Shop Review - Italian Market - Philadelphia - The Infatuation"
        ],
        "location": [
            "Philadelphia",
            "Pittsburgh"
        ],
        "author": [],
        "date": [
            "May 13, 2024"
        ]
    },
    {
        "page": "157",
        "name": [
            "Attico Review - Center City - Philadelphia - The Infatuation"
        ],
        "location": [
            "Philadelphia",
            "Pittsburgh"
        ],
        "author": [],
        "date": [
            "April 19, 2022"
        ]
    },
    {
        "page": "158",
        "name": [
            "Avenue Steaks & Pizza Review - South Philly - Philadelphia - The Infatuation"
        ],
        "location": [
            "Philadelphia",
            "Pittsburgh"
        ],
        "author": [],
        "date": [
            "October 19, 2023"
        ]
    },
    {
        "page": "160",
        "name": [
            "Banh Mi And Bottles Review - South Street - Philadelphia - The Infatuation"
        ],
        "location": [
            "Philadelphia",
            "Pittsburgh"
        ],
        "author": [],
        "date": [
            "August 29, 2023"
        ]
    },
    {
        "page": "161",
        "name": [
            "Bar 1010 Review - Northern Liberties - Philadelphia - The Infatuation"
        ],
        "location": [
            "Philadelphia",
            "Pittsburgh"
        ],
        "author": [],
        "date": [
            "August 7, 2023"
        ]
    },
    {
        "page": "16",
        "name": [
            "Burrata Review - South Philly - Philadelphia - The Infatuation"
        ],
        "location": [
            "Philadelphia"
        ],
        "author": [
            "Candis R. McLean"
        ],
        "date": [
            "February 15, 2023"
        ]
    },
    {
        "page": "162",
        "name": [
            "Bar Bomb\u00f3n Review - Rittenhouse - Philadelphia - The Infatuation"
        ],
        "location": [
            "Philadelphia",
            "Pittsburgh"
        ],
        "author": [],
        "date": [
            "October 29, 2019"
        ]
    },
    {
        "page": "159",
        "name": [
            "Bad Brother Review - Fairmount - Philadelphia - The Infatuation"
        ],
        "location": [
            "Philadelphia",
            "Pittsburgh"
        ],
        "author": [],
        "date": [
            "December 13, 2023"
        ]
    },
    {
        "page": "164",
        "name": [
            "Bar Lesieur Review - Center City - Philadelphia - The Infatuation"
        ],
        "location": [
            "Philadelphia",
            "Pittsburgh"
        ],
        "author": [],
        "date": [
            "March 28, 2024"
        ]
    },
    {
        "page": "165",
        "name": [
            "Bar Lizette  Review - Mt. Airy - Philadelphia - The Infatuation"
        ],
        "location": [
            "Philadelphia",
            "Pittsburgh"
        ],
        "author": [],
        "date": [
            "August 14, 2023"
        ]
    },
    {
        "page": "163",
        "name": [
            "Bar Jawn Review - Manayunk - Philadelphia - The Infatuation"
        ],
        "location": [
            "Philadelphia",
            "Pittsburgh"
        ],
        "author": [],
        "date": [
            "January 5, 2024"
        ]
    },
    {
        "page": "168",
        "name": [
            "Bart\u2019s Bagels Review - West Philadelphia - Philadelphia - The Infatuation"
        ],
        "location": [
            "Philadelphia",
            "Pittsburgh"
        ],
        "author": [],
        "date": [
            "September 19, 2022"
        ]
    },
    {
        "page": "169",
        "name": [
            "Bassett\u2019s Ice Cream Review - Center City - Philadelphia - The Infatuation"
        ],
        "location": [
            "Philadelphia",
            "Pittsburgh"
        ],
        "author": [],
        "date": [
            "August 22, 2019"
        ]
    },
    {
        "page": "166",
        "name": [
            "Bar Ly Chinatown Review - Chinatown - Philadelphia - The Infatuation"
        ],
        "location": [
            "Philadelphia",
            "Pittsburgh"
        ],
        "author": [],
        "date": [
            "April 4, 2019"
        ]
    },
    {
        "page": "167",
        "name": [
            "Barbuzzo Mediterranean Kitchen & Bar Review - Center City - Philadelphia - The Infatuation"
        ],
        "location": [
            "Philadelphia",
            "Pittsburgh"
        ],
        "author": [],
        "date": [
            "May 22, 2023"
        ]
    },
    {
        "page": "172",
        "name": [
            "Bistro Southeast Review - South Street - Philadelphia - The Infatuation"
        ],
        "location": [
            "Philadelphia",
            "Pittsburgh"
        ],
        "author": [],
        "date": [
            "August 31, 2022"
        ]
    },
    {
        "page": "17",
        "name": [
            "Cafe La Maude Review - Northern Liberties - Philadelphia - The Infatuation"
        ],
        "location": [
            "Philadelphia"
        ],
        "author": [
            "Jordan Price"
        ],
        "date": [
            "January 14, 2022"
        ]
    },
    {
        "page": "173",
        "name": [
            "Bistrot la Minette Review - Queen Village - Philadelphia - The Infatuation"
        ],
        "location": [
            "Philadelphia",
            "Pittsburgh"
        ],
        "author": [],
        "date": [
            "April 2, 2024"
        ]
    },
    {
        "page": "175",
        "name": [
            "Blue Corn Restaurant Review - Italian Market - Philadelphia - The Infatuation"
        ],
        "location": [
            "Philadelphia",
            "Pittsburgh"
        ],
        "author": [],
        "date": [
            "October 5, 2023"
        ]
    },
    {
        "page": "176",
        "name": [
            "Bolo Review - Rittenhouse - Philadelphia - The Infatuation"
        ],
        "location": [
            "Philadelphia",
            "Pittsburgh"
        ],
        "author": [],
        "date": [
            "August 15, 2023"
        ]
    },
    {
        "page": "174",
        "name": [
            "Black Turtle Coffee Review - Center City - Philadelphia - The Infatuation"
        ],
        "location": [
            "Philadelphia",
            "Pittsburgh"
        ],
        "author": [],
        "date": [
            "August 25, 2023"
        ]
    },
    {
        "page": "177",
        "name": [
            "Bombay Kitchen Food Truck Review - Northeast Philly - Philadelphia - The Infatuation"
        ],
        "location": [
            "Philadelphia",
            "Pittsburgh"
        ],
        "author": [],
        "date": [
            "October 19, 2023"
        ]
    },
    {
        "page": "170",
        "name": [
            "Beiler\u2019s Doughnuts Review - Center City - Philadelphia - The Infatuation"
        ],
        "location": [
            "Philadelphia",
            "Pittsburgh"
        ],
        "author": [],
        "date": [
            "April 19, 2022"
        ]
    },
    {
        "page": "179",
        "name": [
            "Bottega Rittenhouse Review - Rittenhouse - Philadelphia - The Infatuation"
        ],
        "location": [
            "Philadelphia",
            "Pittsburgh"
        ],
        "author": [],
        "date": []
    },
    {
        "page": "178",
        "name": [
            "Boricua 2 Review - Port Richmond - Philadelphia - The Infatuation"
        ],
        "location": [
            "Philadelphia",
            "Pittsburgh"
        ],
        "author": [],
        "date": [
            "September 27, 2023"
        ]
    },
    {
        "page": "181",
        "name": [
            "Breezy's Deli & Market Review - Point Breeze - Philadelphia - The Infatuation"
        ],
        "location": [
            "Philadelphia",
            "Pittsburgh"
        ],
        "author": [],
        "date": [
            "May 16, 2024"
        ]
    },
    {
        "page": "171",
        "name": [
            "Bing Bing Dim Sum Review - East Passyunk - Philadelphia - The Infatuation"
        ],
        "location": [
            "Philadelphia",
            "Pittsburgh"
        ],
        "author": [],
        "date": [
            "January 14, 2022"
        ]
    },
    {
        "page": "182",
        "name": [
            "Brewerytown Bakery Review - Philadelphia - The Infatuation"
        ],
        "location": [
            "Philadelphia",
            "Pittsburgh"
        ],
        "author": [],
        "date": [
            "September 29, 2022"
        ]
    },
    {
        "page": "183",
        "name": [
            "Brown Sugar Bakery & Caf\u00e9 Review - West Philadelphia - Philadelphia - The Infatuation"
        ],
        "location": [
            "Philadelphia",
            "Pittsburgh"
        ],
        "author": [],
        "date": [
            "December 15, 2023"
        ]
    },
    {
        "page": "184",
        "name": [
            "Brunchaholics Review - Northern Liberties - Philadelphia - The Infatuation"
        ],
        "location": [
            "Philadelphia",
            "Pittsburgh"
        ],
        "author": [],
        "date": [
            "December 15, 2023"
        ]
    },
    {
        "page": "185",
        "name": [
            "Bud & Marilyn\u2019s Review - Center City - Philadelphia - The Infatuation"
        ],
        "location": [
            "Philadelphia",
            "Pittsburgh"
        ],
        "author": [],
        "date": [
            "May 31, 2023"
        ]
    },
    {
        "page": "186",
        "name": [
            "Butcher And Singer Review - Center City - Philadelphia - The Infatuation"
        ],
        "location": [
            "Philadelphia",
            "Pittsburgh"
        ],
        "author": [],
        "date": [
            "October 2, 2023"
        ]
    },
    {
        "page": "188",
        "name": [
            "Cafe An Review - Northern Liberties - Philadelphia - The Infatuation"
        ],
        "location": [
            "Philadelphia",
            "Pittsburgh"
        ],
        "author": [],
        "date": [
            "July 13, 2023"
        ]
    },
    {
        "page": "187",
        "name": [
            "By George Review - Center City - Philadelphia - The Infatuation"
        ],
        "location": [
            "Philadelphia",
            "Pittsburgh"
        ],
        "author": [],
        "date": [
            "October 19, 2023"
        ]
    },
    {
        "page": "189",
        "name": [
            "Cafe\u0301 Carmela Review - Northeast Philly - Philadelphia - The Infatuation"
        ],
        "location": [
            "Philadelphia",
            "Pittsburgh"
        ],
        "author": [],
        "date": [
            "August 14, 2023"
        ]
    },
    {
        "page": "19",
        "name": [
            "Cake Review - Chestnut Hill - Philadelphia - The Infatuation"
        ],
        "location": [
            "Philadelphia"
        ],
        "author": [
            "Candis R. McLean"
        ],
        "date": [
            "August 9, 2021"
        ]
    },
    {
        "page": "2",
        "name": [
            "Abe Fisher Review - Rittenhouse - Philadelphia - The Infatuation"
        ],
        "location": [
            "Philadelphia"
        ],
        "author": [
            "Alison B. Kessler"
        ],
        "date": [
            "December 21, 2022"
        ]
    },
    {
        "page": "20",
        "name": [
            "Next Of Kin Review - Fishtown - Philadelphia - The Infatuation"
        ],
        "location": [
            "Philadelphia"
        ],
        "author": [
            "Candis R. McLean"
        ],
        "date": [
            "January 31, 2024"
        ]
    },
    {
        "page": "21",
        "name": [
            "Chestnut Hill Brewing Company Review - Chestnut Hill - Philadelphia - The Infatuation"
        ],
        "location": [
            "Philadelphia"
        ],
        "author": [
            "Candis R. McLean"
        ],
        "date": [
            "June 24, 2022"
        ]
    },
    {
        "page": "18",
        "name": [
            "Cafe Lift Review - Callowhill - Philadelphia - The Infatuation"
        ],
        "location": [
            "Philadelphia"
        ],
        "author": [
            "Jordan Price"
        ],
        "date": [
            "October 29, 2018"
        ]
    },
    {
        "page": "180",
        "name": [
            "Bredenbeck's Bakery & Ice Cream Parlor Review - Chestnut Hill - Philadelphia - The Infatuation"
        ],
        "location": [
            "Philadelphia",
            "Pittsburgh"
        ],
        "author": [],
        "date": [
            "August 14, 2023"
        ]
    },
    {
        "page": "22",
        "name": [
            "Chika Ramen Bar Review - Center City - Philadelphia - The Infatuation"
        ],
        "location": [
            "Philadelphia"
        ],
        "author": [
            "Candis R. McLean"
        ],
        "date": [
            "March 14, 2024"
        ]
    },
    {
        "page": "25",
        "name": [
            "Circles + Squares Review - Olde Richmond - Philadelphia - The Infatuation"
        ],
        "location": [
            "Philadelphia"
        ],
        "author": [
            "Sydney McElwee"
        ],
        "date": [
            "January 14, 2022"
        ]
    },
    {
        "page": "23",
        "name": [
            "China Gourmet Review - Northeast Philly - Philadelphia - The Infatuation"
        ],
        "location": [
            "Philadelphia"
        ],
        "author": [
            "Alison B. Kessler"
        ],
        "date": [
            "May 23, 2023"
        ]
    },
    {
        "page": "26",
        "name": [
            "City Tap House Review - University City - Philadelphia - The Infatuation"
        ],
        "location": [
            "Philadelphia"
        ],
        "author": [
            "Jordan Price"
        ],
        "date": [
            "January 14, 2022"
        ]
    },
    {
        "page": "27",
        "name": [
            "City Winery Review - Center City - Philadelphia - The Infatuation"
        ],
        "location": [
            "Philadelphia"
        ],
        "author": [
            "Candis R. McLean"
        ],
        "date": [
            "July 15, 2022"
        ]
    },
    {
        "page": "29",
        "name": [
            "Conshohocken Brewing Company Review - Conshohocken - Philadelphia - The Infatuation"
        ],
        "location": [
            "Philadelphia"
        ],
        "author": [],
        "date": []
    },
    {
        "page": "30",
        "name": [
            "Craftsman Row Saloon Review - Old City - Philadelphia - The Infatuation"
        ],
        "location": [
            "Philadelphia"
        ],
        "author": [
            "Candis R. McLean"
        ],
        "date": [
            "July 7, 2022"
        ]
    },
    {
        "page": "3",
        "name": [
            "Amina Review - Old City - Philadelphia - The Infatuation"
        ],
        "location": [
            "Philadelphia"
        ],
        "author": [
            "Candis R. McLean"
        ],
        "date": [
            "June 27, 2022"
        ]
    },
    {
        "page": "24",
        "name": [
            "Circle Pizza Review - Avalon - Philadelphia - The Infatuation"
        ],
        "location": [
            "Philadelphia"
        ],
        "author": [
            "Sydney McElwee"
        ],
        "date": [
            "June 24, 2019"
        ]
    },
    {
        "page": "32",
        "name": [
            "David\u2019s Mai Lai Wah Review - Chinatown - Philadelphia - The Infatuation"
        ],
        "location": [
            "Philadelphia"
        ],
        "author": [
            "Sydney McElwee"
        ],
        "date": [
            "January 14, 2022"
        ]
    },
    {
        "page": "28",
        "name": [
            "Concourse Dance Club Review - Center City - Philadelphia - The Infatuation"
        ],
        "location": [
            "Philadelphia"
        ],
        "author": [
            "Sydney McElwee"
        ],
        "date": [
            "April 25, 2019"
        ]
    },
    {
        "page": "31",
        "name": [
            "DanDan Review - Rittenhouse - Philadelphia - The Infatuation"
        ],
        "location": [
            "Philadelphia"
        ],
        "author": [
            "Jordan Price"
        ],
        "date": [
            "January 14, 2022"
        ]
    },
    {
        "page": "33",
        "name": [
            "Dawa: Joseph\u2019s Sushi and Ramen Review - Fishtown - Philadelphia - The Infatuation"
        ],
        "location": [
            "Philadelphia"
        ],
        "author": [
            "Team Infatuation"
        ],
        "date": [
            "May 15, 2023"
        ]
    },
    {
        "page": "39",
        "name": [
            "Entree BYOB Review - South Street - Philadelphia - The Infatuation"
        ],
        "location": [
            "Philadelphia"
        ],
        "author": [
            "Candis R. McLean"
        ],
        "date": [
            "August 31, 2022"
        ]
    },
    {
        "page": "38",
        "name": [
            "El Vez Review - Center City - Philadelphia - The Infatuation"
        ],
        "location": [
            "Philadelphia"
        ],
        "author": [
            "Candis R. McLean"
        ],
        "date": [
            "April 7, 2022"
        ]
    },
    {
        "page": "4",
        "name": [
            "Andra Hem Review - Rittenhouse - Philadelphia - The Infatuation"
        ],
        "location": [
            "Philadelphia"
        ],
        "author": [
            "Candis R. McLean"
        ],
        "date": [
            "February 7, 2023"
        ]
    },
    {
        "page": "34",
        "name": [
            "Deke\u2019s Bar-B-Que Review - Germantown - Philadelphia - The Infatuation"
        ],
        "location": [
            "Philadelphia"
        ],
        "author": [
            "Candis R. McLean"
        ],
        "date": [
            "August 25, 2022"
        ]
    },
    {
        "page": "40",
        "name": [
            "Estia Review - Midtown Village - Philadelphia - The Infatuation"
        ],
        "location": [
            "Philadelphia"
        ],
        "author": [],
        "date": []
    },
    {
        "page": "36",
        "name": [
            "Dock Street Brewery & Restaurant Review - University City - Philadelphia - The Infatuation"
        ],
        "location": [
            "Philadelphia"
        ],
        "author": [
            "Sydney McElwee"
        ],
        "date": [
            "March 28, 2019"
        ]
    },
    {
        "page": "41",
        "name": [
            "Famous 4th Street Delicatessen Review - Queen Village - Philadelphia - The Infatuation"
        ],
        "location": [
            "Philadelphia"
        ],
        "author": [
            "Alison B. Kessler"
        ],
        "date": [
            "June 1, 2023"
        ]
    },
    {
        "page": "43",
        "name": [
            "Federal Donuts Review - South Street - Philadelphia - The Infatuation"
        ],
        "location": [
            "Philadelphia"
        ],
        "author": [
            "Candis R. McLean"
        ],
        "date": [
            "March 25, 2022"
        ]
    },
    {
        "page": "45",
        "name": [
            "Fishtown Social Review - Fishtown - Philadelphia - The Infatuation"
        ],
        "location": [
            "Philadelphia"
        ],
        "author": [
            "Sydney McElwee"
        ],
        "date": [
            "October 8, 2019"
        ]
    },
    {
        "page": "46",
        "name": [
            "Forin Cafe 2525 Review - Kensington - Philadelphia - The Infatuation"
        ],
        "location": [
            "Philadelphia"
        ],
        "author": [
            "Alison B. Kessler"
        ],
        "date": [
            "March 10, 2023"
        ]
    },
    {
        "page": "44",
        "name": [
            "Felton Mini Market Review - West Philadelphia - Philadelphia - The Infatuation"
        ],
        "location": [
            "Philadelphia"
        ],
        "author": [],
        "date": []
    },
    {
        "page": "47",
        "name": [
            "Forsythia Review - Old City - Philadelphia - The Infatuation"
        ],
        "location": [
            "Philadelphia"
        ],
        "author": [
            "Candis R. McLean"
        ],
        "date": [
            "September 22, 2023"
        ]
    },
    {
        "page": "42",
        "name": [
            "Fat Salmon Review - Old City - Philadelphia - The Infatuation"
        ],
        "location": [
            "Philadelphia"
        ],
        "author": [
            "Sydney McElwee"
        ],
        "date": [
            "September 22, 2023"
        ]
    },
    {
        "page": "48",
        "name": [
            "Fountain Porter Review - East Passyunk - Philadelphia - The Infatuation"
        ],
        "location": [
            "Philadelphia"
        ],
        "author": [
            "Alison B. Kessler"
        ],
        "date": [
            "June 27, 2023"
        ]
    },
    {
        "page": "5",
        "name": [
            "Apricot Stone Review - Northern Liberties - Philadelphia - The Infatuation"
        ],
        "location": [
            "Philadelphia"
        ],
        "author": [
            "Sydney McElwee"
        ],
        "date": [
            "January 14, 2022"
        ]
    },
    {
        "page": "51",
        "name": [
            "Gooey Looie's Review - South Philly - Philadelphia - The Infatuation"
        ],
        "location": [
            "Philadelphia"
        ],
        "author": [],
        "date": []
    },
    {
        "page": "49",
        "name": [
            "Fred's Water Ice Review - West Philadelphia - Philadelphia - The Infatuation"
        ],
        "location": [
            "Philadelphia"
        ],
        "author": [
            "Candis R. McLean"
        ],
        "date": [
            "June 8, 2022"
        ]
    },
    {
        "page": "50",
        "name": [
            "Germantown Garden Review - Northern Liberties - Philadelphia - The Infatuation"
        ],
        "location": [
            "Philadelphia"
        ],
        "author": [
            "Sydney McElwee"
        ],
        "date": [
            "July 30, 2019"
        ]
    },
    {
        "page": "52",
        "name": [
            "Gou Restaurant Review - North Philly - Philadelphia - The Infatuation"
        ],
        "location": [
            "Philadelphia"
        ],
        "author": [
            "Candis R. McLean"
        ],
        "date": [
            "May 20, 2024"
        ]
    },
    {
        "page": "53",
        "name": [
            "Grandma's Philly Review - Midtown Village - Philadelphia - The Infatuation"
        ],
        "location": [
            "Philadelphia"
        ],
        "author": [
            "Alison B. Kessler"
        ],
        "date": [
            "January 5, 2023"
        ]
    },
    {
        "page": "55",
        "name": [
            "Helm Review - Kensington - Philadelphia - The Infatuation"
        ],
        "location": [
            "Philadelphia"
        ],
        "author": [
            "Team Infatuation"
        ],
        "date": [
            "April 15, 2022"
        ]
    },
    {
        "page": "57",
        "name": [
            "Hikari Review - Northern Liberties - Philadelphia - The Infatuation"
        ],
        "location": [
            "Philadelphia"
        ],
        "author": [
            "Sydney McElwee"
        ],
        "date": [
            "January 14, 2022"
        ]
    },
    {
        "page": "56",
        "name": [
            "Hi Lo Taco Review - Center City - Philadelphia - The Infatuation"
        ],
        "location": [
            "Philadelphia"
        ],
        "author": [
            "Alison B. Kessler"
        ],
        "date": [
            "May 2, 2024"
        ]
    },
    {
        "page": "54",
        "name": [
            "Han Dynasty Review - Old City - Philadelphia - The Infatuation"
        ],
        "location": [
            "Philadelphia"
        ],
        "author": [
            "Sydney McElwee"
        ],
        "date": [
            "January 14, 2022"
        ]
    },
    {
        "page": "58",
        "name": [
            "Honey\u2019s Sit \u2019n Eat Review - Northern Liberties - Philadelphia - The Infatuation"
        ],
        "location": [
            "Philadelphia"
        ],
        "author": [
            "Candis R. McLean"
        ],
        "date": [
            "January 14, 2022"
        ]
    },
    {
        "page": "59",
        "name": [
            "Huda Review - Center City - Philadelphia - The Infatuation"
        ],
        "location": [
            "Philadelphia"
        ],
        "author": [
            "Candis R. McLean"
        ],
        "date": [
            "August 22, 2022"
        ]
    },
    {
        "page": "6",
        "name": [
            "At Ramen MNYK Review - Manayunk - Philadelphia - The Infatuation"
        ],
        "location": [
            "Philadelphia"
        ],
        "author": [
            "Candis R. McLean"
        ],
        "date": [
            "May 12, 2022"
        ]
    },
    {
        "page": "60",
        "name": [
            "I Heart Cambodia Review - South Philly - Philadelphia - The Infatuation"
        ],
        "location": [
            "Philadelphia"
        ],
        "author": [
            "Candis R. McLean"
        ],
        "date": [
            "May 27, 2022"
        ]
    },
    {
        "page": "61",
        "name": [
            "ITV Review - East Passyunk - Philadelphia - The Infatuation"
        ],
        "location": [
            "Philadelphia"
        ],
        "author": [
            "Sydney McElwee"
        ],
        "date": [
            "October 29, 2018"
        ]
    },
    {
        "page": "62",
        "name": [
            "Izakaya Fishtown Review - Fishtown - Philadelphia - The Infatuation"
        ],
        "location": [
            "Philadelphia"
        ],
        "author": [
            "Candis R. McLean"
        ],
        "date": [
            "September 20, 2023"
        ]
    },
    {
        "page": "65",
        "name": [
            "Jeong\u2019s Noodle Review - Cheltenham - Philadelphia - The Infatuation"
        ],
        "location": [
            "Philadelphia"
        ],
        "author": [
            "Candis R. McLean"
        ],
        "date": [
            "November 15, 2023"
        ]
    },
    {
        "page": "64",
        "name": [
            "Jansen Review - Mt. Airy - Philadelphia - The Infatuation"
        ],
        "location": [
            "Philadelphia"
        ],
        "author": [
            "Candis R. McLean"
        ],
        "date": [
            "August 9, 2023"
        ]
    },
    {
        "page": "63",
        "name": [
            "Jamonera Review - Center City - Philadelphia - The Infatuation"
        ],
        "location": [
            "Philadelphia"
        ],
        "author": [
            "Sydney McElwee"
        ],
        "date": [
            "January 6, 2019"
        ]
    },
    {
        "page": "66",
        "name": [
            "Johnny's Hots Review - Fishtown - Philadelphia - The Infatuation"
        ],
        "location": [
            "Philadelphia"
        ],
        "author": [
            "Candis R. McLean"
        ],
        "date": [
            "January 4, 2023"
        ]
    },
    {
        "page": "7",
        "name": [
            "Atlanta Wings Review - South Philly - Philadelphia - The Infatuation"
        ],
        "location": [
            "Philadelphia"
        ],
        "author": [
            "Candis R. McLean"
        ],
        "date": [
            "September 28, 2020"
        ]
    },
    {
        "page": "67",
        "name": [
            "Kaffa Crossing Review - University City - Philadelphia - The Infatuation"
        ],
        "location": [
            "Philadelphia"
        ],
        "author": [
            "Candis R. McLean"
        ],
        "date": [
            "April 29, 2024"
        ]
    },
    {
        "page": "70",
        "name": [
            "Korshak Bagels Review - East Passyunk - Philadelphia - The Infatuation"
        ],
        "location": [
            "Philadelphia"
        ],
        "author": [
            "Candis R. McLean"
        ],
        "date": [
            "September 19, 2022"
        ]
    },
    {
        "page": "69",
        "name": [
            "Kinme Review - Midtown Village - Philadelphia - The Infatuation"
        ],
        "location": [
            "Philadelphia"
        ],
        "author": [
            "Candis R. McLean"
        ],
        "date": [
            "August 22, 2022"
        ]
    },
    {
        "page": "73",
        "name": [
            "Laurel Review - East Passyunk - Philadelphia - The Infatuation"
        ],
        "location": [
            "Philadelphia"
        ],
        "author": [
            "Candis R. McLean"
        ],
        "date": [
            "September 8, 2023"
        ]
    },
    {
        "page": "72",
        "name": [
            "Las Cazuelas Review - Northern Liberties - Philadelphia - The Infatuation"
        ],
        "location": [
            "Philadelphia"
        ],
        "author": [
            "Candis R. McLean"
        ],
        "date": [
            "October 29, 2018"
        ]
    },
    {
        "page": "71",
        "name": [
            "La Calaca Feliz Review - Fairmount - Philadelphia - The Infatuation"
        ],
        "location": [
            "Philadelphia"
        ],
        "author": [
            "Candis R. McLean"
        ],
        "date": [
            "March 5, 2024"
        ]
    },
    {
        "page": "74",
        "name": [
            "Le Caveau Review - Philadelphia - The Infatuation"
        ],
        "location": [
            "Philadelphia"
        ],
        "author": [
            "Sydney McElwee"
        ],
        "date": [
            "November 26, 2019"
        ]
    },
    {
        "page": "68",
        "name": [
            "Kanella Grill Review - Washington Square West - Philadelphia - The Infatuation"
        ],
        "location": [
            "Philadelphia"
        ],
        "author": [],
        "date": []
    },
    {
        "page": "75",
        "name": [
            "Les & Doreen's Happy Tap  Review - Fishtown - Philadelphia - The Infatuation"
        ],
        "location": [
            "Philadelphia"
        ],
        "author": [
            "Candis R. McLean"
        ],
        "date": [
            "April 29, 2024"
        ]
    },
    {
        "page": "78",
        "name": [
            "Love City Brewing  Review - Callowhill - Philadelphia - The Infatuation"
        ],
        "location": [
            "Philadelphia"
        ],
        "author": [
            "Candis R. McLean"
        ],
        "date": [
            "June 24, 2022"
        ]
    },
    {
        "page": "8",
        "name": [
            "Bagels & Co. Review - Northern Liberties - Philadelphia - The Infatuation"
        ],
        "location": [
            "Philadelphia"
        ],
        "author": [],
        "date": []
    },
    {
        "page": "76",
        "name": [
            "Locust Rendezvous Review - Center City - Philadelphia - The Infatuation"
        ],
        "location": [
            "Philadelphia"
        ],
        "author": [
            "Candis R. McLean"
        ],
        "date": [
            "April 29, 2024"
        ]
    },
    {
        "page": "80",
        "name": [
            "Machine Shop Boulangerie  Review - South Philly - Philadelphia - The Infatuation"
        ],
        "location": [
            "Philadelphia"
        ],
        "author": [
            "Candis R. McLean"
        ],
        "date": [
            "February 23, 2024"
        ]
    },
    {
        "page": "79",
        "name": [
            "Love & Honey Fried Chicken Review - Northern Liberties - Philadelphia - The Infatuation"
        ],
        "location": [
            "Philadelphia"
        ],
        "author": [
            "Candis R. McLean"
        ],
        "date": [
            "September 28, 2020"
        ]
    },
    {
        "page": "82",
        "name": [
            "Manakeesh Cafe Bakery Review - University City - Philadelphia - The Infatuation"
        ],
        "location": [
            "Philadelphia"
        ],
        "author": [
            "Sydney McElwee"
        ],
        "date": [
            "March 28, 2019"
        ]
    },
    {
        "page": "77",
        "name": [
            "Lorraine Review - Fairmount - Philadelphia - The Infatuation"
        ],
        "location": [
            "Philadelphia"
        ],
        "author": [
            "Candis R. McLean"
        ],
        "date": [
            "April 25, 2024"
        ]
    },
    {
        "page": "83",
        "name": [
            "Mayfair Diner Review - Northeast Philly - Philadelphia - The Infatuation"
        ],
        "location": [
            "Philadelphia"
        ],
        "author": [],
        "date": []
    },
    {
        "page": "81",
        "name": [
            "Maker Artisan Pizza Review - Germantown - Philadelphia - The Infatuation"
        ],
        "location": [
            "Philadelphia"
        ],
        "author": [
            "Candis R. McLean"
        ],
        "date": [
            "December 3, 2020"
        ]
    },
    {
        "page": "85",
        "name": [
            "Mi Pueblito Tacos Review - South Philly - Philadelphia - The Infatuation"
        ],
        "location": [
            "Philadelphia"
        ],
        "author": [
            "Candis R. McLean"
        ],
        "date": [
            "January 4, 2022"
        ]
    },
    {
        "page": "86",
        "name": [
            "Mike\u2019s BBQ Review - East Passyunk - Philadelphia - The Infatuation"
        ],
        "location": [
            "Philadelphia"
        ],
        "author": [
            "Sydney McElwee"
        ],
        "date": [
            "January 14, 2022"
        ]
    },
    {
        "page": "89",
        "name": [
            "Morea Review - Midtown Village - Philadelphia - The Infatuation"
        ],
        "location": [
            "Philadelphia"
        ],
        "author": [
            "Candis R. McLean"
        ],
        "date": [
            "October 31, 2022"
        ]
    },
    {
        "page": "84",
        "name": [
            "Metropolitan Bakery Review - Rittenhouse - Philadelphia - The Infatuation"
        ],
        "location": [
            "Philadelphia"
        ],
        "author": [
            "Alison B. Kessler"
        ],
        "date": [
            "February 29, 2024"
        ]
    },
    {
        "page": "9",
        "name": [
            "Barry's Steaks Review - Roxborough - Philadelphia - The Infatuation"
        ],
        "location": [
            "Philadelphia"
        ],
        "author": [],
        "date": []
    },
    {
        "page": "87",
        "name": [
            "Milkcrate Cafe Review - Fishtown - Philadelphia - The Infatuation"
        ],
        "location": [
            "Philadelphia"
        ],
        "author": [
            "Candis R. McLean"
        ],
        "date": [
            "October 15, 2019"
        ]
    },
    {
        "page": "88",
        "name": [
            "Mixto Review - Washington Square West - Philadelphia - The Infatuation"
        ],
        "location": [
            "Philadelphia"
        ],
        "author": [
            "Candis R. McLean"
        ],
        "date": [
            "February 8, 2022"
        ]
    },
    {
        "page": "91",
        "name": [
            "Nafi Food Express Review - University City - Philadelphia - The Infatuation"
        ],
        "location": [
            "Philadelphia"
        ],
        "author": [
            "Candis R. McLean"
        ],
        "date": [
            "August 2, 2022"
        ]
    },
    {
        "page": "90",
        "name": [
            "Morgan\u2019s Pier Review - Old City - Philadelphia - The Infatuation"
        ],
        "location": [
            "Philadelphia"
        ],
        "author": [
            "Sydney McElwee"
        ],
        "date": [
            "May 20, 2019"
        ]
    },
    {
        "page": "95",
        "name": [
            "Other Half Brewing Co. Review - Fishtown - Philadelphia - The Infatuation"
        ],
        "location": [
            "Philadelphia"
        ],
        "author": [
            "Candis R. McLean"
        ],
        "date": [
            "May 11, 2022"
        ]
    },
    {
        "page": "94",
        "name": [
            "Olly Review - Queen Village - Philadelphia - The Infatuation"
        ],
        "location": [
            "Philadelphia"
        ],
        "author": [],
        "date": []
    },
    {
        "page": "93",
        "name": [
            "Ocean Harbor Review - Chinatown - Philadelphia - The Infatuation"
        ],
        "location": [
            "Philadelphia"
        ],
        "author": [
            "Sydney McElwee"
        ],
        "date": [
            "February 14, 2020"
        ]
    },
    {
        "page": "96",
        "name": [
            "Over Easy Breakfast Club Review - Fishtown - Philadelphia - The Infatuation"
        ],
        "location": [
            "Philadelphia"
        ],
        "author": [
            "Sydney McElwee"
        ],
        "date": [
            "January 14, 2022"
        ]
    },
    {
        "page": "97",
        "name": [
            "Oyster House Review - Center City - Philadelphia - The Infatuation"
        ],
        "location": [
            "Philadelphia"
        ],
        "author": [
            "Alison B. Kessler"
        ],
        "date": [
            "November 8, 2023"
        ]
    },
    {
        "page": "92",
        "name": [
            "Northeast Sandwich Co. Review - Northeast Philly - Philadelphia - The Infatuation"
        ],
        "location": [
            "Philadelphia"
        ],
        "author": [
            "Candis R. McLean"
        ],
        "date": [
            "November 6, 2023"
        ]
    },
    {
        "page": "99",
        "name": [
            "Philly Style Bagels Review - Fishtown - Philadelphia - The Infatuation"
        ],
        "location": [
            "Philadelphia"
        ],
        "author": [],
        "date": []
    },
    {
        "page": "98",
        "name": [
            "Paulie Gee\u2019s Soul City Slice Shop Review - Center City - Philadelphia - The Infatuation"
        ],
        "location": [
            "Philadelphia"
        ],
        "author": [
            "Candis R. McLean"
        ],
        "date": [
            "November 29, 2022"
        ]
    },
    {
        "page": "35",
        "name": [
            "DIG Review - University City - Philadelphia - The Infatuation"
        ],
        "location": [
            "Philadelphia"
        ],
        "author": [],
        "date": []
    },
    {
        "page": "37",
        "name": [
            "Eeva Review - Kensington - Philadelphia - The Infatuation"
        ],
        "location": [
            "Philadelphia"
        ],
        "author": [
            "Candis R. McLean"
        ],
        "date": [
            "September 22, 2022"
        ]
    }
]