[
    {
        "page": "0",
        "name": [
            "159 Home Kitchen"
        ],
        "type": [
            "Chinese"
        ],
        "rating": [
            "$$$$",
            "$$$"
        ],
        "hours": [
            "Closed"
        ],
        "address": [
            "Chippendale",
            "Ultimo"
        ]
    },
    {
        "page": "1",
        "name": [
            "169 Darlinghurst"
        ],
        "type": [
            "Modern Australian"
        ],
        "rating": [
            "$$$$",
            "$",
            "$$"
        ],
        "hours": [
            "8:00 AM - 4:00 PM",
            "7:00 AM - 4:00 PM",
            "7:00 AM - 11:00 PM"
        ],
        "address": [
            "Potts Point",
            "Darlinghurst"
        ]
    },
    {
        "page": "100",
        "name": [
            "Azzurri Pizza & Pasta"
        ],
        "type": [
            "Italian"
        ],
        "rating": [
            "$$$$",
            "$$$"
        ],
        "hours": [],
        "address": [
            "Burpengary",
            "Deception Bay"
        ]
    },
    {
        "page": "101",
        "name": [
            "B. Lucky & Sons Fremantle"
        ],
        "type": [],
        "rating": [
            "$$$$",
            "$"
        ],
        "hours": [],
        "address": [
            "Fremantle",
            "East Fremantle"
        ]
    },
    {
        "page": "10",
        "name": [
            "7th & Bake Patisserie Cafe"
        ],
        "type": [
            "Cafe"
        ],
        "rating": [
            "$",
            "$$$"
        ],
        "hours": [
            "6:30 AM - 4:00 PM",
            "7:30 AM - 4:00 PM"
        ],
        "address": [
            "Kingston"
        ]
    },
    {
        "page": "102",
        "name": [
            "Baan Chang Thai Restaurant"
        ],
        "type": [
            "Thai"
        ],
        "rating": [
            "$$$",
            "$$"
        ],
        "hours": [
            "5:00 PM - 8:30 PM",
            "12:00 PM - 2:00 PM"
        ],
        "address": [
            "Dubbo"
        ]
    },
    {
        "page": "103",
        "name": [
            "Baan Phaya Thai"
        ],
        "type": [
            "Thai"
        ],
        "rating": [
            "$$$$",
            "$$$"
        ],
        "hours": [],
        "address": [
            "Banyo",
            "Nundah"
        ]
    },
    {
        "page": "106",
        "name": [],
        "type": [],
        "rating": [],
        "hours": [],
        "address": [
            "Southbank"
        ]
    },
    {
        "page": "105",
        "name": [
            "Babylon Bar Darwin"
        ],
        "type": [
            "Modern Australian"
        ],
        "rating": [
            "$$"
        ],
        "hours": [
            "3:00 PM - 2:00 AM",
            "4:00 PM - 12:00 AM",
            "4:00 PM - 2:00 AM",
            "Closed"
        ],
        "address": [
            "Darwin CBD"
        ]
    },
    {
        "page": "104",
        "name": [
            "Baan Thai"
        ],
        "type": [
            "Thai"
        ],
        "rating": [
            "$$$$",
            "$",
            "$$$"
        ],
        "hours": [
            "4:30 PM - 8:00 PM",
            "11:00 AM - 2:00 PM",
            "Closed"
        ],
        "address": [
            "Beerwah",
            "Maleny"
        ]
    },
    {
        "page": "107",
        "name": [
            "Back & Forth"
        ],
        "type": [
            "Cafe"
        ],
        "rating": [],
        "hours": [
            "6:00 AM - 3:30 PM"
        ],
        "address": [
            "Northbridge",
            "Cammeray",
            "Castlecrag"
        ]
    },
    {
        "page": "108",
        "name": [
            "Background Barista"
        ],
        "type": [
            "Cafe"
        ],
        "rating": [
            "$$"
        ],
        "hours": [
            "6:00 AM - 1:00 PM"
        ],
        "address": [
            "Mermaid Beach"
        ]
    },
    {
        "page": "109",
        "name": [
            "Bad Frankie"
        ],
        "type": [
            "Modern Australian"
        ],
        "rating": [
            "$$$$",
            "$$$"
        ],
        "hours": [
            "5:00 PM - 1:00 AM",
            "5:00 PM - 11:00 PM",
            "Closed"
        ],
        "address": [
            "Collingwood",
            "Fitzroy"
        ]
    },
    {
        "page": "11",
        "name": [
            "96 Degrees"
        ],
        "type": [
            "Cafe"
        ],
        "rating": [
            "$$$$"
        ],
        "hours": [
            "6:30 AM - 3:00 PM"
        ],
        "address": [
            "Cronulla"
        ]
    },
    {
        "page": "110",
        "name": [
            "Bad Shepherd Brewing Co"
        ],
        "type": [
            "American"
        ],
        "rating": [
            "$$$$"
        ],
        "hours": [
            "4:00 PM - 11:00 PM",
            "12:00 PM - 12:00 AM",
            "12:00 PM - 11:00 PM",
            "12:00 PM - 9:00 PM"
        ],
        "address": [
            "Bentleigh",
            "Cheltenham",
            "Beaumaris"
        ]
    },
    {
        "page": "112",
        "name": [
            "Bairnsdale's Bakehouse"
        ],
        "type": [
            "Bakery"
        ],
        "rating": [
            "$$$$",
            "$$$"
        ],
        "hours": [
            "8:00 AM - 4:00 PM",
            "7:00 AM - 5:30 PM",
            "Closed"
        ],
        "address": [
            "Bairnsdale",
            "Paynesville"
        ]
    },
    {
        "page": "113",
        "name": [
            "Baitong Laos & Thai Cuisine"
        ],
        "type": [
            "Thai"
        ],
        "rating": [
            "$$$$"
        ],
        "hours": [
            "11:00 AM - 2:30 PM",
            "5:00 PM - 9:30 PM"
        ],
        "address": [
            "Canberra CBD",
            "Holt"
        ]
    },
    {
        "page": "111",
        "name": [
            "Baguette Me Not"
        ],
        "type": [
            "French"
        ],
        "rating": [
            "$$$$",
            "$",
            "$$"
        ],
        "hours": [
            "7:30 AM - 3:00 PM",
            "10:30 AM - 2:00 PM",
            "Closed"
        ],
        "address": [
            "Subiaco"
        ]
    },
    {
        "page": "115",
        "name": [
            "Bakers Choice Oran Park"
        ],
        "type": [
            "Bakery"
        ],
        "rating": [
            "$",
            "$$$",
            "$$"
        ],
        "hours": [],
        "address": [
            "Oran Park",
            "Narellan"
        ]
    },
    {
        "page": "116",
        "name": [],
        "type": [],
        "rating": [],
        "hours": [
            "12:00 PM - 2:30 PM",
            "5:00 PM - 9:30 PM",
            "5:00 PM - 9:00 PM"
        ],
        "address": [
            "Palm Beach"
        ]
    },
    {
        "page": "117",
        "name": [
            "Ballan Bakery"
        ],
        "type": [
            "Bakery"
        ],
        "rating": [
            "$$$"
        ],
        "hours": [
            "7:00 AM - 4:30 PM",
            "6:30 AM - 4:30 PM"
        ],
        "address": [
            "Ballan",
            "Daylesford"
        ]
    },
    {
        "page": "118",
        "name": [
            "Balti Indian Grill"
        ],
        "type": [
            "Indian"
        ],
        "rating": [
            "$$$",
            "$$"
        ],
        "hours": [
            "12:00 PM - 2:00 PM",
            "5:00 PM - 9:00 PM",
            "Closed"
        ],
        "address": [
            "Surfers Paradise",
            "Chevron Island"
        ]
    },
    {
        "page": "119",
        "name": [
            "Bambino Torino Dulwich Hill"
        ],
        "type": [
            "Italian"
        ],
        "rating": [
            "$",
            "$$"
        ],
        "hours": [
            "5:00 PM - 10:00 PM",
            "11:00 AM - 10:00 PM"
        ],
        "address": [
            "Petersham",
            "Dulwich Hill",
            "Marrickville"
        ]
    },
    {
        "page": "12",
        "name": [
            "96 Dumpling Cafe"
        ],
        "type": [],
        "rating": [
            "$$$$",
            "$$$",
            "$$"
        ],
        "hours": [],
        "address": [
            "Nunawading",
            "Blackburn"
        ]
    },
    {
        "page": "120",
        "name": [
            "Bamboe Indonesian restaurant"
        ],
        "type": [
            "Indonesian"
        ],
        "rating": [
            "$$$$",
            "$$$"
        ],
        "hours": [],
        "address": [
            "Camberwell"
        ]
    },
    {
        "page": "121",
        "name": [],
        "type": [],
        "rating": [],
        "hours": [
            "7:30 AM - 12:00 PM",
            "3:00 PM - 10:00 PM",
            "7:30 AM - 10:00 PM"
        ],
        "address": [
            "Shoalhaven Heads"
        ]
    },
    {
        "page": "114",
        "name": [
            "Bakee's pizzeria"
        ],
        "type": [
            "Modern Australian"
        ],
        "rating": [
            "$$$$",
            "$",
            "$$"
        ],
        "hours": [
            "Closed"
        ],
        "address": [
            "Mount Druitt",
            "Minchinbury"
        ]
    },
    {
        "page": "122",
        "name": [
            "Bangkok Noi Hahndorf"
        ],
        "type": [
            "Thai"
        ],
        "rating": [
            "$$$",
            "$$"
        ],
        "hours": [
            "4:30 PM - 9:00 PM",
            "5:00 PM - 9:00 PM",
            "4:30 PM - 8:30 PM",
            "5:00 PM - 8:45 PM"
        ],
        "address": [
            "Hahndorf"
        ]
    },
    {
        "page": "123",
        "name": [
            "Bangkok Soul Thai Restaurant"
        ],
        "type": [
            "Thai"
        ],
        "rating": [
            "$$$$",
            "$$"
        ],
        "hours": [
            "12:00 PM - 9:00 PM"
        ],
        "address": [
            "Balgowlah",
            "Manly Vale"
        ]
    },
    {
        "page": "124",
        "name": [
            "Banh Mee"
        ],
        "type": [
            "Vietnamese"
        ],
        "rating": [
            "$$$",
            "$$"
        ],
        "hours": [
            "Closed"
        ],
        "address": [
            "Bulimba"
        ]
    },
    {
        "page": "126",
        "name": [
            "Bank St & Co"
        ],
        "type": [
            "Modern Australian"
        ],
        "rating": [
            "$",
            "$$$"
        ],
        "hours": [
            "7:00 AM - 4:00 PM"
        ],
        "address": [
            "Port Fairy"
        ]
    },
    {
        "page": "125",
        "name": [
            "Banh Mi Anna"
        ],
        "type": [
            "Modern Australian"
        ],
        "rating": [
            "$$$$",
            "$$"
        ],
        "hours": [
            "6:00 AM - 6:00 PM"
        ],
        "address": [
            "Sydney Olympic Park",
            "Harris Park",
            "Greenacre"
        ]
    },
    {
        "page": "127",
        "name": [
            "Bansho"
        ],
        "type": [
            "Bistro"
        ],
        "rating": [
            "$$$$"
        ],
        "hours": [
            "Closed",
            "5:30 PM - 10:30 PM"
        ],
        "address": [
            "Armadale"
        ]
    },
    {
        "page": "129",
        "name": [
            "Banyo Bakery & Cafe"
        ],
        "type": [
            "Modern Australian"
        ],
        "rating": [
            "$$$$",
            "$$$"
        ],
        "hours": [],
        "address": [
            "Banyo",
            "Nundah"
        ]
    },
    {
        "page": "13",
        "name": [
            "A Cup of Blooms"
        ],
        "type": [
            "Modern Australian"
        ],
        "rating": [
            "$$$$",
            "$$$"
        ],
        "hours": [],
        "address": [
            "Westlake",
            "Kenmore"
        ]
    },
    {
        "page": "130",
        "name": [
            "Baotime"
        ],
        "type": [
            "Asian"
        ],
        "rating": [
            "$",
            "$$"
        ],
        "hours": [],
        "address": [
            "Richmond North",
            "Richmond"
        ]
    },
    {
        "page": "131",
        "name": [],
        "type": [],
        "rating": [],
        "hours": [
            "7:30 AM - 3:00 PM",
            "Closed"
        ],
        "address": [
            "Sydney CBD"
        ]
    },
    {
        "page": "132",
        "name": [],
        "type": [],
        "rating": [],
        "hours": [
            "Closed",
            "12:00 PM - 9:00 PM"
        ],
        "address": [
            "Bowen Hills"
        ]
    },
    {
        "page": "133",
        "name": [],
        "type": [],
        "rating": [],
        "hours": [
            "12:00 PM - 10:00 PM",
            "4:00 PM - 9:00 PM",
            "12:00 PM - 5:00 PM",
            "Closed"
        ],
        "address": [
            "Bundall"
        ]
    },
    {
        "page": "128",
        "name": [
            "Banyan Tree Indian Restaurant St Kilda"
        ],
        "type": [
            "Indian"
        ],
        "rating": [
            "$$$$"
        ],
        "hours": [
            "5:00 PM - 10:00 PM"
        ],
        "address": [
            "St Kilda"
        ]
    },
    {
        "page": "134",
        "name": [
            "Bar Magnolia"
        ],
        "type": [],
        "rating": [
            "$$$$",
            "$$$"
        ],
        "hours": [],
        "address": [
            "Brunswick"
        ]
    },
    {
        "page": "135",
        "name": [
            "Bar Midland"
        ],
        "type": [
            "Modern Australian"
        ],
        "rating": [
            "$$$$"
        ],
        "hours": [
            "5:30 PM - 11:00 PM",
            "12:00 PM - 3:30 PM",
            "12:00 PM - 11:00 PM",
            "Closed"
        ],
        "address": [
            "Malmsbury",
            "Castlemaine"
        ]
    },
    {
        "page": "136",
        "name": [
            "Bar One"
        ],
        "type": [
            "Modern Australian"
        ],
        "rating": [
            "$$$$",
            "$$"
        ],
        "hours": [],
        "address": [
            "Sydney CBD",
            "East Sydney",
            "Darling Harbour"
        ]
    },
    {
        "page": "138",
        "name": [
            "34 Bondi"
        ],
        "type": [
            "Modern Australian"
        ],
        "rating": [
            "$$$$",
            "$$"
        ],
        "hours": [
            "2:00 PM - 12:00 AM",
            "5:30 PM - 12:00 AM",
            "Closed"
        ],
        "address": [
            "Bondi",
            "Waverley"
        ]
    },
    {
        "page": "139",
        "name": [
            "Barakah Kebab House"
        ],
        "type": [
            "Modern Australian"
        ],
        "rating": [
            "$$$$"
        ],
        "hours": [],
        "address": [
            "Hurstville",
            "Allawah",
            "Hurstville Grove"
        ]
    },
    {
        "page": "137",
        "name": [
            "Bar Vincent"
        ],
        "type": [
            "European"
        ],
        "rating": [
            "$$$$",
            "$$$"
        ],
        "hours": [
            "12:30 PM - 3:00 PM",
            "5:30 PM - 10:00 PM",
            "Closed"
        ],
        "address": [
            "Surry Hills",
            "Darlinghurst"
        ]
    },
    {
        "page": "14",
        "name": [
            "A Curry"
        ],
        "type": [
            "Modern Australian"
        ],
        "rating": [
            "$",
            "$$$"
        ],
        "hours": [
            "Closed"
        ],
        "address": [
            "Hawthorn",
            "Hawthorn East"
        ]
    },
    {
        "page": "141",
        "name": [
            "Barburrito"
        ],
        "type": [
            "Mexican"
        ],
        "rating": [
            "$$$$",
            "$",
            "$$"
        ],
        "hours": [
            "Closed"
        ],
        "address": [
            "Preston"
        ]
    },
    {
        "page": "140",
        "name": [
            "Barbecue Mafia - Upper Mt Gravatt"
        ],
        "type": [
            "Modern Australian"
        ],
        "rating": [
            "$$$$",
            "$$"
        ],
        "hours": [
            "Closed"
        ],
        "address": [
            "Sunnybank",
            "Upper Mount Gravatt"
        ]
    },
    {
        "page": "142",
        "name": [
            "Barrio Cellar"
        ],
        "type": [
            "Mexican"
        ],
        "rating": [
            "$$$$",
            "$$"
        ],
        "hours": [
            "12:00 PM - 11:00 PM",
            "12:00 PM - 10:00 PM",
            "12:00 PM - 12:00 AM",
            "6:00 PM - 3:00 AM",
            "Closed",
            "12:00 PM - 3:00 AM"
        ],
        "address": [
            "Sydney CBD"
        ]
    },
    {
        "page": "143",
        "name": [
            "Barrow & Bear Travel & Coffee"
        ],
        "type": [
            "Cafe"
        ],
        "rating": [
            "$$$$",
            "$$$"
        ],
        "hours": [
            "7:00 AM - 1:00 PM",
            "6:00 AM - 3:00 PM",
            "7:00 AM - 2:00 PM"
        ],
        "address": [
            "Wooloowin",
            "Nundah",
            "Wavell Heights"
        ]
    },
    {
        "page": "144",
        "name": [
            "Basement Espresso Cafe"
        ],
        "type": [
            "Cafe"
        ],
        "rating": [
            "$$$$",
            "$"
        ],
        "hours": [
            "Closed"
        ],
        "address": [
            "Fitzroy",
            "East Melbourne"
        ]
    },
    {
        "page": "145",
        "name": [
            "Bass Surfboards Shoreham Co Op"
        ],
        "type": [],
        "rating": [
            "$$$$",
            "$$$"
        ],
        "hours": [],
        "address": [
            "Red Hill"
        ]
    },
    {
        "page": "146",
        "name": [
            "Bat Country"
        ],
        "type": [
            "Cafe"
        ],
        "rating": [
            "$$$$",
            "$$"
        ],
        "hours": [
            "7:00 AM - 10:30 PM",
            "7:00 AM - 11:30 PM",
            "7:00 AM - 11:45 PM",
            "7:00 AM - 10:00 PM"
        ],
        "address": [
            "Randwick",
            "Coogee"
        ]
    },
    {
        "page": "147",
        "name": [
            "Batavia Corner"
        ],
        "type": [
            "Indonesian"
        ],
        "rating": [
            "$",
            "$$$",
            "$$"
        ],
        "hours": [],
        "address": [
            "Burswood",
            "East Victoria Park",
            "Bentley"
        ]
    },
    {
        "page": "148",
        "name": [
            "Baulkham Palace Chinese Restaurant"
        ],
        "type": [
            "Chinese"
        ],
        "rating": [
            "$$$$",
            "$$"
        ],
        "hours": [
            "11:30 AM - 2:30 PM",
            "4:30 PM - 9:00 PM",
            "4:30 PM - 8:30 PM"
        ],
        "address": [
            "Baulkham Hills"
        ]
    },
    {
        "page": "149",
        "name": [
            "Bayly's Restaurant"
        ],
        "type": [
            "European"
        ],
        "rating": [
            "$$$$",
            "$$$"
        ],
        "hours": [
            "6:00 PM - 8:15 PM",
            "5:00 PM - 7:30 PM",
            "Closed"
        ],
        "address": [
            "Kirribilli"
        ]
    },
    {
        "page": "15",
        "name": [
            "A Life Plus"
        ],
        "type": [
            "Modern Australian"
        ],
        "rating": [
            "$$$$",
            "$$"
        ],
        "hours": [],
        "address": [
            "Gordon",
            "Pymble",
            "West Pymble"
        ]
    },
    {
        "page": "150",
        "name": [
            "Bayside Pantry"
        ],
        "type": [
            "Cafe"
        ],
        "rating": [
            "$$$$"
        ],
        "hours": [],
        "address": [
            "Shellharbour Village",
            "Shellharbour"
        ]
    },
    {
        "page": "151",
        "name": [
            "BBQ Don"
        ],
        "type": [
            "Modern Australian"
        ],
        "rating": [],
        "hours": [
            "6:30 PM - 12:00 AM",
            "Closed"
        ],
        "address": []
    },
    {
        "page": "152",
        "name": [],
        "type": [],
        "rating": [],
        "hours": [
            "5:45 AM - 2:00 PM"
        ],
        "address": [
            "Forster"
        ]
    },
    {
        "page": "153",
        "name": [
            "Beach House Bar & Grill Browns Plains"
        ],
        "type": [
            "Modern Australian"
        ],
        "rating": [
            "$$$$",
            "$$$",
            "$$"
        ],
        "hours": [
            "8:30 AM - 8:30 PM",
            "11:00 AM - 8:30 PM"
        ],
        "address": [
            "Underwood",
            "Sunnybank"
        ]
    },
    {
        "page": "154",
        "name": [
            "Beachfront Cafe"
        ],
        "type": [
            "Modern Australian"
        ],
        "rating": [],
        "hours": [],
        "address": [
            "Lady Elliot Island"
        ]
    },
    {
        "page": "155",
        "name": [
            "Bean on the Green"
        ],
        "type": [
            "Cafe"
        ],
        "rating": [
            "$$$$"
        ],
        "hours": [],
        "address": [
            "Moorooka",
            "Rocklea",
            "Stones Corner"
        ]
    },
    {
        "page": "156",
        "name": [
            "Cafe Esco"
        ],
        "type": [
            "Cafe"
        ],
        "rating": [
            "$$$$",
            "$"
        ],
        "hours": [],
        "address": [
            "Noosaville"
        ]
    },
    {
        "page": "157",
        "name": [
            "Bear & Cub"
        ],
        "type": [
            "Cafe"
        ],
        "rating": [
            "$$$$"
        ],
        "hours": [
            "6:00 AM - 3:00 PM",
            "7:30 AM - 1:30 PM"
        ],
        "address": [
            "Carrum",
            "Frankston"
        ]
    },
    {
        "page": "159",
        "name": [
            "Bedouin Melbourne"
        ],
        "type": [
            "Modern Australian"
        ],
        "rating": [
            "$$$$",
            "$$"
        ],
        "hours": [],
        "address": [
            "Box Hill North",
            "Templestowe Lower",
            "Doncaster"
        ]
    },
    {
        "page": "158",
        "name": [
            "Beco at Bungan Cafe"
        ],
        "type": [
            "Cafe"
        ],
        "rating": [
            "$",
            "$$$",
            "$$"
        ],
        "hours": [
            "5:00 AM - 5:00 PM",
            "5:00 AM - 3:00 PM"
        ],
        "address": [
            "Collaroy",
            "Mona Vale"
        ]
    },
    {
        "page": "16",
        "name": [
            "A1 Tandoori n Momo Restro Bar"
        ],
        "type": [
            "Indian"
        ],
        "rating": [
            "$",
            "$$$"
        ],
        "hours": [
            "11:00 AM - 11:00 PM",
            "5:00 PM - 10:00 PM",
            "5:00 PM - 11:00 PM"
        ],
        "address": [
            "Footscray",
            "Cairnlea"
        ]
    },
    {
        "page": "160",
        "name": [
            "Beechworth Provender"
        ],
        "type": [
            "Cafe"
        ],
        "rating": [
            "$",
            "$$$"
        ],
        "hours": [
            "8:00 AM - 5:00 PM",
            "Closed"
        ],
        "address": [
            "Beechworth"
        ]
    },
    {
        "page": "161",
        "name": [
            "Beef & Barley Braddon"
        ],
        "type": [
            "Burger"
        ],
        "rating": [
            "$$$$",
            "$$$",
            "$$"
        ],
        "hours": [
            "12:00 PM - 9:30 PM",
            "12:00 PM - 9:00 PM"
        ],
        "address": [
            "Braddon"
        ]
    },
    {
        "page": "162",
        "name": [
            "Beenleigh Tavern"
        ],
        "type": [
            "Pub Food"
        ],
        "rating": [
            "$$$$",
            "$$$"
        ],
        "hours": [
            "10:00 AM - 1:30 AM",
            "10:00 AM - 3:30 AM"
        ],
        "address": [
            "Beenleigh",
            "Mount Warren Park"
        ]
    },
    {
        "page": "163",
        "name": [
            "Bekka"
        ],
        "type": [
            "Middle Eastern"
        ],
        "rating": [
            "$$$$"
        ],
        "hours": [
            "5:00 PM - 9:00 PM"
        ],
        "address": [
            "Moonee Ponds"
        ]
    },
    {
        "page": "165",
        "name": [
            "Bella Julia Caf\u00e9"
        ],
        "type": [
            "Mediterranean"
        ],
        "rating": [
            "$$$$",
            "$$"
        ],
        "hours": [
            "6:00 AM - 2:00 PM",
            "Closed"
        ],
        "address": [
            "Bardon",
            "Ashgrove"
        ]
    },
    {
        "page": "164",
        "name": [
            "Beleza Food House"
        ],
        "type": [
            "Brazilian"
        ],
        "rating": [
            "$$$$",
            "$"
        ],
        "hours": [
            "8:00 AM - 8:30 PM",
            "11:30 AM - 8:30 AM",
            "11:30 AM - 8:30 PM"
        ],
        "address": [
            "Burleigh Heads",
            "Miami"
        ]
    },
    {
        "page": "167",
        "name": [],
        "type": [],
        "rating": [],
        "hours": [
            "8:00 AM - 5:00 PM",
            "9:00 AM - 4:00 PM"
        ],
        "address": [
            "Manly"
        ]
    },
    {
        "page": "166",
        "name": [
            "Bella Sicilia Pizzeria & Pasta Bar"
        ],
        "type": [
            "Italian"
        ],
        "rating": [
            "$$$$"
        ],
        "hours": [
            "4:30 PM - 9:00 PM",
            "Closed"
        ],
        "address": [
            "Margate",
            "Redcliffe"
        ]
    },
    {
        "page": "168",
        "name": [
            "Bellini's Fine Italian Food"
        ],
        "type": [
            "Italian"
        ],
        "rating": [
            "$$$$",
            "$$$",
            "$$"
        ],
        "hours": [
            "5:30 AM - 9:00 PM",
            "5:30 PM - 9:00 PM"
        ],
        "address": [
            "St Ives",
            "Pymble",
            "Terrey Hills"
        ]
    },
    {
        "page": "17",
        "name": [
            "Absolut Indian"
        ],
        "type": [
            "Modern Australian"
        ],
        "rating": [
            "$",
            "$$"
        ],
        "hours": [
            "Closed"
        ],
        "address": [
            "Warwick Farm",
            "Georges Hall",
            "Hammondville"
        ]
    },
    {
        "page": "169",
        "name": [
            "Bendooley Estate Larder"
        ],
        "type": [
            "Cafe"
        ],
        "rating": [
            "$$$$"
        ],
        "hours": [],
        "address": [
            "Bowral"
        ]
    },
    {
        "page": "170",
        "name": [
            "Bennys Bar & Cafe"
        ],
        "type": [
            "Italian"
        ],
        "rating": [
            "$$$$",
            "$",
            "$$$"
        ],
        "hours": [
            "7:30 AM - 1:00 AM",
            "8:00 AM - 12:00 AM",
            "8:00 AM - 1:00 AM",
            "7:30 AM - 12:00 AM"
        ],
        "address": [
            "South Fremantle",
            "Fremantle"
        ]
    },
    {
        "page": "171",
        "name": [
            "Ben's Vietnamese and Chinese"
        ],
        "type": [
            "Chinese"
        ],
        "rating": [
            "$$$$",
            "$$"
        ],
        "hours": [
            "11:00 AM - 3:00 PM",
            "5:00 PM - 10:30 PM"
        ],
        "address": [
            "Highgate Hill",
            "South Bank",
            "Woolloongabba"
        ]
    },
    {
        "page": "172",
        "name": [
            "Bergen Toowoomba"
        ],
        "type": [
            "Modern Australian"
        ],
        "rating": [
            "$$$$",
            "$$"
        ],
        "hours": [
            "11:30 AM - 3:00 PM",
            "5:30 PM - 10:00 PM",
            "Closed"
        ],
        "address": [
            "Toowoomba",
            "East Toowoomba"
        ]
    },
    {
        "page": "174",
        "name": [
            "Beverly"
        ],
        "type": [
            "Modern Australian"
        ],
        "rating": [
            "$",
            "$$"
        ],
        "hours": [
            "4:00 PM - 11:00 PM",
            "12:00 PM - 11:00 PM"
        ],
        "address": [
            "South Yarra"
        ]
    },
    {
        "page": "175",
        "name": [
            "Beverly Hills Hotel"
        ],
        "type": [
            "Modern Australian"
        ],
        "rating": [
            "$$$$",
            "$$$"
        ],
        "hours": [],
        "address": [
            "Hurstville",
            "Beverly Hills",
            "Mortdale"
        ]
    },
    {
        "page": "176",
        "name": [
            "Beyond The Brew Fitzgibbon"
        ],
        "type": [
            "Cafe"
        ],
        "rating": [
            "$$$",
            "$$"
        ],
        "hours": [
            "6:00 AM - 9:00 PM",
            "6:00 AM - 2:00 PM",
            "6:00 AM - 6:00 PM"
        ],
        "address": [
            "Fitzgibbon",
            "Banyo",
            "Chermside"
        ]
    },
    {
        "page": "173",
        "name": [
            "Bernie's Takeaway"
        ],
        "type": [
            "Modern Australian"
        ],
        "rating": [
            "$",
            "$$$",
            "$$"
        ],
        "hours": [
            "7:30 AM - 9:00 PM",
            "6:00 AM - 9:00 PM",
            "7:30 AM - 8:00 PM",
            "6:00 AM - 8:00 PM"
        ],
        "address": [
            "Narellan",
            "Leumeah"
        ]
    },
    {
        "page": "177",
        "name": [
            "BFresh - Cafe Market Deli"
        ],
        "type": [],
        "rating": [
            "$$$",
            "$$"
        ],
        "hours": [],
        "address": [
            "Mooloolaba",
            "Buddina",
            "Warana"
        ]
    },
    {
        "page": "178",
        "name": [
            "Big chef's grill"
        ],
        "type": [
            "Modern Australian"
        ],
        "rating": [
            "$",
            "$$$",
            "$$"
        ],
        "hours": [
            "5:00 PM - 12:00 AM",
            "Closed"
        ],
        "address": [
            "Campbelltown",
            "Narellan"
        ]
    },
    {
        "page": "179",
        "name": [
            "Big Jays Smokehouse"
        ],
        "type": [
            "American"
        ],
        "rating": [
            "$$$$",
            "$"
        ],
        "hours": [
            "Closed"
        ],
        "address": [
            "Warwick Farm",
            "Canley Vale",
            "Georges Hall"
        ]
    },
    {
        "page": "180",
        "name": [],
        "type": [],
        "rating": [],
        "hours": [
            "5:30 PM - 10:00 PM",
            "5:30 PM - 10:30 PM",
            "Closed"
        ],
        "address": [
            "Port Macquarie"
        ]
    },
    {
        "page": "181",
        "name": [
            "Billy Lee's Chinese Restaurant"
        ],
        "type": [
            "Chinese"
        ],
        "rating": [
            "$$$$",
            "$"
        ],
        "hours": [],
        "address": [
            "Northbridge"
        ]
    },
    {
        "page": "182",
        "name": [
            "Billy's Bluebird Cafe"
        ],
        "type": [
            "Cafe"
        ],
        "rating": [
            "$$$$",
            "$$"
        ],
        "hours": [
            "8:00 AM - 2:00 PM",
            "9:00 AM - 2:00 PM"
        ],
        "address": [
            "Geelong"
        ]
    },
    {
        "page": "183",
        "name": [
            "Bin 72"
        ],
        "type": [
            "Modern Australian"
        ],
        "rating": [
            "$$$$",
            "$$$",
            "$$"
        ],
        "hours": [],
        "address": [
            "Tweed Heads",
            "Coolangatta"
        ]
    },
    {
        "page": "184",
        "name": [],
        "type": [],
        "rating": [],
        "hours": [
            "11:30 AM - 9:00 PM",
            "11:30 AM - 9:30 PM"
        ],
        "address": [
            "Main Beach"
        ]
    },
    {
        "page": "185",
        "name": [
            "Birdies Mini Golf & Sports Bar (Forest Hill)"
        ],
        "type": [],
        "rating": [
            "$$$$",
            "$$$",
            "$$"
        ],
        "hours": [],
        "address": [
            "Nunawading",
            "Mitcham",
            "Forest Hill"
        ]
    },
    {
        "page": "187",
        "name": [
            "Bistro One7"
        ],
        "type": [
            "Bistro"
        ],
        "rating": [
            "$$$",
            "$$"
        ],
        "hours": [],
        "address": [
            "Kenthurst",
            "Dural"
        ]
    },
    {
        "page": "188",
        "name": [
            "Bistroteca"
        ],
        "type": [
            "Italian"
        ],
        "rating": [
            "$$$$"
        ],
        "hours": [
            "7:00 PM - 11:00 PM",
            "6:30 PM - 10:30 PM",
            "12:30 PM - 4:30 PM",
            "Closed"
        ],
        "address": [
            "Parkville",
            "Flemington"
        ]
    },
    {
        "page": "189",
        "name": [
            "Black Bird Coffee House"
        ],
        "type": [
            "Modern Australian"
        ],
        "rating": [
            "$"
        ],
        "hours": [
            "8:30 AM - 4:00 PM",
            "8:30 AM - 3:00 PM",
            "Closed"
        ],
        "address": [
            "Tanunda",
            "Rowland Flat"
        ]
    },
    {
        "page": "190",
        "name": [
            "Black Bunny Cafe"
        ],
        "type": [
            "Cafe"
        ],
        "rating": [
            "$$$$",
            "$$"
        ],
        "hours": [
            "5:30 AM - 7:00 PM",
            "7:00 AM - 7:00 PM",
            "Closed"
        ],
        "address": [
            "Alexandra Headland",
            "Maroochydore"
        ]
    },
    {
        "page": "19",
        "name": [
            "Abundance on the Quay"
        ],
        "type": [
            "Cafe"
        ],
        "rating": [
            "$$$$",
            "$"
        ],
        "hours": [
            "8:00 AM - 2:30 PM",
            "8:00 AM - 1:30 PM"
        ],
        "address": [
            "Bellerive",
            "Battery Point"
        ]
    },
    {
        "page": "191",
        "name": [],
        "type": [],
        "rating": [],
        "hours": [
            "12:00 PM - 5:00 PM",
            "9:30 AM - 5:00 PM",
            "Closed"
        ],
        "address": []
    },
    {
        "page": "186",
        "name": [
            "Bistro at Manly Pavilion"
        ],
        "type": [
            "Modern Australian"
        ],
        "rating": [
            "$$$"
        ],
        "hours": [
            "12:00 PM - 10:00 PM",
            "12:00 PM - 12:00 AM",
            "12:00 PM - 5:00 PM",
            "Closed"
        ],
        "address": [
            "Manly"
        ]
    },
    {
        "page": "18",
        "name": [
            "Absolute Coffee Espresso Bar and Warehouse"
        ],
        "type": [
            "Cafe"
        ],
        "rating": [
            "$$$",
            "$$"
        ],
        "hours": [
            "7:00 AM - 4:00 PM",
            "Closed"
        ],
        "address": [
            "Berrimah",
            "Darwin CBD"
        ]
    },
    {
        "page": "192",
        "name": [],
        "type": [],
        "rating": [],
        "hours": [
            "7:00 AM - 2:00 PM"
        ],
        "address": [
            "Pottsville"
        ]
    },
    {
        "page": "2",
        "name": [
            "177 Take Away Chinese Cuisine"
        ],
        "type": [
            "Chinese"
        ],
        "rating": [
            "$$$$",
            "$"
        ],
        "hours": [],
        "address": [
            "Enmore",
            "Stanmore"
        ]
    },
    {
        "page": "21",
        "name": [
            "Ace Wasabi"
        ],
        "type": [
            "Japanese"
        ],
        "rating": [
            "$$$$",
            "$$"
        ],
        "hours": [
            "11:00 AM - 8:00 PM",
            "Closed"
        ],
        "address": [
            "Clear Island Waters",
            "Mermaid Beach",
            "Mermaid Waters"
        ]
    },
    {
        "page": "20",
        "name": [
            "Accent Cafe"
        ],
        "type": [
            "Cafe"
        ],
        "rating": [
            "$$$$",
            "$",
            "$$"
        ],
        "hours": [],
        "address": [
            "Subiaco"
        ]
    },
    {
        "page": "24",
        "name": [
            "After SunRice"
        ],
        "type": [
            "Asian"
        ],
        "rating": [
            "$",
            "$$$"
        ],
        "hours": [],
        "address": [
            "Hawthorn",
            "Hawthorn East"
        ]
    },
    {
        "page": "25",
        "name": [
            "Aggies On Wondall"
        ],
        "type": [
            "Modern Australian"
        ],
        "rating": [
            "$$$$",
            "$$$"
        ],
        "hours": [
            "Closed"
        ],
        "address": [
            "Camp Hill",
            "Manly West",
            "Manly"
        ]
    },
    {
        "page": "26",
        "name": [
            "Agha Grill & kebab"
        ],
        "type": [
            "Modern Australian"
        ],
        "rating": [
            "$$$$",
            "$",
            "$$"
        ],
        "hours": [
            "Closed"
        ],
        "address": [
            "Neutral Bay"
        ]
    },
    {
        "page": "22",
        "name": [
            "Acre Artarmon"
        ],
        "type": [
            "Italian"
        ],
        "rating": [
            "$$$$"
        ],
        "hours": [
            "8:00 AM - 4:30 PM",
            "7:00 AM - 4:30 PM"
        ],
        "address": [
            "Artarmon",
            "St Leonards"
        ]
    },
    {
        "page": "27",
        "name": [
            "Ahloys St Malaysia Kitchen (Preston)"
        ],
        "type": [
            "Malaysian"
        ],
        "rating": [
            "$$$$",
            "$"
        ],
        "hours": [
            "Closed"
        ],
        "address": [
            "Preston"
        ]
    },
    {
        "page": "3",
        "name": [
            "3 Little Pigs Gisborne"
        ],
        "type": [
            "Cafe"
        ],
        "rating": [
            "$$$$",
            "$$"
        ],
        "hours": [
            "8:30 AM - 9:30 PM",
            "8:30 AM - 4:30 PM"
        ],
        "address": [
            "Macedon",
            "Mount Macedon"
        ]
    },
    {
        "page": "28",
        "name": [
            "Ainoya"
        ],
        "type": [
            "Japanese"
        ],
        "rating": [
            "$$$$",
            "$$$"
        ],
        "hours": [
            "5:30 PM - 10:00 PM",
            "Closed"
        ],
        "address": [
            "Kirribilli"
        ]
    },
    {
        "page": "30",
        "name": [],
        "type": [],
        "rating": [],
        "hours": [
            "6:00 PM - 10:30 PM",
            "6:00 PM - 11:00 PM",
            "Closed"
        ],
        "address": [
            "Melbourne CBD"
        ]
    },
    {
        "page": "31",
        "name": [
            "Aksorn Thai"
        ],
        "type": [
            "Thai"
        ],
        "rating": [
            "$$$$",
            "$"
        ],
        "hours": [
            "5:00 PM - 8:15 PM"
        ],
        "address": [
            "Doreen",
            "Mernda",
            "Greensborough"
        ]
    },
    {
        "page": "23",
        "name": [
            "Afghan Star Charcoal Kebab House"
        ],
        "type": [
            "Afghan"
        ],
        "rating": [
            "$$$$"
        ],
        "hours": [],
        "address": [
            "Adelaide CBD",
            "Thebarton",
            "Flinders Park"
        ]
    },
    {
        "page": "29",
        "name": [
            "Airlie Beach Electric Scooter & Tour Information"
        ],
        "type": [],
        "rating": [
            "$$$$",
            "$",
            "$$"
        ],
        "hours": [],
        "address": [
            "Airlie Beach"
        ]
    },
    {
        "page": "33",
        "name": [
            "Al Aseel Greenacre"
        ],
        "type": [
            "Lebanese"
        ],
        "rating": [
            "$$$",
            "$$"
        ],
        "hours": [
            "8:00 AM - 10:00 PM",
            "8:00 AM - 9:30 PM",
            "8:00 AM - 9:00 PM"
        ],
        "address": [
            "Greenacre",
            "Mount Lewis"
        ]
    },
    {
        "page": "32",
        "name": [
            "Akwaaba Restaurant and Bar"
        ],
        "type": [
            "African"
        ],
        "rating": [],
        "hours": [
            "12:00 PM - 10:00 PM",
            "12:00 PM - 9:00 PM",
            "3:00 PM - 9:00 PM",
            "Closed"
        ],
        "address": [
            "St Kilda"
        ]
    },
    {
        "page": "36",
        "name": [
            "Al Salama Restaurant"
        ],
        "type": [
            "African"
        ],
        "rating": [
            "$$$$",
            "$",
            "$$$"
        ],
        "hours": [],
        "address": [
            "Footscray",
            "Cairnlea"
        ]
    },
    {
        "page": "38",
        "name": [
            "Albert's Wine Bar"
        ],
        "type": [
            "Bistro"
        ],
        "rating": [
            "$$$$"
        ],
        "hours": [
            "Closed",
            "12:00 PM - 11:00 PM",
            "3:00 PM - 11:00 PM"
        ],
        "address": [
            "Armadale"
        ]
    },
    {
        "page": "39",
        "name": [
            "Alexandra Headlands Hotel"
        ],
        "type": [
            "Modern Australian"
        ],
        "rating": [
            "$$$$",
            "$$$",
            "$$"
        ],
        "hours": [
            "10:00 AM - 3:00 AM",
            "10:00 AM - 2:00 AM"
        ],
        "address": [
            "Alexandra Headland",
            "Maroochydore"
        ]
    },
    {
        "page": "37",
        "name": [
            "Albertchino Cafe"
        ],
        "type": [
            "Cafe"
        ],
        "rating": [
            "$$$$",
            "$$"
        ],
        "hours": [
            "Closed",
            "8:00 AM - 2:00 PM",
            "6:00 AM - 3:30 PM"
        ],
        "address": [
            "South Melbourne"
        ]
    },
    {
        "page": "4",
        "name": [],
        "type": [],
        "rating": [],
        "hours": [
            "11:00 AM - 9:00 PM",
            "11:00 AM - 9:30 PM"
        ],
        "address": [
            "Prahran"
        ]
    },
    {
        "page": "41",
        "name": [
            "Alfalfa House"
        ],
        "type": [
            "Modern Australian"
        ],
        "rating": [
            "$"
        ],
        "hours": [],
        "address": [
            "Enmore",
            "Newtown"
        ]
    },
    {
        "page": "42",
        "name": [
            "Alfonsino's Ristorante Italiano"
        ],
        "type": [
            "Italian"
        ],
        "rating": [
            "$$"
        ],
        "hours": [],
        "address": [
            "Darwin CBD"
        ]
    },
    {
        "page": "43",
        "name": [
            "Alfresco Pizzeria"
        ],
        "type": [
            "Italian"
        ],
        "rating": [
            "$$$$",
            "$",
            "$$$"
        ],
        "hours": [
            "12:00 PM - 9:00 PM"
        ],
        "address": [
            "Thredbo Village",
            "Tumbarumba",
            "Holbrook"
        ]
    },
    {
        "page": "40",
        "name": [
            "Alfa"
        ],
        "type": [
            "Cafe"
        ],
        "rating": [
            "$$$$",
            "$$$"
        ],
        "hours": [
            "6:00 AM - 5:00 PM",
            "7:00 AM - 5:00 PM"
        ],
        "address": [
            "Footscray",
            "Seddon",
            "Yarraville"
        ]
    },
    {
        "page": "44",
        "name": [
            "Alfresco's Garden Cafe"
        ],
        "type": [],
        "rating": [],
        "hours": [],
        "address": [
            "Yandina",
            "Tewantin",
            "Eumundi"
        ]
    },
    {
        "page": "45",
        "name": [
            "Alida Restaurant Launceston"
        ],
        "type": [
            "French/European"
        ],
        "rating": [
            "$$$",
            "$$"
        ],
        "hours": [
            "5:00 PM - 8:00 AM",
            "12:00 PM - 9:00 PM",
            "5:00 PM - 8:00 PM",
            "Closed"
        ],
        "address": [
            "Launceston"
        ]
    },
    {
        "page": "46",
        "name": [
            "All Day Tre"
        ],
        "type": [
            "Modern Australian"
        ],
        "rating": [
            "$",
            "$$$",
            "$$"
        ],
        "hours": [],
        "address": [
            "Carlton North",
            "Fitzroy North"
        ]
    },
    {
        "page": "34",
        "name": [
            "Al Nafoura"
        ],
        "type": [],
        "rating": [],
        "hours": [],
        "address": [
            "Mill Park"
        ]
    },
    {
        "page": "35",
        "name": [
            "Al Rawshe Cafe"
        ],
        "type": [
            "Lebanese"
        ],
        "rating": [
            "$",
            "$$"
        ],
        "hours": [
            "12:00 PM - 9:00 PM",
            "4:00 AM - 10:00 PM",
            "12:00 PM - 12:00 AM",
            "Closed"
        ],
        "address": [
            "Mount Hawthorn"
        ]
    },
    {
        "page": "48",
        "name": [
            "Allan's Cakes & Bakery"
        ],
        "type": [
            "Cafe"
        ],
        "rating": [
            "$$$$",
            "$$$"
        ],
        "hours": [
            "7:00 AM - 5:30 PM",
            "7:00 AM - 4:00 PM"
        ],
        "address": [
            "Croydon",
            "Kilsyth"
        ]
    },
    {
        "page": "49",
        "name": [
            "Allansford Hotel"
        ],
        "type": [
            "Modern Australian"
        ],
        "rating": [
            "$",
            "$$"
        ],
        "hours": [
            "5:30 PM - 8:30 PM",
            "12:00 PM - 2:00 PM"
        ],
        "address": [
            "Warrnambool"
        ]
    },
    {
        "page": "5",
        "name": [],
        "type": [],
        "rating": [],
        "hours": [
            "11:30 AM - 9:00 PM",
            "8:30 AM - 9:00 PM"
        ],
        "address": []
    },
    {
        "page": "50",
        "name": [
            "Allonda"
        ],
        "type": [
            "Modern Australian"
        ],
        "rating": [
            "$$$$",
            "$$$"
        ],
        "hours": [],
        "address": [
            "Newstead"
        ]
    },
    {
        "page": "51",
        "name": [
            "Al's Gourmet Cafe Leumeah"
        ],
        "type": [
            "Cafe"
        ],
        "rating": [
            "$",
            "$$$",
            "$$"
        ],
        "hours": [
            "7:00 AM - 3:00 PM",
            "9:00 AM - 12:00 PM",
            "Closed"
        ],
        "address": [
            "Narellan",
            "Leumeah"
        ]
    },
    {
        "page": "52",
        "name": [
            "Alt Pasta Bar"
        ],
        "type": [
            "Modern Australian"
        ],
        "rating": [
            "$$$",
            "$$"
        ],
        "hours": [],
        "address": [
            "Melbourne CBD"
        ]
    },
    {
        "page": "53",
        "name": [
            "Amadeus Patisserie"
        ],
        "type": [
            "Cafe"
        ],
        "rating": [
            "$$$$",
            "$$"
        ],
        "hours": [],
        "address": [
            "Balgowlah",
            "Manly Vale"
        ]
    },
    {
        "page": "55",
        "name": [
            "Amelia Park Restaurant"
        ],
        "type": [
            "International"
        ],
        "rating": [
            "$$$"
        ],
        "hours": [
            "10:00 AM - 5:00 PM",
            "Closed"
        ],
        "address": [
            "Wilyabrup",
            "Margaret River"
        ]
    },
    {
        "page": "54",
        "name": [
            "Amarin Thai Restaurant"
        ],
        "type": [
            "Thai"
        ],
        "rating": [
            "$$$$",
            "$",
            "$$"
        ],
        "hours": [
            "5:30 PM - 8:30 PM",
            "5:30 PM - 9:00 PM"
        ],
        "address": [
            "Subiaco"
        ]
    },
    {
        "page": "57",
        "name": [
            "Analogue Academy"
        ],
        "type": [
            "Cafe"
        ],
        "rating": [
            "$",
            "$$"
        ],
        "hours": [
            "10:00 AM - 2:00 PM",
            "5:00 PM - 11:00 PM",
            "8:30 AM - 3:00 PM"
        ],
        "address": [
            "Geelong"
        ]
    },
    {
        "page": "58",
        "name": [],
        "type": [],
        "rating": [],
        "hours": [
            "12:00 PM - 2:30 PM",
            "Closed",
            "6:00 PM - 10:00 PM",
            "8:00 AM - 2:30 PM",
            "6:00 PM - 9:30 PM"
        ],
        "address": []
    },
    {
        "page": "56",
        "name": [
            "Amo Baba"
        ],
        "type": [
            "Modern Australian"
        ],
        "rating": [
            "$$$$",
            "$$$",
            "$$"
        ],
        "hours": [
            "Closed"
        ],
        "address": [
            "Chermside",
            "Banyo",
            "Zillmere"
        ]
    },
    {
        "page": "59",
        "name": [
            "Angel's Filipino Barbeque"
        ],
        "type": [
            "Modern Australian"
        ],
        "rating": [
            "$$$$",
            "$$"
        ],
        "hours": [
            "11:00 AM - 9:00 PM",
            "Closed"
        ],
        "address": [
            "Bella Vista",
            "Blacktown"
        ]
    },
    {
        "page": "47",
        "name": [
            "All Things Cupcakes"
        ],
        "type": [
            "Modern Australian"
        ],
        "rating": [
            "$$$$"
        ],
        "hours": [
            "Closed"
        ],
        "address": [
            "Coomera",
            "Pacific Pines",
            "Oxenford"
        ]
    },
    {
        "page": "6",
        "name": [
            "3rd Space Hackett"
        ],
        "type": [],
        "rating": [
            "$$$$"
        ],
        "hours": [],
        "address": [
            "Ainslie",
            "Dickson"
        ]
    },
    {
        "page": "62",
        "name": [],
        "type": [],
        "rating": [],
        "hours": [
            "5:00 PM - 9:00 PM",
            "5:00 PM - 9:30 PM"
        ],
        "address": []
    },
    {
        "page": "60",
        "name": [
            "Angie's Kitchen Moonee Ponds"
        ],
        "type": [
            "Chinese"
        ],
        "rating": [
            "$$$$"
        ],
        "hours": [
            "11:30 AM - 3:00 PM",
            "5:00 PM - 9:00 PM"
        ],
        "address": [
            "Moonee Ponds"
        ]
    },
    {
        "page": "61",
        "name": [
            "Aniseed Cafe"
        ],
        "type": [
            "Modern Australian"
        ],
        "rating": [
            "$$$$",
            "$$"
        ],
        "hours": [
            "Closed"
        ],
        "address": [
            "Thornbury",
            "Eaglemont",
            "Alphington"
        ]
    },
    {
        "page": "63",
        "name": [
            "Annapurna Salamanca"
        ],
        "type": [
            "Indian"
        ],
        "rating": [
            "$$$$",
            "$$$"
        ],
        "hours": [
            "5:00 PM - 10:00 PM"
        ],
        "address": [
            "Battery Point",
            "Hobart CBD"
        ]
    },
    {
        "page": "64",
        "name": [
            "Antojitos Latinos"
        ],
        "type": [
            "Latin American"
        ],
        "rating": [
            "$$$$"
        ],
        "hours": [
            "11:30 AM - 9:00 PM",
            "11:30 AM - 4:00 PM",
            "Closed"
        ],
        "address": [
            "Pooraka",
            "Oakden",
            "Hampstead Gardens"
        ]
    },
    {
        "page": "65",
        "name": [
            "Apricot Coffee"
        ],
        "type": [
            "Cafe"
        ],
        "rating": [
            "$$$$",
            "$$$"
        ],
        "hours": [],
        "address": [
            "Nundah",
            "Wavell Heights"
        ]
    },
    {
        "page": "66",
        "name": [
            "AQUA Restaurant"
        ],
        "type": [
            "Modern Australian"
        ],
        "rating": [
            "$$$$"
        ],
        "hours": [
            "11:30 AM - 2:30 PM",
            "5:00 PM - 9:00 PM"
        ],
        "address": [
            "Port Macquarie"
        ]
    },
    {
        "page": "67",
        "name": [
            "Aquarium Seafood Chinese Restaurant"
        ],
        "type": [
            "Chinese"
        ],
        "rating": [
            "$$$$",
            "$$"
        ],
        "hours": [
            "11:00 AM - 3:00 PM",
            "5:00 PM - 10:30 PM",
            "Closed"
        ],
        "address": [
            "Burswood",
            "East Perth"
        ]
    },
    {
        "page": "68",
        "name": [
            "Arabella Lebanese Restaurant"
        ],
        "type": [
            "Lebanese"
        ],
        "rating": [
            "$",
            "$$$",
            "$$"
        ],
        "hours": [],
        "address": [
            "Newtown"
        ]
    },
    {
        "page": "69",
        "name": [],
        "type": [],
        "rating": [],
        "hours": [
            "7:00 AM - 3:00 PM",
            "8:00 AM - 4:00 PM"
        ],
        "address": [
            "Fitzroy"
        ]
    },
    {
        "page": "7",
        "name": [
            "4 Pines Noosa"
        ],
        "type": [
            "Modern Australian"
        ],
        "rating": [
            "$$$$",
            "$",
            "$$"
        ],
        "hours": [
            "11:00 PM - 12:00 AM",
            "11:00 PM - 2:00 AM",
            "11:30 AM - 12:00 AM"
        ],
        "address": [
            "Noosa Heads"
        ]
    },
    {
        "page": "70",
        "name": [
            "Arches on Market"
        ],
        "type": [],
        "rating": [
            "$$$$",
            "$",
            "$$$"
        ],
        "hours": [],
        "address": [
            "East Sydney"
        ]
    },
    {
        "page": "71",
        "name": [
            "Ardi's Block to Grill"
        ],
        "type": [
            "Modern Australian"
        ],
        "rating": [
            "$$$$",
            "$$"
        ],
        "hours": [
            "Closed"
        ],
        "address": [
            "Clovelly",
            "Coogee"
        ]
    },
    {
        "page": "72",
        "name": [],
        "type": [],
        "rating": [],
        "hours": [
            "5:30 PM - 9:30 PM",
            "12:00 PM - 1:30 PM",
            "Closed"
        ],
        "address": [
            "Circular Quay"
        ]
    },
    {
        "page": "73",
        "name": [
            "Arkaba Hotel"
        ],
        "type": [
            "Modern Australian"
        ],
        "rating": [
            "$$$$",
            "$",
            "$$"
        ],
        "hours": [
            "7:00 AM - 10:00 PM"
        ],
        "address": [
            "Fullarton",
            "Frewville"
        ]
    },
    {
        "page": "74",
        "name": [],
        "type": [],
        "rating": [],
        "hours": [
            "12:00 PM - 10:00 PM",
            "6:00 PM - 9:00 PM",
            "6:00 PM - 10:00 PM",
            "12:00 PM - 9:00 PM"
        ],
        "address": [
            "Townsville"
        ]
    },
    {
        "page": "75",
        "name": [
            "Aroma At Britannia"
        ],
        "type": [
            "Cafe"
        ],
        "rating": [
            "$$$$",
            "$$$",
            "$$"
        ],
        "hours": [
            "7:00 AM - 3:30 PM",
            "7:30 AM - 4:00 PM",
            "7:00 AM - 4:00 PM"
        ],
        "address": [
            "Nunawading",
            "Mitcham"
        ]
    },
    {
        "page": "76",
        "name": [],
        "type": [],
        "rating": [],
        "hours": [
            "5:30 PM - 11:00 PM",
            "11:30 AM - 1:30 PM",
            "6:00 PM - 10:00 PM",
            "Closed"
        ],
        "address": [
            "Springwood"
        ]
    },
    {
        "page": "77",
        "name": [
            "Arshee Fried Chicken"
        ],
        "type": [
            "American"
        ],
        "rating": [
            "$$$$",
            "$$$",
            "$$"
        ],
        "hours": [
            "12:00 PM - 8:30 PM",
            "10:00 AM - 8:30 PM",
            "Closed"
        ],
        "address": [
            "Nunawading",
            "Blackburn",
            "Blackburn South"
        ]
    },
    {
        "page": "78",
        "name": [
            "Art De Cafe"
        ],
        "type": [
            "Cafe"
        ],
        "rating": [
            "$$$$",
            "$",
            "$$$"
        ],
        "hours": [
            "7:30 AM - 4:00 PM",
            "6:30 AM - 4:30 PM",
            "7:00 AM - 4:00 PM"
        ],
        "address": [
            "Taylors Lakes",
            "Cairnlea"
        ]
    },
    {
        "page": "80",
        "name": [
            "Artiga Specialty Coffee"
        ],
        "type": [
            "Cafe"
        ],
        "rating": [
            "$$$$",
            "$$"
        ],
        "hours": [
            "Closed",
            "8:00 AM - 3:00 PM",
            "9:00 AM - 3:00 PM"
        ],
        "address": [
            "Thornbury",
            "Fairfield"
        ]
    },
    {
        "page": "79",
        "name": [
            "Artarmon Deli"
        ],
        "type": [
            "Cafe"
        ],
        "rating": [
            "$$$$"
        ],
        "hours": [
            "Closed"
        ],
        "address": [
            "Artarmon",
            "St Leonards"
        ]
    },
    {
        "page": "81",
        "name": [
            "Asami Teppanyaki Q1 Surfers Paradise"
        ],
        "type": [
            "Japanese"
        ],
        "rating": [
            "$$$$",
            "$$"
        ],
        "hours": [
            "11:30 AM - 2:30 PM",
            "5:00 PM - 9:00 PM"
        ],
        "address": [
            "Surfers Paradise"
        ]
    },
    {
        "page": "82",
        "name": [
            "Ash & Rye"
        ],
        "type": [
            "Cafe"
        ],
        "rating": [
            "$$$$"
        ],
        "hours": [
            "8:00 AM - 4:00 PM",
            "7:30 AM - 4:00 PM",
            "Closed"
        ],
        "address": [
            "Fairfield",
            "Northcote"
        ]
    },
    {
        "page": "83",
        "name": [
            "Ash's @ the Point Cafe, Karumba Point"
        ],
        "type": [],
        "rating": [],
        "hours": [],
        "address": [
            "Karumba"
        ]
    },
    {
        "page": "84",
        "name": [
            "Asian Noodle House Woden"
        ],
        "type": [
            "Asian"
        ],
        "rating": [
            "$$$$",
            "$"
        ],
        "hours": [],
        "address": [
            "Phillip"
        ]
    },
    {
        "page": "86",
        "name": [
            "Aslan Coffee"
        ],
        "type": [
            "Cafe"
        ],
        "rating": [
            "$",
            "$$$"
        ],
        "hours": [
            "7:00 AM - 3:00 PM",
            "8:00 AM - 2:30 PM",
            "8:00 AM - 3:00 PM"
        ],
        "address": [
            "St Peters",
            "Newtown"
        ]
    },
    {
        "page": "87",
        "name": [
            "Assaggi Italiani"
        ],
        "type": [
            "Italian"
        ],
        "rating": [
            "$$$$",
            "$"
        ],
        "hours": [],
        "address": [
            "Malvern"
        ]
    },
    {
        "page": "85",
        "name": [
            "Asians D'licious"
        ],
        "type": [
            "Malaysian"
        ],
        "rating": [
            "$$$$",
            "$$"
        ],
        "hours": [
            "5:00 PM - 12:00 AM",
            "Closed"
        ],
        "address": [
            "Ripponlea",
            "Balaclava"
        ]
    },
    {
        "page": "88",
        "name": [
            "Asuka Japanese Kitchen (Kingswood)"
        ],
        "type": [
            "Japanese"
        ],
        "rating": [
            "$$$$"
        ],
        "hours": [],
        "address": [
            "Cranebrook",
            "Penrith",
            "Kingswood"
        ]
    },
    {
        "page": "9",
        "name": [
            "52 BAMI"
        ],
        "type": [],
        "rating": [],
        "hours": [],
        "address": [
            "Northbridge"
        ]
    },
    {
        "page": "90",
        "name": [
            "At the Corner"
        ],
        "type": [
            "Cafe"
        ],
        "rating": [
            "$$$$",
            "$$$",
            "$$"
        ],
        "hours": [
            "7:00 AM - 3:00 PM",
            "6:30 AM - 3:00 PM",
            "8:00 AM - 3:00 PM"
        ],
        "address": [
            "Peakhurst Heights",
            "Lugarno",
            "Mortdale"
        ]
    },
    {
        "page": "8",
        "name": [
            "4 Seasons Biryani Indian Restaurant"
        ],
        "type": [
            "Indian"
        ],
        "rating": [
            "$$$$",
            "$$$"
        ],
        "hours": [
            "11:30 AM - 11:00 PM"
        ],
        "address": [
            "Footscray"
        ]
    },
    {
        "page": "91",
        "name": [
            "Atmosfire cafe/Restaurant"
        ],
        "type": [
            "Modern Australian"
        ],
        "rating": [
            "$$$$",
            "$"
        ],
        "hours": [],
        "address": [
            "Bellerive",
            "Battery Point"
        ]
    },
    {
        "page": "92",
        "name": [
            "Atrium Bar & Garden"
        ],
        "type": [
            "Modern Australian"
        ],
        "rating": [
            "$$"
        ],
        "hours": [
            "12:00 PM - 10:00 PM"
        ],
        "address": [
            "Darwin CBD"
        ]
    },
    {
        "page": "89",
        "name": [],
        "type": [],
        "rating": [],
        "hours": [
            "11:30 AM - 3:00 PM",
            "5:00 PM - 9:30 PM"
        ],
        "address": [
            "Shellharbour"
        ]
    },
    {
        "page": "93",
        "name": [
            "Au Elzorro"
        ],
        "type": [
            "Modern Australian"
        ],
        "rating": [
            "$$$$"
        ],
        "hours": [
            "Closed"
        ],
        "address": [
            "Chatswood"
        ]
    },
    {
        "page": "94",
        "name": [
            "Au Express"
        ],
        "type": [
            "Modern Australian"
        ],
        "rating": [
            "$$$",
            "$$"
        ],
        "hours": [],
        "address": [
            "Balwyn",
            "Balwyn North"
        ]
    },
    {
        "page": "95",
        "name": [
            "Australian National Hotel"
        ],
        "type": [
            "Pub Food"
        ],
        "rating": [
            "$$$$",
            "$$"
        ],
        "hours": [
            "10:00 AM - 12:00 AM"
        ],
        "address": [
            "New Farm",
            "Woolloongabba"
        ]
    },
    {
        "page": "96",
        "name": [
            "Authentic Chargrill & Kebab Turkish Street Food"
        ],
        "type": [
            "Turkish"
        ],
        "rating": [
            "$$$$",
            "$$"
        ],
        "hours": [
            "11:00 AM - 9:00 PM",
            "10:00 AM - 10:00 PM",
            "10:00 AM - 9:00 PM",
            "11:00 AM - 10:00 PM"
        ],
        "address": [
            "Bardon",
            "Paddington"
        ]
    },
    {
        "page": "97",
        "name": [
            "Authentic taste of India"
        ],
        "type": [
            "Indian"
        ],
        "rating": [
            "$$$$",
            "$",
            "$$"
        ],
        "hours": [],
        "address": [
            "Albury"
        ]
    },
    {
        "page": "98",
        "name": [
            "Avtar Indian Takeaway"
        ],
        "type": [
            "Indian"
        ],
        "rating": [
            "$$$$",
            "$$"
        ],
        "hours": [
            "12:00 PM - 2:30 PM",
            "5:00 PM - 9:30 PM",
            "Closed"
        ],
        "address": [
            "Thornbury",
            "Alphington",
            "Heidelberg"
        ]
    },
    {
        "page": "99",
        "name": [
            "Aze Restaurant"
        ],
        "type": [],
        "rating": [
            "$$$$"
        ],
        "hours": [],
        "address": [
            "Armadale",
            "Toorak"
        ]
    }
]