[
    {
        "page": "134",
        "name": [
            "After Hours Cafe"
        ],
        "type": [
            "Chinese",
            "Beverages",
            "Fast Food",
            "North Indian",
            "Italian"
        ],
        "avg_cost": [
            "500 for two people"
        ],
        "hours": [
            "All Day Dining"
        ],
        "address": [
            "North Ahmedabad",
            "Gandhinagar"
        ]
    },
    {
        "page": "137",
        "name": [
            "Apna Addaa"
        ],
        "type": [
            "Chinese",
            "Fast Food",
            "North Indian",
            "Italian"
        ],
        "avg_cost": [
            "700 for two people"
        ],
        "hours": [
            "11:00 AM to 11:00 PM"
        ],
        "address": [
            "West Ahmedabad",
            "Thaltej"
        ]
    },
    {
        "page": "135",
        "name": [
            "Anand Snacks"
        ],
        "type": [
            "Chinese",
            "Street Food",
            "North Indian",
            "Italian"
        ],
        "avg_cost": [
            "400 for two people"
        ],
        "hours": [
            "08:00 AM to 03:00 PM",
            "07:00 PM to 11:00 PM"
        ],
        "address": [
            "Prahlad Nagar",
            "West Ahmedabad"
        ]
    },
    {
        "page": "138",
        "name": [
            "Arrow Cafe"
        ],
        "type": [
            "Chinese",
            "North Indian",
            "Italian"
        ],
        "avg_cost": [],
        "hours": [],
        "address": [
            "Bopal",
            "West Ahmedabad"
        ]
    },
    {
        "page": "140",
        "name": [
            "Baked With Love By Harvi"
        ],
        "type": [
            "Chinese",
            "North Indian",
            "Italian"
        ],
        "avg_cost": [],
        "hours": [],
        "address": [
            "West Ahmedabad",
            "Panjrapole"
        ]
    },
    {
        "page": "141",
        "name": [
            "Baked With Love By Harvi"
        ],
        "type": [
            "Chinese",
            "North Indian",
            "Italian"
        ],
        "avg_cost": [],
        "hours": [],
        "address": [
            "West Ahmedabad",
            "Panjrapole"
        ]
    },
    {
        "page": "139",
        "name": [
            "B Se Burger - Naroda"
        ],
        "type": [
            "Chinese",
            "Fast Food",
            "North Indian",
            "Italian"
        ],
        "avg_cost": [
            "400 for two people"
        ],
        "hours": [
            "10:00 AM to 12:00 AM"
        ],
        "address": [
            "North Ahmedabad",
            "Naroda"
        ]
    },
    {
        "page": "133",
        "name": [
            "56 Bhog"
        ],
        "type": [
            "Chinese",
            "Italian",
            "Gujarati",
            "North Indian"
        ],
        "avg_cost": [
            "800 for two people"
        ],
        "hours": [
            "11:00 AM to 11:00 PM"
        ],
        "address": [
            "North Ahmedabad",
            "Gota"
        ]
    },
    {
        "page": "136",
        "name": [
            "Angithi By Mirch Masala"
        ],
        "type": [
            "Chinese",
            "Street Food",
            "North Indian",
            "Italian"
        ],
        "avg_cost": [
            "1,500 for two people"
        ],
        "hours": [
            "12:00 PM to 02:30 PM",
            "07:00 PM to 11:00 PM"
        ],
        "address": [
            "Bodakdev",
            "West Ahmedabad"
        ]
    },
    {
        "page": "144",
        "name": [
            "Bella Vita Pizza",
            "Photo"
        ],
        "type": [
            "Chinese",
            "North Indian",
            "Italian"
        ],
        "avg_cost": [],
        "hours": [],
        "address": [
            "Bodakdev",
            "West Ahmedabad"
        ]
    },
    {
        "page": "145",
        "name": [
            "Bella Vita Pizza"
        ],
        "type": [
            "Chinese",
            "North Indian",
            "Italian"
        ],
        "avg_cost": [],
        "hours": [],
        "address": [
            "Bodakdev",
            "West Ahmedabad"
        ]
    },
    {
        "page": "147",
        "name": [
            "Bombay Darbar Biryani"
        ],
        "type": [
            "Chinese",
            "Biryani",
            "North Indian",
            "Italian"
        ],
        "avg_cost": [
            "400 for two people"
        ],
        "hours": [
            "06:00 PM to 11:00 PM",
            "11:00 AM to 03:00 PM"
        ],
        "address": [
            "East Ahmedabad",
            "Rakhial"
        ]
    },
    {
        "page": "146",
        "name": [
            "Boba Blast - Naroda"
        ],
        "type": [
            "Chinese",
            "North Indian",
            "Italian"
        ],
        "avg_cost": [
            "300 for two people"
        ],
        "hours": [
            "10:00 AM to 12:00 AM"
        ],
        "address": [
            "North Ahmedabad",
            "Naroda"
        ]
    },
    {
        "page": "149",
        "name": [
            "Cafe Casino"
        ],
        "type": [
            "Chinese",
            "Fast Food",
            "Street Food",
            "Italian",
            "North Indian"
        ],
        "avg_cost": [
            "700 for two people"
        ],
        "hours": [
            "10:00 AM to 09:00 PM"
        ],
        "address": [
            "Bopal",
            "West Ahmedabad"
        ]
    },
    {
        "page": "143",
        "name": [
            "Barbeque World"
        ],
        "type": [
            "Chinese",
            "North Indian",
            "Italian"
        ],
        "avg_cost": [],
        "hours": [],
        "address": [
            "West Ahmedabad",
            "Panjrapole"
        ]
    },
    {
        "page": "150",
        "name": [
            "Cafe Upper Crust"
        ],
        "type": [
            "Chinese",
            "Continental",
            "Fast Food",
            "North Indian",
            "Italian"
        ],
        "avg_cost": [
            "900 for two people"
        ],
        "hours": [
            "11:00 AM to 11:00 PM"
        ],
        "address": [
            "West Ahmedabad",
            "Vastrapur"
        ]
    },
    {
        "page": "148",
        "name": [
            "Bombay Sizzler"
        ],
        "type": [
            "Chinese",
            "North Indian",
            "Arabian",
            "Italian"
        ],
        "avg_cost": [
            "700 for two people"
        ],
        "hours": [
            "11:00 AM to 01:00 AM"
        ],
        "address": [
            "West Ahmedabad",
            "Thaltej"
        ]
    },
    {
        "page": "152",
        "name": [
            "Caffix - The Tech Cafe"
        ],
        "type": [
            "Chinese",
            "Continental",
            "North Indian",
            "Italian"
        ],
        "avg_cost": [
            "1,300 for two people"
        ],
        "hours": [
            "11:00 AM to 11:00 PM"
        ],
        "address": [
            "West Ahmedabad",
            "Thaltej"
        ]
    },
    {
        "page": "142",
        "name": [
            "Balista"
        ],
        "type": [
            "Chinese",
            "North Indian",
            "Italian"
        ],
        "avg_cost": [],
        "hours": [],
        "address": [
            "Bodakdev",
            "West Ahmedabad"
        ]
    },
    {
        "page": "151",
        "name": [
            "Cafe Urbanyan"
        ],
        "type": [
            "Chinese",
            "Fast Food",
            "North Indian",
            "Italian"
        ],
        "avg_cost": [
            "1,100 for two people"
        ],
        "hours": [
            "01:00 PM to 11:00 PM"
        ],
        "address": [
            "Bopal",
            "West Ahmedabad"
        ]
    },
    {
        "page": "154",
        "name": [
            "China House"
        ],
        "type": [
            "Chinese",
            "Seafood",
            "Italian",
            "North Indian",
            "Asian"
        ],
        "avg_cost": [
            "2,500 for two people"
        ],
        "hours": [
            "07:00 PM to 11:30 PM",
            "12:30 PM to 03:00 PM"
        ],
        "address": [
            "Usmanpura",
            "Central Ahmedabad"
        ]
    },
    {
        "page": "153",
        "name": [
            "Cherries"
        ],
        "type": [
            "Chinese",
            "Continental",
            "Italian",
            "North Indian",
            "Mexican"
        ],
        "avg_cost": [
            "1,200 for two people"
        ],
        "hours": [
            "11:00 AM to 11:00 PM"
        ],
        "address": [
            "Navrangpura",
            "West Ahmedabad"
        ]
    },
    {
        "page": "155",
        "name": [
            "Cinnamon"
        ],
        "type": [
            "Chinese",
            "Continental",
            "North Indian",
            "Italian"
        ],
        "avg_cost": [
            "800 for two people"
        ],
        "hours": [
            "07:30 AM to 10:30 PM"
        ],
        "address": [
            "Bodakdev",
            "West Ahmedabad"
        ]
    },
    {
        "page": "156",
        "name": [
            "Coriander Restaurant"
        ],
        "type": [
            "Chinese",
            "Continental",
            "South Indian",
            "Italian",
            "North Indian"
        ],
        "avg_cost": [
            "900 for two people"
        ],
        "hours": [
            "07:00 AM to 10:00 AM",
            "07:30 PM to 10:30 PM",
            "12:30 PM to 03:00 PM"
        ],
        "address": [
            "Navrangpura",
            "West Ahmedabad"
        ]
    },
    {
        "page": "157",
        "name": [
            "Crush Coffee"
        ],
        "type": [
            "Chinese",
            "North Indian",
            "Italian"
        ],
        "avg_cost": [],
        "hours": [],
        "address": [
            "West Ahmedabad",
            "Vastrapur"
        ]
    },
    {
        "page": "158",
        "name": [
            "Dairy Don"
        ],
        "type": [
            "Chinese",
            "Italian",
            "North Indian",
            "South Indian"
        ],
        "avg_cost": [
            "500 for two people"
        ],
        "hours": [
            "10:00 AM to 12:00 AM"
        ],
        "address": [
            "North Ahmedabad",
            "Naroda"
        ]
    },
    {
        "page": "159",
        "name": [
            "Eat Punjab"
        ],
        "type": [
            "Chinese",
            "Mughlai",
            "North Indian",
            "Italian"
        ],
        "avg_cost": [
            "1,200 for two people"
        ],
        "hours": [
            "11:00 AM to 03:30 PM",
            "06:30 PM to 12:00 AM"
        ],
        "address": [
            "West Ahmedabad",
            "Gurukul"
        ]
    },
    {
        "page": "162",
        "name": [
            "Fozzie\u2019s Pizzaiolo . Caf\u00e9 and Deli"
        ],
        "type": [
            "Chinese",
            "Fast Food",
            "North Indian",
            "Italian"
        ],
        "avg_cost": [
            "700 for two people"
        ],
        "hours": [
            "11:00 AM to 11:00 PM"
        ],
        "address": [
            "Bodakdev",
            "West Ahmedabad"
        ]
    },
    {
        "page": "163",
        "name": [
            "Gloria Restaurant"
        ],
        "type": [
            "Chinese",
            "Mexican",
            "North Indian",
            "Italian"
        ],
        "avg_cost": [
            "800 for two people"
        ],
        "hours": [
            "12:00 PM to 03:00 PM",
            "07:00 PM to 11:00 PM"
        ],
        "address": [
            "West Ahmedabad",
            "Satellite"
        ]
    },
    {
        "page": "164",
        "name": [
            "Grill Villa"
        ],
        "type": [
            "Chinese",
            "Fast Food",
            "North Indian",
            "Italian"
        ],
        "avg_cost": [
            "200 for two people"
        ],
        "hours": [
            "10:00 AM to 01:00 AM"
        ],
        "address": [
            "West Ahmedabad",
            "Ambawadi"
        ]
    },
    {
        "page": "161",
        "name": [
            "Foodizz"
        ],
        "type": [
            "Chinese",
            "Fast Food",
            "North Indian",
            "Italian"
        ],
        "avg_cost": [
            "800 for two people"
        ],
        "hours": [
            "11:00 AM to 11:00 PM"
        ],
        "address": [
            "North Ahmedabad",
            "Naroda"
        ]
    },
    {
        "page": "167",
        "name": [
            "Hot Stuff"
        ],
        "type": [
            "Chinese",
            "Beverages",
            "Fast Food",
            "North Indian",
            "Italian"
        ],
        "avg_cost": [
            "600 for two people"
        ],
        "hours": [
            "11:00 AM to 11:00 PM"
        ],
        "address": [
            "Prahlad Nagar",
            "West Ahmedabad"
        ]
    },
    {
        "page": "160",
        "name": [
            "Foodish"
        ],
        "type": [
            "Chinese",
            "Fast Food",
            "North Indian",
            "Italian"
        ],
        "avg_cost": [
            "200 for two people"
        ],
        "hours": [
            "10:00 AM to 11:00 PM"
        ],
        "address": [
            "West Ahmedabad",
            "Drive in Road"
        ]
    },
    {
        "page": "168",
        "name": [
            "Hotel Satluj"
        ],
        "type": [
            "Chinese",
            "North Indian",
            "Italian"
        ],
        "avg_cost": [],
        "hours": [],
        "address": [
            "North Ahmedabad",
            "Naroda"
        ]
    },
    {
        "page": "166",
        "name": [
            "Honest"
        ],
        "type": [
            "Chinese",
            "South Indian",
            "Street Food",
            "Italian",
            "North Indian"
        ],
        "avg_cost": [
            "800 for two people"
        ],
        "hours": [
            "11:00 AM to 11:00 PM"
        ],
        "address": [
            "West Ahmedabad",
            "Satellite"
        ]
    },
    {
        "page": "169",
        "name": [
            "Hungry Birds"
        ],
        "type": [
            "Chinese",
            "North Indian",
            "Italian"
        ],
        "avg_cost": [],
        "hours": [],
        "address": [
            "Maninagar",
            "East Ahmedabad"
        ]
    },
    {
        "page": "172",
        "name": [
            "Kaushal Restaurant"
        ],
        "type": [
            "Chinese",
            "South Indian",
            "Italian",
            "North Indian",
            "Desserts"
        ],
        "avg_cost": [
            "700 for two people"
        ],
        "hours": [
            "11:00 AM to 03:00 PM",
            "07:00 PM to 11:00 PM"
        ],
        "address": [
            "North Ahmedabad",
            "Chandkheda"
        ]
    },
    {
        "page": "173",
        "name": [
            "Khichdi Etc"
        ],
        "type": [
            "Chinese",
            "North Indian",
            "Italian"
        ],
        "avg_cost": [],
        "hours": [],
        "address": [
            "Maninagar",
            "East Ahmedabad"
        ]
    },
    {
        "page": "174",
        "name": [
            "La Cafeteria"
        ],
        "type": [
            "Chinese",
            "North Indian",
            "Italian"
        ],
        "avg_cost": [],
        "hours": [],
        "address": [
            "North Ahmedabad",
            "Chandkheda"
        ]
    },
    {
        "page": "175",
        "name": [
            "La Feasta"
        ],
        "type": [
            "Chinese",
            "Mexican",
            "North Indian",
            "Italian"
        ],
        "avg_cost": [
            "1,000 for two people"
        ],
        "hours": [
            "07:00 PM to 11:30 PM",
            "11:00 AM to 03:00 PM"
        ],
        "address": [
            "Bodakdev",
            "West Ahmedabad"
        ]
    },
    {
        "page": "176",
        "name": [
            "Lantterns - By Raisin"
        ],
        "type": [
            "Chinese",
            "Fast Food",
            "Italian",
            "North Indian",
            "Mexican"
        ],
        "avg_cost": [
            "1,600 for two people"
        ],
        "hours": [
            "04:00 PM to 11:30 PM"
        ],
        "address": [
            "Bopal",
            "West Ahmedabad"
        ]
    },
    {
        "page": "165",
        "name": [
            "HOCCO Eatery Maninagar"
        ],
        "type": [
            "Chinese",
            "Fast Food",
            "Street Food",
            "North Indian",
            "Italian"
        ],
        "avg_cost": [
            "500 for two people"
        ],
        "hours": [
            "11:00 AM to 11:00 PM"
        ],
        "address": [
            "Maninagar",
            "East Ahmedabad"
        ]
    },
    {
        "page": "178",
        "name": [
            "McDonald's"
        ],
        "type": [
            "Chinese",
            "Beverages",
            "Fast Food",
            "North Indian",
            "Italian",
            "Burger"
        ],
        "avg_cost": [
            "500 for two people"
        ],
        "hours": [
            "00:00 AM to 03:30 AM",
            "10:00 AM to 11:59 PM"
        ],
        "address": [
            "West Ahmedabad",
            "Gurukul"
        ]
    },
    {
        "page": "179",
        "name": [
            "Meritorious"
        ],
        "type": [
            "Chinese",
            "Thai",
            "North Indian",
            "Italian",
            "Mexican"
        ],
        "avg_cost": [
            "1,000 for two people"
        ],
        "hours": [
            "07:00 PM to 10:30 PM",
            "11:00 AM to 03:00 PM"
        ],
        "address": [
            "Navrangpura",
            "West Ahmedabad"
        ]
    },
    {
        "page": "180",
        "name": [
            "Midas - The Bistro"
        ],
        "type": [
            "Chinese",
            "North Indian",
            "Italian"
        ],
        "avg_cost": [],
        "hours": [],
        "address": [
            "Bodakdev",
            "West Ahmedabad"
        ]
    },
    {
        "page": "177",
        "name": [
            "Mad Over Grills"
        ],
        "type": [
            "Chinese",
            "North Indian",
            "Italian"
        ],
        "avg_cost": [
            "900 for two people"
        ],
        "hours": [
            "12:00 PM to 02:30 PM",
            "06:30 PM to 10:30 PM"
        ],
        "address": [
            "Nikol",
            "East Ahmedabad"
        ]
    },
    {
        "page": "181",
        "name": [
            "My Sugar Pot"
        ],
        "type": [
            "Chinese",
            "North Indian",
            "Italian"
        ],
        "avg_cost": [],
        "hours": [],
        "address": [
            "North Ahmedabad",
            "Pramukh Mastana Arcade",
            "Gandhinagar"
        ]
    },
    {
        "page": "182",
        "name": [
            "My Sugar Pot"
        ],
        "type": [
            "Chinese",
            "North Indian",
            "Italian"
        ],
        "avg_cost": [],
        "hours": [],
        "address": [
            "North Ahmedabad",
            "Pramukh Mastana Arcade",
            "Gandhinagar"
        ]
    },
    {
        "page": "183",
        "name": [
            "Oven Magick"
        ],
        "type": [
            "Chinese",
            "Fast Food",
            "North Indian",
            "Italian",
            "Desserts"
        ],
        "avg_cost": [
            "500 for two people"
        ],
        "hours": [
            "09:00 AM to 11:00 PM"
        ],
        "address": [
            "Bodakdev",
            "West Ahmedabad"
        ]
    },
    {
        "page": "184",
        "name": [
            "Pizza Hut"
        ],
        "type": [
            "Chinese",
            "Fast Food",
            "North Indian",
            "Pizza",
            "Italian"
        ],
        "avg_cost": [
            "800 for two people"
        ],
        "hours": [
            "00:00 AM to 01:00 AM",
            "10:00 AM to 12:00 AM"
        ],
        "address": [
            "North Ahmedabad",
            "Chandkheda"
        ]
    },
    {
        "page": "185",
        "name": [
            "Purohit Thali - Ghar Jaisa Khana"
        ],
        "type": [
            "Chinese",
            "Rajasthani",
            "North Indian",
            "Italian",
            "Gujarati"
        ],
        "avg_cost": [
            "700 for two people"
        ],
        "hours": [
            "12:00 PM to 11:00 PM"
        ],
        "address": [
            "West Ahmedabad",
            "Drive in Road"
        ]
    },
    {
        "page": "171",
        "name": [
            "Jamie Oliver Kitchen"
        ],
        "type": [
            "Chinese",
            "North Indian",
            "Italian"
        ],
        "avg_cost": [
            "2,300 for two people"
        ],
        "hours": [
            "11:00 AM to 11:00 PM"
        ],
        "address": [
            "West Ahmedabad",
            "Thaltej"
        ]
    },
    {
        "page": "170",
        "name": [
            "Insideout"
        ],
        "type": [
            "Chinese",
            "Awadhi",
            "North Indian",
            "Italian"
        ],
        "avg_cost": [
            "800 for two people"
        ],
        "hours": [
            "All Day Dining"
        ],
        "address": [
            "North Ahmedabad",
            "Ranip"
        ]
    },
    {
        "page": "186",
        "name": [
            "Rajvee Food Corner"
        ],
        "type": [
            "Chinese",
            "North Indian",
            "Italian",
            "Mexican",
            "Gujarati"
        ],
        "avg_cost": [
            "600 for two people"
        ],
        "hours": [
            "11:00 AM to 03:00 PM",
            "07:00 PM to 11:00 PM"
        ],
        "address": [
            "North Ahmedabad",
            "Gandhinagar"
        ]
    },
    {
        "page": "190",
        "name": [
            "Sankalp"
        ],
        "type": [
            "Chinese",
            "North Indian",
            "Italian"
        ],
        "avg_cost": [],
        "hours": [],
        "address": [
            "Maninagar",
            "East Ahmedabad"
        ]
    },
    {
        "page": "191",
        "name": [
            "Sankalp"
        ],
        "type": [
            "Chinese",
            "North Indian",
            "Italian"
        ],
        "avg_cost": [],
        "hours": [],
        "address": [
            "North Ahmedabad",
            "Sola"
        ]
    },
    {
        "page": "192",
        "name": [
            "Sazzy Sizzlers"
        ],
        "type": [
            "Chinese",
            "Fast Food",
            "North Indian",
            "Italian"
        ],
        "avg_cost": [
            "1,500 for two people"
        ],
        "hours": [
            "11:30 AM to 03:00 PM",
            "07:00 PM to 11:00 PM"
        ],
        "address": [
            "Navrangpura",
            "West Ahmedabad"
        ]
    },
    {
        "page": "188",
        "name": [
            "Roastery Cultur - The Coffee Company"
        ],
        "type": [
            "Chinese",
            "Health Food",
            "Continental",
            "Fast Food",
            "North Indian",
            "Italian"
        ],
        "avg_cost": [
            "1,300 for two people"
        ],
        "hours": [
            "11:00 AM to 11:00 PM"
        ],
        "address": [
            "Bodakdev",
            "West Ahmedabad"
        ]
    },
    {
        "page": "189",
        "name": [
            "Sankalp"
        ],
        "type": [
            "Chinese",
            "North Indian",
            "Italian"
        ],
        "avg_cost": [],
        "hours": [],
        "address": [
            "Maninagar",
            "East Ahmedabad"
        ]
    },
    {
        "page": "187",
        "name": [
            "Rewind The Disc"
        ],
        "type": [
            "Chinese",
            "Fast Food",
            "North Indian",
            "Italian"
        ],
        "avg_cost": [
            "400 for two people"
        ],
        "hours": [
            "07:00 PM to 03:00 AM"
        ],
        "address": [
            "West Ahmedabad",
            "Gurukul"
        ]
    },
    {
        "page": "194",
        "name": [
            "Spinning Tree"
        ],
        "type": [
            "Chinese",
            "Continental",
            "North Indian",
            "Italian"
        ],
        "avg_cost": [
            "1,100 for two people"
        ],
        "hours": [
            "11:00 AM to 03:00 PM",
            "06:00 PM to 10:00 PM"
        ],
        "address": [
            "Bodakdev",
            "West Ahmedabad"
        ]
    },
    {
        "page": "193",
        "name": [
            "Shree Marutinandan Thaal"
        ],
        "type": [
            "Chinese",
            "North Indian",
            "Italian"
        ],
        "avg_cost": [],
        "hours": [],
        "address": [
            "Nikol",
            "East Ahmedabad"
        ]
    },
    {
        "page": "24",
        "name": [
            "Agarwal Food Court"
        ],
        "type": [
            "Chinese",
            "Fast Food",
            "South Indian",
            "North Indian"
        ],
        "avg_cost": [
            "500 for two people"
        ],
        "hours": [
            "11:00 AM to 11:00 PM"
        ],
        "address": [
            "South Agra",
            "Agra Cantt"
        ]
    },
    {
        "page": "25",
        "name": [
            "Akhni Biryani House"
        ],
        "type": [
            "Fast Food",
            "Chinese",
            "North Indian"
        ],
        "avg_cost": [
            "400 for two people"
        ],
        "hours": [
            "11:00 AM to 11:00 PM"
        ],
        "address": [
            "West Agra",
            "Shahganj"
        ]
    },
    {
        "page": "26",
        "name": [
            "Akhni Biryani House"
        ],
        "type": [
            "Chinese",
            "Fast Food",
            "Biryani",
            "Mughlai",
            "North Indian"
        ],
        "avg_cost": [
            "600 for two people"
        ],
        "hours": [
            "01:00 PM to 11:00 PM"
        ],
        "address": [
            "Sikandra",
            "North Agra"
        ]
    },
    {
        "page": "27",
        "name": [
            "Celebration Restaurant"
        ],
        "type": [
            "Chinese",
            "Fast Food",
            "South Indian",
            "North Indian"
        ],
        "avg_cost": [
            "600 for two people"
        ],
        "hours": [
            "11:00 AM to 11:00 PM"
        ],
        "address": [
            "North Agra",
            "Kamla Nagar"
        ]
    },
    {
        "page": "29",
        "name": [
            "Chaska Restaurant - Hotel Parklane"
        ],
        "type": [
            "Chinese",
            "Fast Food",
            "South Indian",
            "North Indian"
        ],
        "avg_cost": [
            "800 for two people"
        ],
        "hours": [
            "11:00 AM to 12:00 AM",
            "11:00 AM to 10:30 PM",
            "12:00 PM to 10:30 PM",
            "01:00 PM to 11:30 PM"
        ],
        "address": [
            "North Agra",
            "Kamla Nagar"
        ]
    },
    {
        "page": "30",
        "name": [
            "Checkers"
        ],
        "type": [
            "Chinese",
            "Continental",
            "Fast Food",
            "North Indian"
        ],
        "avg_cost": [
            "2,000 for two people"
        ],
        "hours": [
            "12:00 PM to 12:00 AM"
        ],
        "address": [
            "South Agra",
            "Agra Cantt"
        ]
    },
    {
        "page": "31",
        "name": [
            "Chopstix"
        ],
        "type": [
            "Fast Food",
            "Chinese",
            "North Indian"
        ],
        "avg_cost": [
            "400 for two people"
        ],
        "hours": [
            "12:30 PM to 10:30 PM"
        ],
        "address": [
            "North Agra",
            "Civil Lines"
        ]
    },
    {
        "page": "28",
        "name": [
            "Chaap King"
        ],
        "type": [
            "Fast Food",
            "Chinese",
            "North Indian"
        ],
        "avg_cost": [
            "600 for two people"
        ],
        "hours": [
            "11:30 AM to 11:30 PM"
        ],
        "address": [
            "Khandari",
            "North Agra"
        ]
    },
    {
        "page": "33",
        "name": [
            "Dj Party Nights"
        ],
        "type": [
            "Chinese",
            "Beverages",
            "Fast Food",
            "North Indian"
        ],
        "avg_cost": [
            "500 for two people"
        ],
        "hours": [
            "11:00 AM to 11:00 PM"
        ],
        "address": [
            "Sadar Bazar",
            "South Agra"
        ]
    },
    {
        "page": "35",
        "name": [
            "Downtown Cafe"
        ],
        "type": [
            "Chinese",
            "Finger Food",
            "Fast Food",
            "North Indian"
        ],
        "avg_cost": [
            "1,200 for two people"
        ],
        "hours": [
            "12:00 PM to 12:00 AM"
        ],
        "address": [
            "Central Agra",
            "Rakabganj"
        ]
    },
    {
        "page": "34",
        "name": [
            "Dosa factory"
        ],
        "type": [
            "Fast Food",
            "Chinese",
            "South Indian",
            "North Indian"
        ],
        "avg_cost": [
            "400 for two people"
        ],
        "hours": [
            "10:00 AM to 11:00 PM"
        ],
        "address": [
            "Lohamandi",
            "West Agra"
        ]
    },
    {
        "page": "37",
        "name": [
            "Fakira"
        ],
        "type": [
            "Chinese",
            "Continental",
            "Fast Food",
            "Italian",
            "North Indian"
        ],
        "avg_cost": [
            "2,000 for two people"
        ],
        "hours": [
            "02:00 PM to 11:00 PM",
            "02:00 PM to 09:30 PM",
            "02:00 PM to 12:00 AM",
            "02:00 PM to 09:00 PM"
        ],
        "address": [
            "Lohamandi",
            "West Agra"
        ]
    },
    {
        "page": "36",
        "name": [
            "Ek Number-Twisted Indian Cafe"
        ],
        "type": [
            "Chinese",
            "Beverages",
            "Continental",
            "Fast Food",
            "North Indian"
        ],
        "avg_cost": [
            "500 for two people"
        ],
        "hours": [
            "12:00 PM to 11:59 PM"
        ],
        "address": [
            "Central Agra",
            "MG Road"
        ]
    },
    {
        "page": "39",
        "name": [
            "Formula Rossa"
        ],
        "type": [
            "Chinese",
            "Fast Food",
            "South Indian",
            "North Indian"
        ],
        "avg_cost": [
            "400 for two people"
        ],
        "hours": [
            "12:00 PM to 11:00 PM"
        ],
        "address": [
            "Sadar Bazar",
            "South Agra"
        ]
    },
    {
        "page": "41",
        "name": [
            "ICEENO"
        ],
        "type": [
            "Chinese",
            "Fast Food",
            "North Indian"
        ],
        "avg_cost": [
            "300 for two people"
        ],
        "hours": [
            "11:00 AM to 11:00 PM"
        ],
        "address": [
            "North Agra",
            "Kamla Nagar"
        ]
    },
    {
        "page": "38",
        "name": [
            "Folks Pub"
        ],
        "type": [
            "Chinese",
            "Italian",
            "Fast Food",
            "North Indian"
        ],
        "avg_cost": [
            "2,000 for two people"
        ],
        "hours": [
            "01:00 PM to 01:00 AM"
        ],
        "address": [
            "Central Agra",
            "MG Road"
        ]
    },
    {
        "page": "42",
        "name": [
            "KGF Club"
        ],
        "type": [
            "Chinese",
            "South Indian",
            "Fast Food",
            "Italian",
            "North Indian"
        ],
        "avg_cost": [
            "600 for two people"
        ],
        "hours": [
            "11:00 AM to 11:00 PM"
        ],
        "address": [
            "Sadar Bazar",
            "South Agra"
        ]
    },
    {
        "page": "40",
        "name": [
            "Hi-Fi Cafe"
        ],
        "type": [
            "Fast Food",
            "Chinese",
            "North Indian"
        ],
        "avg_cost": [
            "900 for two people"
        ],
        "hours": [
            "11:00 AM to 11:00 PM"
        ],
        "address": [
            "West Agra",
            "Shahganj"
        ]
    },
    {
        "page": "44",
        "name": [
            "Madira Bar & Lounge"
        ],
        "type": [
            "Chinese",
            "Finger Food",
            "Fast Food",
            "North Indian"
        ],
        "avg_cost": [
            "1,000 for two people"
        ],
        "hours": [
            "11:00 AM to 11:30 PM"
        ],
        "address": [
            "North Agra",
            "Civil Lines"
        ]
    },
    {
        "page": "43",
        "name": [
            "Kings Cafe"
        ],
        "type": [
            "Chinese",
            "Fast Food",
            "North Indian"
        ],
        "avg_cost": [
            "500 for two people"
        ],
        "hours": [
            "11:00 AM to 11:00 PM"
        ],
        "address": [
            "North Agra",
            "Kamla Nagar"
        ]
    },
    {
        "page": "45",
        "name": [
            "Mansion - Tapas & Club"
        ],
        "type": [
            "Chinese",
            "Fast Food",
            "Italian",
            "North Indian",
            "Asian"
        ],
        "avg_cost": [
            "3,000 for two people"
        ],
        "hours": [
            "01:00 PM to 01:00 AM"
        ],
        "address": [
            "Central Agra",
            "Rakabganj"
        ]
    },
    {
        "page": "32",
        "name": [
            "Dasaprakash A South Indian Cafe"
        ],
        "type": [
            "Chinese",
            "Fast Food",
            "South Indian",
            "North Indian"
        ],
        "avg_cost": [
            "700 for two people"
        ],
        "hours": [
            "09:00 AM to 11:00 PM"
        ],
        "address": [
            "Tajganj",
            "East Agra"
        ]
    },
    {
        "page": "46",
        "name": [
            "Masala Darbar"
        ],
        "type": [
            "Chinese",
            "Fast Food",
            "South Indian",
            "North Indian"
        ],
        "avg_cost": [
            "700 for two people"
        ],
        "hours": [
            "11:00 AM to 11:00 PM"
        ],
        "address": [
            "Tajganj",
            "East Agra"
        ]
    },
    {
        "page": "47",
        "name": [
            "Medley Bakers"
        ],
        "type": [
            "Fast Food",
            "Chinese",
            "North Indian"
        ],
        "avg_cost": [
            "600 for two people"
        ],
        "hours": [
            "11:00 AM to 11:00 PM"
        ],
        "address": [
            "North Agra",
            "Civil Lines"
        ]
    },
    {
        "page": "48",
        "name": [
            "Merry Go Round - The Revolving Restaurant"
        ],
        "type": [
            "Chinese",
            "Continental",
            "Fast Food",
            "North Indian"
        ],
        "avg_cost": [
            "2,400 for two people"
        ],
        "hours": [
            "06:30 AM to 11:30 PM"
        ],
        "address": [
            "Tajganj",
            "East Agra"
        ]
    },
    {
        "page": "50",
        "name": [
            "Mr.Dosa"
        ],
        "type": [
            "Chinese",
            "Beverages",
            "South Indian",
            "Fast Food",
            "Italian",
            "North Indian"
        ],
        "avg_cost": [
            "400 for two people"
        ],
        "hours": [
            "11:00 AM to 11:00 PM"
        ],
        "address": [
            "Sadar Bazar",
            "South Agra"
        ]
    },
    {
        "page": "49",
        "name": [
            "MKOP"
        ],
        "type": [
            "Fast Food",
            "Chinese",
            "Desserts",
            "North Indian"
        ],
        "avg_cost": [
            "700 for two people"
        ],
        "hours": [
            "11:00 AM to 11:00 PM"
        ],
        "address": [
            "Central Agra",
            "Rakabganj"
        ]
    },
    {
        "page": "51",
        "name": [
            "Noosh"
        ],
        "type": [
            "Fast Food",
            "Chinese",
            "North Indian"
        ],
        "avg_cost": [
            "1,500 for two people"
        ],
        "hours": [
            "07:00 AM to 11:30 PM"
        ],
        "address": [
            "Central Agra",
            "Rakabganj"
        ]
    },
    {
        "page": "52",
        "name": [
            "Old Baker"
        ],
        "type": [
            "Chinese",
            "Desserts",
            "Fast Food",
            "North Indian"
        ],
        "avg_cost": [
            "1,200 for two people"
        ],
        "hours": [
            "12:00 PM to 10:00 PM"
        ],
        "address": [
            "Tajganj",
            "East Agra"
        ]
    },
    {
        "page": "53",
        "name": [
            "Om Cafe"
        ],
        "type": [
            "Chinese",
            "Beverages",
            "Fast Food",
            "North Indian"
        ],
        "avg_cost": [
            "300 for two people"
        ],
        "hours": [
            "11:00 AM to 11:00 PM"
        ],
        "address": [
            "Sadar Bazar",
            "South Agra"
        ]
    },
    {
        "page": "54",
        "name": [
            "Pizza Hub"
        ],
        "type": [
            "Chinese",
            "Fast Food",
            "North Indian"
        ],
        "avg_cost": [],
        "hours": [],
        "address": [
            "West Agra",
            "Shahganj"
        ]
    },
    {
        "page": "55",
        "name": [
            "Rolls Nation"
        ],
        "type": [
            "Fast Food",
            "Chinese",
            "South Indian",
            "North Indian"
        ],
        "avg_cost": [
            "300 for two people"
        ],
        "hours": [
            "02:00 PM to 10:00 PM"
        ],
        "address": [
            "North Agra",
            "Kamla Nagar"
        ]
    },
    {
        "page": "56",
        "name": [
            "Shan-e-Hind"
        ],
        "type": [
            "Fast Food",
            "Chinese",
            "North Indian"
        ],
        "avg_cost": [
            "600 for two people"
        ],
        "hours": [
            "11:00 AM to 11:00 PM"
        ],
        "address": [
            "Idgah Colony",
            "South Agra"
        ]
    },
    {
        "page": "57",
        "name": [
            "Shawarma Hut"
        ],
        "type": [
            "Fast Food",
            "Lebanese",
            "Chinese",
            "North Indian"
        ],
        "avg_cost": [
            "400 for two people"
        ],
        "hours": [
            "11:00 AM to 11:00 PM"
        ],
        "address": [
            "Sanjay Place",
            "Central Agra"
        ]
    },
    {
        "page": "58",
        "name": [
            "Shayhub"
        ],
        "type": [
            "Chinese",
            "Beverages",
            "Fast Food",
            "North Indian",
            "Pizza"
        ],
        "avg_cost": [
            "200 for two people"
        ],
        "hours": [
            "00:00 AM to 10:30 PM"
        ],
        "address": [
            "North Agra",
            "Kamla Nagar"
        ]
    },
    {
        "page": "59",
        "name": [
            "Shayhub"
        ],
        "type": [
            "Chinese",
            "Fast Food",
            "North Indian"
        ],
        "avg_cost": [
            "200 for two people"
        ],
        "hours": [
            "11:00 AM to 10:30 PM"
        ],
        "address": [
            "North Agra",
            "Kamla Nagar"
        ]
    },
    {
        "page": "60",
        "name": [
            "Social Attitude"
        ],
        "type": [
            "Chinese",
            "Fast Food",
            "South Indian",
            "North Indian"
        ],
        "avg_cost": [
            "900 for two people"
        ],
        "hours": [
            "01:00 PM to 10:00 PM"
        ],
        "address": [
            "Lohamandi",
            "West Agra"
        ]
    },
    {
        "page": "62",
        "name": [
            "Sumac"
        ],
        "type": [
            "Chinese",
            "Continental",
            "South Indian",
            "Fast Food",
            "North Indian"
        ],
        "avg_cost": [
            "1,500 for two people"
        ],
        "hours": [
            "07:00 AM to 11:00 PM"
        ],
        "address": [
            "Tajganj",
            "East Agra"
        ]
    },
    {
        "page": "61",
        "name": [
            "Social Attitude"
        ],
        "type": [
            "Chinese",
            "Italian",
            "Fast Food",
            "North Indian"
        ],
        "avg_cost": [
            "700 for two people"
        ],
        "hours": [
            "12:00 PM to 12:00 AM"
        ],
        "address": [
            "West Agra",
            "Shahganj"
        ]
    },
    {
        "page": "63",
        "name": [
            "The Dark World"
        ],
        "type": [
            "Chinese",
            "Fast Food",
            "South Indian",
            "North Indian"
        ],
        "avg_cost": [
            "700 for two people"
        ],
        "hours": [
            "12:00 PM to 11:00 PM"
        ],
        "address": [
            "Sikandra",
            "North Agra"
        ]
    },
    {
        "page": "64",
        "name": [
            "The Indian Curry - DD Suites"
        ],
        "type": [
            "Chinese",
            "Fast Food",
            "North Indian"
        ],
        "avg_cost": [
            "1,600 for two people"
        ],
        "hours": [
            "11:00 AM to 11:00 PM"
        ],
        "address": [
            "North Agra",
            "Kamla Nagar"
        ]
    },
    {
        "page": "65",
        "name": [
            "The Untold Stories"
        ],
        "type": [
            "Fast Food",
            "Beverages",
            "Chinese",
            "North Indian"
        ],
        "avg_cost": [
            "500 for two people"
        ],
        "hours": [
            "12:00 PM to 11:00 PM"
        ],
        "address": [
            "North Agra",
            "Kamla Nagar"
        ]
    },
    {
        "page": "66",
        "name": [
            "Udupi Brindavan"
        ],
        "type": [
            "Chinese",
            "Fast Food",
            "North Indian"
        ],
        "avg_cost": [],
        "hours": [],
        "address": [
            "Tajganj",
            "East Agra"
        ]
    },
    {
        "page": "67",
        "name": [
            "Udupi Brindavan"
        ],
        "type": [
            "Chinese",
            "Fast Food",
            "North Indian"
        ],
        "avg_cost": [],
        "hours": [],
        "address": [
            "Tajganj",
            "East Agra"
        ]
    },
    {
        "page": "68",
        "name": [
            "Veer Ji Malai Chaap"
        ],
        "type": [
            "Chinese",
            "Fast Food",
            "North Indian"
        ],
        "avg_cost": [
            "500 for two people"
        ],
        "hours": [
            "02:00 PM to 11:59 PM"
        ],
        "address": [
            "North Agra",
            "Kamla Nagar"
        ]
    },
    {
        "page": "69",
        "name": [
            "What The Food"
        ],
        "type": [
            "Chinese",
            "Fast Food",
            "North Indian"
        ],
        "avg_cost": [
            "400 for two people"
        ],
        "hours": [
            "11:00 AM to 11:00 PM"
        ],
        "address": [
            "North Agra",
            "Kamla Nagar"
        ]
    }
]