[
    {
        "page": "0",
        "rank": [
            "4.0"
        ],
        "address": [
            "2692 Dunsmuir Avenue, Cumberland, British Columbia V0R 1S0 Canada"
        ],
        "phone": [
            "+1 250-336-8322"
        ]
    },
    {
        "page": "100",
        "rank": [
            "4.5",
            "5.0 of 5 bubbles"
        ],
        "address": [
            "728 Burloak Dr Burloak Commons, Burlington, Ontario L7L 0B1 Canada"
        ],
        "phone": [
            "+1 289-337-3999"
        ]
    },
    {
        "page": "101",
        "rank": [
            "3.5"
        ],
        "address": [
            "2455 Appleby Line At Dundas Street - Hwy 5, Burlington, Ontario L7L 0B6 Canada"
        ],
        "phone": [
            "+1 905-335-8300"
        ]
    },
    {
        "page": "102",
        "rank": [
            "3.5"
        ],
        "address": [
            "2405 Fairview Street Unit 3, Burlington, Ontario L7R 2E3 Canada"
        ],
        "phone": [
            "+1 905-681-8080"
        ]
    },
    {
        "page": "103",
        "rank": [
            "3.0"
        ],
        "address": [
            "777 Guelph Line, Burlington, Ontario L7R 3N2 Canada"
        ],
        "phone": [
            "+1 905-633-9323"
        ]
    },
    {
        "page": "104",
        "rank": [
            "4.0"
        ],
        "address": [
            "2049 Pine St Village Sqaure, Burlington, Ontario L7R 1E9 Canada"
        ],
        "phone": [
            "+1 416-917-5745"
        ]
    },
    {
        "page": "105",
        "rank": [
            "3.0"
        ],
        "address": [
            "4033 New St, Burlington, Ontario L7L 1S8 Canada"
        ],
        "phone": [
            "+1 905-333-3434"
        ]
    },
    {
        "page": "106",
        "rank": [
            "4.0"
        ],
        "address": [
            "752 King St E Church and King, Cambridge, Ontario N3H 3N9 Canada"
        ],
        "phone": [
            "+1 519-653-4455"
        ]
    },
    {
        "page": "107",
        "rank": [
            "4.5"
        ],
        "address": [
            "80 Brock Rd S, Guelph, Ontario N1H 6H9 Canada"
        ],
        "phone": [
            "+1 519-763-1070"
        ]
    },
    {
        "page": "108",
        "rank": [
            "4.5"
        ],
        "address": [
            "951 Gordon St Gordon Gate, Guelph, Ontario N1G 4S1 Canada"
        ],
        "phone": []
    },
    {
        "page": "109",
        "rank": [
            "4.5"
        ],
        "address": [
            "192 Ontario Street, Kingston, Ontario K7L 2Y8 Canada"
        ],
        "phone": [
            "+1 613-549-1812",
            "Downtown Kingston"
        ]
    },
    {
        "page": "110",
        "rank": [
            "4.5"
        ],
        "address": [
            "715 Wellington Rd S, London, Ontario N6C 4R4 Canada"
        ],
        "phone": [
            "+1 519-668-7407"
        ]
    },
    {
        "page": "111",
        "rank": [
            "4.0"
        ],
        "address": [
            "699 Wilkins St, London, Ontario N6C 5C8 Canada"
        ],
        "phone": [
            "+1 519-685-0640"
        ]
    },
    {
        "page": "112",
        "rank": [
            "2.5"
        ],
        "address": [
            "6781 Hurontario St, Mississauga, Ontario L5T 2Z6 Canada"
        ],
        "phone": [
            "+1 905-564-7979"
        ]
    },
    {
        "page": "113",
        "rank": [
            "1.0 of 5 bubbles",
            "2.0 of 5 bubbles",
            "4.0 of 5 bubbles",
            "4.0",
            "5.0 of 5 bubbles"
        ],
        "address": [
            "6905 Millcreek Dr, Mississauga, Ontario L5N 6A3 Canada"
        ],
        "phone": [
            "+1 905-858-1770"
        ]
    },
    {
        "page": "1",
        "rank": [
            "4.0"
        ],
        "address": [
            "190 Jozo Weider Blvd., Unit 10 Village at Blue Mountain, Blue Mountains, Ontario L9Y 0V2 Canada"
        ],
        "phone": [
            "+1 705-445-4880"
        ]
    },
    {
        "page": "115",
        "rank": [
            "5.0"
        ],
        "address": [
            "4345 Queen St, Niagara Falls, Ontario L2E 2K9 Canada"
        ],
        "phone": [
            "+1 289-296-9557"
        ]
    },
    {
        "page": "114",
        "rank": [
            "4.0 of 5 bubbles",
            "1.0 of 5 bubbles",
            "3.5",
            "5.0 of 5 bubbles"
        ],
        "address": [
            "2901 Eglinton Ave. W. Eglinton Ave. W. & Winston Churchill Blvd., Mississauga, Ontario L5M 6J3 Canada"
        ],
        "phone": [
            "+1 905-569-6009"
        ]
    },
    {
        "page": "116",
        "rank": [
            "4.5"
        ],
        "address": [
            "563 Ritson Rd S, Oshawa, Ontario L1H 5K6 Canada"
        ],
        "phone": [
            "Downtown Oshawa",
            "+1 905-448-0892"
        ]
    },
    {
        "page": "117",
        "rank": [
            "4.0"
        ],
        "address": [
            "1365 Wilson Rd N Unit 2, Oshawa, Ontario L1K 2Z5 Canada"
        ],
        "phone": [
            "+1 905-723-3322"
        ]
    },
    {
        "page": "11",
        "rank": [],
        "address": [],
        "phone": []
    },
    {
        "page": "12",
        "rank": [
            "4.5"
        ],
        "address": [
            "Kurfuerstenstr. 13, 54531 Manderscheid, Rhineland-Palatinate Germany"
        ],
        "phone": [
            "+49 6572 932092"
        ]
    },
    {
        "page": "119",
        "rank": [
            "3.5"
        ],
        "address": [
            "1400 Clyde Ave, Ottawa, Ontario K2G 3J2 Canada"
        ],
        "phone": [
            "+1 613-224-3873"
        ]
    },
    {
        "page": "120",
        "rank": [
            "4.5"
        ],
        "address": [
            "2701 St. Joseph Blvd, Ottawa, Ontario K1C 1G4 Canada"
        ],
        "phone": [
            "+1 613-837-1668"
        ]
    },
    {
        "page": "121",
        "rank": [
            "3.5"
        ],
        "address": [
            "1065 Shore Rd W, Ontario N0R 1M0 Canada"
        ],
        "phone": [
            "+1 519-724-2500"
        ]
    },
    {
        "page": "122",
        "rank": [
            "4.5"
        ],
        "address": [
            "34 Brunswick Upper Level, Stratford, Ontario N5A 3L8 Canada"
        ],
        "phone": [
            "+1 519-271-5647"
        ]
    },
    {
        "page": "124",
        "rank": [
            "4.5"
        ],
        "address": [
            "79 Cedar St, Sudbury, Ontario P3E 1A7 Canada"
        ],
        "phone": [
            "+1 705-673-2233"
        ]
    },
    {
        "page": "123",
        "rank": [
            "4.5"
        ],
        "address": [
            "28 Erie St, Stratford, Ontario N5A 2M4 Canada"
        ],
        "phone": [
            "+1 519-272-0133"
        ]
    },
    {
        "page": "125",
        "rank": [
            "4.5"
        ],
        "address": [
            "220 Red River Rd Between Cumberland and Court, Thunder Bay, Ontario P7B 1A6 Canada"
        ],
        "phone": [
            "+1 807-343-9277"
        ]
    },
    {
        "page": "127",
        "rank": [
            "4.5"
        ],
        "address": [
            "1 Old Mill Dr., Toronto, Ontario M6S 0A1 Canada"
        ],
        "phone": [
            "+1 855-433-5527",
            "York-Crosstown"
        ]
    },
    {
        "page": "10",
        "rank": [
            "5.0"
        ],
        "address": [
            "11053 Highway 60, Golden Lake, Ontario K0J 1X0 Canada"
        ],
        "phone": [
            "+1 613-305-3758"
        ]
    },
    {
        "page": "129",
        "rank": [
            "4.5"
        ],
        "address": [
            "3795 Lake Shore Blvd W, Toronto, Ontario M8W 1R2 Canada"
        ],
        "phone": [
            "Long Branch",
            "+1 416-546-2093"
        ]
    },
    {
        "page": "13",
        "rank": [
            "4.5"
        ],
        "address": [
            "Via della libert\u00e0 27, 92010 Siculiana, Sicily Italy"
        ],
        "phone": [
            "+39 0922 155 3614"
        ]
    },
    {
        "page": "130",
        "rank": [
            "4.5"
        ],
        "address": [
            "1104 Victoria Park Ave, Toronto, Ontario M4B 2K3 Canada"
        ],
        "phone": [
            "East York",
            "+1 416-757-5005"
        ]
    },
    {
        "page": "118",
        "rank": [
            "5.0"
        ],
        "address": [
            "569 Gladstone Ave, Ottawa, Ontario K1R 5P2 Canada"
        ],
        "phone": [
            "+1 613-413-1699"
        ]
    },
    {
        "page": "126",
        "rank": [
            "4.5"
        ],
        "address": [
            "1564 Queen St W, Toronto, Ontario M6R 1A6 Canada"
        ],
        "phone": [
            "Old Toronto",
            "+1 416-516-4038"
        ]
    },
    {
        "page": "133",
        "rank": [
            "4.5"
        ],
        "address": [
            "374 Royal York Rd, Toronto, Ontario M8Y 2R3 Canada"
        ],
        "phone": [
            "+1 416-255-2808",
            "Mimico"
        ]
    },
    {
        "page": "132",
        "rank": [
            "4.5"
        ],
        "address": [
            "188 Ossington Ave, Toronto, Ontario M6J 2Z7 Canada"
        ],
        "phone": [
            "Old Toronto",
            "+1 647-748-0288"
        ]
    },
    {
        "page": "134",
        "rank": [
            "3.5"
        ],
        "address": [
            "492 Danforth Ave, Toronto, Ontario M4K 1P6 Canada"
        ],
        "phone": [
            "Old Toronto",
            "+1 416-463-4418"
        ]
    },
    {
        "page": "136",
        "rank": [
            "4.0"
        ],
        "address": [
            "56 York St, Toronto, Ontario M5J 1S8 Canada"
        ],
        "phone": [
            "Old Toronto",
            "+1 416-366-9211"
        ]
    },
    {
        "page": "135",
        "rank": [
            "4.5"
        ],
        "address": [
            "421 College St, Toronto, Ontario M5T 1T1 Canada"
        ],
        "phone": [
            "Old Toronto",
            "+1 416-367-4013"
        ]
    },
    {
        "page": "138",
        "rank": [
            "4.5"
        ],
        "address": [
            "3353 Yonge St, Toronto, Ontario M4N 2M6 Canada"
        ],
        "phone": [
            "Old Toronto",
            "+1 416-486-2288"
        ]
    },
    {
        "page": "128",
        "rank": [
            "4.5"
        ],
        "address": [
            "388 Royal York Rd ETOBICOKE, Ontario, Toronto, Ontario M8Y 2R3 Canada"
        ],
        "phone": [
            "+1 416-252-2323",
            "Mimico"
        ]
    },
    {
        "page": "139",
        "rank": [
            "4.5"
        ],
        "address": [
            "67 Front St E, Toronto, Ontario M5E 1B5 Canada"
        ],
        "phone": [
            "Old Toronto",
            "+1 416-867-9499"
        ]
    },
    {
        "page": "140",
        "rank": [
            "1.0 of 5 bubbles",
            "2.0 of 5 bubbles",
            "4.0 of 5 bubbles",
            "4.0",
            "5.0 of 5 bubbles"
        ],
        "address": [
            "445 Danforth Ave, Toronto, Ontario M4K 1P1 Canada"
        ],
        "phone": [
            "Old Toronto",
            "+1 416-778-4861"
        ]
    },
    {
        "page": "141",
        "rank": [
            "4.5"
        ],
        "address": [
            "1701 Bayview Ave, Toronto, Ontario M4G 3C1 Canada"
        ],
        "phone": [
            "Old Toronto",
            "+1 416-322-3270"
        ]
    },
    {
        "page": "142",
        "rank": [
            "4.0"
        ],
        "address": [
            "511 Cabana Rd E, Windsor, Ontario N9G 1A5 Canada"
        ],
        "phone": [
            "+1 519-966-2076"
        ]
    },
    {
        "page": "137",
        "rank": [
            "4.5"
        ],
        "address": [
            "804 O'Connor Dr, Toronto, Ontario M4B 2S9 Canada"
        ],
        "phone": [
            "East York",
            "+1 416-285-1165"
        ]
    },
    {
        "page": "144",
        "rank": [
            "4.5"
        ],
        "address": [
            "257 Rue Prince, Montreal, Quebec H3C 2N4 Canada"
        ],
        "phone": [
            "+1 514-316-4666",
            "Ville-Marie"
        ]
    },
    {
        "page": "145",
        "rank": [
            "4.0"
        ],
        "address": [
            "1280 St Andr\u00e9, Montreal, Quebec H2L 3S9 Canada"
        ],
        "phone": [
            "+1 514-849-0429",
            "Ville-Marie"
        ]
    },
    {
        "page": "143",
        "rank": [
            "3.5"
        ],
        "address": [
            "10550 Boulevard Pie-ix, Montreal, Quebec H1H 4A2 Canada"
        ],
        "phone": [
            "Montr\u00e9al-Nord",
            "+1 514-321-1790"
        ]
    },
    {
        "page": "147",
        "rank": [
            "4.5"
        ],
        "address": [
            "447 Rue Saint Francois Xavier, Montreal, Quebec H2Y 2T1 Canada"
        ],
        "phone": [
            "+1 514-844-4368",
            "Ville-Marie"
        ]
    },
    {
        "page": "148",
        "rank": [
            "3.5"
        ],
        "address": [
            "4697 Rue De Bullion, Montreal, Quebec H2T 1Y7 Canada"
        ],
        "phone": [
            "+1 514-844-7863",
            "Le Plateau Mont-Royal"
        ]
    },
    {
        "page": "149",
        "rank": [
            "4.5"
        ],
        "address": [
            "1282 Avenue Maguire, Quebec City, Quebec G1T 1Z3 Canada"
        ],
        "phone": [
            "Downtown Quebec City"
        ]
    },
    {
        "page": "131",
        "rank": [
            "3.5"
        ],
        "address": [
            "2232 Queen St E, Toronto, Ontario M4E 1E9 Canada"
        ],
        "phone": [
            "Old Toronto",
            "+1 647-748-2232"
        ]
    },
    {
        "page": "150",
        "rank": [
            "4.5"
        ],
        "address": [
            "1625 Broad St, Regina, Saskatchewan S4P 1X3 Canada"
        ],
        "phone": [
            "+1 306-522-4243"
        ]
    },
    {
        "page": "151",
        "rank": [
            "4.5"
        ],
        "address": [
            "1946 Hamilton St, Regina, Saskatchewan S4P 2C4 Canada"
        ],
        "phone": [
            "Downtown",
            "+1 306-352-8424"
        ]
    },
    {
        "page": "152",
        "rank": [
            "4.0"
        ],
        "address": [
            "2112 2nd Ave, Whitehorse, Yukon Y1A 1B9 Canada"
        ],
        "phone": [
            "+1 867-393-2605"
        ]
    },
    {
        "page": "14",
        "rank": [
            "4.0"
        ],
        "address": [
            "Via Gran Bretagna snc Strada Statale 115 km 170,00, 92010 Siculiana, Sicily Italy"
        ],
        "phone": [
            "+39 0922 815884"
        ]
    },
    {
        "page": "154",
        "rank": [
            "5.0"
        ],
        "address": [
            "Tham Lot, Soppong 58150 Thailand"
        ],
        "phone": [
            "+66 81 168 6094"
        ]
    },
    {
        "page": "15",
        "rank": [
            "4.5"
        ],
        "address": [
            "via Fontanelle, 92010 Siculiana, Sicily Italy"
        ],
        "phone": [
            "+39 351 259 2256"
        ]
    },
    {
        "page": "155",
        "rank": [
            "4.5"
        ],
        "address": [
            "Sp324, 4, 41027 Pievepelago Italy"
        ],
        "phone": [
            "+39 0536 71860"
        ]
    },
    {
        "page": "156",
        "rank": [
            "3.5"
        ],
        "address": [
            "Piazza Adriano Gimorri 13 Loc. Sant'Annapelago, 41027 Pievepelago Italy"
        ],
        "phone": [
            "+39 338 360 0325"
        ]
    },
    {
        "page": "157",
        "rank": [
            "3.5"
        ],
        "address": [
            "loc. Lago Santo, Pievepelago Italy"
        ],
        "phone": [
            "+39 0536 71556"
        ]
    },
    {
        "page": "159",
        "rank": [
            "3.5"
        ],
        "address": [
            "Via Roma 79, 41027 Pievepelago Italy"
        ],
        "phone": [
            "+39 0536 71338"
        ]
    },
    {
        "page": "158",
        "rank": [
            "3.5"
        ],
        "address": [
            "Via Ponte Battistella, 41027 Pievepelago Italy"
        ],
        "phone": [
            "+39 0536 71535"
        ]
    },
    {
        "page": "16",
        "rank": [
            "4.5"
        ],
        "address": [
            "Via Giacomo Puccini n 10 Pasticceria Pinzarrone, 92010 Siculiana, Sicily Italy"
        ],
        "phone": [
            "+39 0922 815689"
        ]
    },
    {
        "page": "160",
        "rank": [
            "3.0"
        ],
        "address": [
            "Viale Adolfo Ferrari 51, 41027 Pievepelago Italy"
        ],
        "phone": [
            "+39 380 106 1093"
        ]
    },
    {
        "page": "162",
        "rank": [
            "4.0"
        ],
        "address": [
            "Via Giardini 16/18 Loc. Ponte Modino, Pievepelago Italy"
        ],
        "phone": [
            "+39 0536 071351"
        ]
    },
    {
        "page": "161",
        "rank": [
            "3.5"
        ],
        "address": [
            "Via Roma 180, 41027 Pievepelago Italy"
        ],
        "phone": [
            "+39 0536 71584"
        ]
    },
    {
        "page": "163",
        "rank": [
            "4.0"
        ],
        "address": [
            "Localita Lago Santo, 41027 Pievepelago Italy"
        ],
        "phone": [
            "+39 0536 71252"
        ]
    },
    {
        "page": "164",
        "rank": [
            "4.0"
        ],
        "address": [
            "Via Roma 94/96/98, 41027 Pievepelago Italy"
        ],
        "phone": [
            "+39 0536 72060"
        ]
    },
    {
        "page": "166",
        "rank": [
            "4.0"
        ],
        "address": [
            "1666 \u2013 6551 No 3 Rd, Richmond, British Columbia V6Y 2B6 Canada"
        ],
        "phone": [
            "City Centre",
            "+1 604-244-9969"
        ]
    },
    {
        "page": "167",
        "rank": [
            "4.0"
        ],
        "address": [
            "10720 Cambie Rd, Richmond, British Columbia V6X 1K8 Canada"
        ],
        "phone": [
            "East Cambie",
            "+1 604-273-0776"
        ]
    },
    {
        "page": "168",
        "rank": [
            "3.5"
        ],
        "address": [
            "1802 Lonsdale Ave, North Vancouver, British Columbia V7M 2J9 Canada"
        ],
        "phone": [
            "+1 604-770-0017"
        ]
    },
    {
        "page": "169",
        "rank": [
            "4.5"
        ],
        "address": [
            "103-2636 Montrose Ave, Abbotsford, British Columbia V2S 3T6 Canada"
        ],
        "phone": [
            "+1 604-744-2443"
        ]
    },
    {
        "page": "153",
        "rank": [
            "4.0"
        ],
        "address": [
            "211 Hanson St, Whitehorse, Yukon Y1A 1Y3 Canada"
        ],
        "phone": [
            "+1 867-668-5858"
        ]
    },
    {
        "page": "170",
        "rank": [
            "4.5"
        ],
        "address": [
            "1600 Railway Ave, Canmore, Alberta T1W 1P6 Canada"
        ],
        "phone": [
            "+1 403-609-2530"
        ]
    },
    {
        "page": "171",
        "rank": [
            "4.0"
        ],
        "address": [
            "9985 Boulevard Leduc, Brossard, Quebec J4Y 0P7 Canada"
        ],
        "phone": [
            "+1 438-873-4449"
        ]
    },
    {
        "page": "165",
        "rank": [
            "4.0"
        ],
        "address": [
            "7551 Westminster Hwy, Richmond, British Columbia V6X 1A3 Canada"
        ],
        "phone": [
            "City Centre",
            "+1 604-233-3968"
        ]
    },
    {
        "page": "172",
        "rank": [
            "4.0"
        ],
        "address": [
            "701 Dundas Street West, Whitby, Ontario L1N 2N3 Canada"
        ],
        "phone": [
            "+1 905-493-5888"
        ]
    },
    {
        "page": "173",
        "rank": [
            "4.0"
        ],
        "address": [
            "499 Dundas St W, Trenton, Quinte West, Ontario K8V 6C4 Canada"
        ],
        "phone": [
            "+1 613-392-1414"
        ]
    },
    {
        "page": "146",
        "rank": [
            "4.5"
        ],
        "address": [
            "1059 Rue Gilford, Montreal, Quebec H2J 1P7 Canada"
        ],
        "phone": [
            "Le Plateau Mont-Royal",
            "+1 514-524-8118"
        ]
    },
    {
        "page": "175",
        "rank": [
            "4.0"
        ],
        "address": [
            "104 Shane St, Owen Sound, Ontario N4K 5N7 Canada"
        ],
        "phone": [
            "+1 519-372-2050"
        ]
    },
    {
        "page": "174",
        "rank": [
            "3.0"
        ],
        "address": [
            "22 Bay St, Parry Sound, Ontario P2A 1S5 Canada"
        ],
        "phone": [
            "+1 705-746-2882"
        ]
    },
    {
        "page": "177",
        "rank": [
            "5.0"
        ],
        "address": [
            "825 Weber St E #4, Kitchener, Ontario N2H 1H5 Canada"
        ],
        "phone": [
            "+1 226-647-1177"
        ]
    },
    {
        "page": "179",
        "rank": [
            "4.5"
        ],
        "address": [
            "76 Main St E, Huntsville, Ontario P1H 2B8 Canada"
        ],
        "phone": [
            "+1 705-789-2536"
        ]
    },
    {
        "page": "178",
        "rank": [
            "3.5"
        ],
        "address": [
            "164-168 Victoria St N, Kitchener, Ontario N2H 5C6 Canada"
        ],
        "phone": [
            "+1 519-578-9189"
        ]
    },
    {
        "page": "180",
        "rank": [
            "4.5"
        ],
        "address": [
            "19 Hurontario St, Collingwood, Ontario L9Y 2L7 Canada"
        ],
        "phone": [
            "+1 705-994-5155"
        ]
    },
    {
        "page": "176",
        "rank": [
            "4.0"
        ],
        "address": [
            "200 Pillsbury Drive, Midland, Ontario L4R 4K5 Canada"
        ],
        "phone": [
            "+1 705-527-0700"
        ]
    },
    {
        "page": "17",
        "rank": [
            "3.5"
        ],
        "address": [
            "Contrada Capo, Siculiana, Sicily Italy"
        ],
        "phone": [
            "+39 335 662 8804"
        ]
    },
    {
        "page": "18",
        "rank": [
            "4.5"
        ],
        "address": [
            "Via Circonvallazione 44/A, 92010 Siculiana, Sicily Italy"
        ],
        "phone": [
            "+39 0922 815554"
        ]
    },
    {
        "page": "20",
        "rank": [
            "4.5"
        ],
        "address": [
            "Playa Avellanas, Tamarindo Costa Rica"
        ],
        "phone": [
            "+ Add phone number"
        ]
    },
    {
        "page": "21",
        "rank": [
            "4.5"
        ],
        "address": [
            "Maarstr. 16, 54552 Schalkenmehren, Rhineland-Palatinate Germany"
        ],
        "phone": [
            "+49 6592 96660"
        ]
    },
    {
        "page": "22",
        "rank": [
            "4.5"
        ],
        "address": [
            "Pulvermaarstr. 18, 54558 Gillenfeld, Rhineland-Palatinate Germany"
        ],
        "phone": [
            "+ Add phone number"
        ]
    },
    {
        "page": "24",
        "rank": [
            "5.0"
        ],
        "address": [
            "32 Lynn Road, Great Bircham PE31 6RJ England"
        ],
        "phone": [
            "+44 1485 576006"
        ]
    },
    {
        "page": "23",
        "rank": [
            "5.0"
        ],
        "address": [
            "188 , Triq Ix-xatt, Il Gzira, Island of Malta GZR 1163 Malta"
        ],
        "phone": [
            "+356 2133 6446"
        ]
    },
    {
        "page": "25",
        "rank": [
            "4.0"
        ],
        "address": [
            "Lynn Road, Great Bircham PE31 6RJ England"
        ],
        "phone": [
            "+44 1485 578265"
        ]
    },
    {
        "page": "26",
        "rank": [
            "4.5"
        ],
        "address": [
            "3 Summerville Wharf Rd Hwy 215, Summerville, Nova Scotia B0N 2K0 Canada"
        ],
        "phone": [
            "+1 902-633-2300"
        ]
    },
    {
        "page": "27",
        "rank": [
            "4.5"
        ],
        "address": [
            "50 Bd De La Promenade, 11220, Lagrasse France"
        ],
        "phone": [
            "+33 4 68 12 02 51"
        ]
    },
    {
        "page": "19",
        "rank": [
            "4.5"
        ],
        "address": [
            "Via Renna 1, 92010 Siculiana, Sicily Italy"
        ],
        "phone": [
            "+39 351 210 9645"
        ]
    },
    {
        "page": "2",
        "rank": [
            "4.0"
        ],
        "address": [
            "25 Keymer Road, Hassocks BN6 8AB England"
        ],
        "phone": [
            "+44 1273 846790"
        ]
    },
    {
        "page": "3",
        "rank": [
            "4.5"
        ],
        "address": [
            "Muddleswood Road, Hassocks BN6 9EA England"
        ],
        "phone": [
            "+44 1273 857888"
        ]
    },
    {
        "page": "30",
        "rank": [
            "4.5"
        ],
        "address": [
            "54b Route D'auxerre, 58500 Clamecy France"
        ],
        "phone": [
            "+33 9 52 18 79 54"
        ]
    },
    {
        "page": "32",
        "rank": [
            "5.0"
        ],
        "address": [
            "13 Rue du General de Gaulle, 67730 La Vancelle France"
        ],
        "phone": [
            "+33 3 88 57 93 90"
        ]
    },
    {
        "page": "29",
        "rank": [
            "4.5"
        ],
        "address": [
            "Via Lungo Sisto, 1376, 04016 Borgo Vodice, Sabaudia Italy"
        ],
        "phone": [
            "+39 351 611 5469"
        ]
    },
    {
        "page": "34",
        "rank": [
            "4.5"
        ],
        "address": [
            "10, route Nationale 6 (Valloux) Proximit\u00e9 d'Avallon, 89200 Vault-de-Lugny France"
        ],
        "phone": [
            "+33 3 86 34 23 34"
        ]
    },
    {
        "page": "31",
        "rank": [
            "4.0"
        ],
        "address": [
            "9 Place Emile Zola, 58500 Clamecy France"
        ],
        "phone": [
            "+33 3 86 27 01 55"
        ]
    },
    {
        "page": "28",
        "rank": [
            "4.5"
        ],
        "address": [
            "3 rue Mazels, 11220, Lagrasse France"
        ],
        "phone": [
            "+33 4 68 32 33 32"
        ]
    },
    {
        "page": "37",
        "rank": [
            "3.0"
        ],
        "address": [
            "200 Queen St S, Mississauga, Ontario L5M 1L3 Canada"
        ],
        "phone": [
            "+1 905-997-2008"
        ]
    },
    {
        "page": "36",
        "rank": [
            "5.0"
        ],
        "address": [
            "25888 Hwy 35, Dwight, Ontario P0A 1H0 Canada"
        ],
        "phone": [
            "+1 705-635-2403"
        ]
    },
    {
        "page": "38",
        "rank": [
            "5.0"
        ],
        "address": [
            "High Street Elm House, Pooley Bridge, Penrith CA10 2NH England"
        ],
        "phone": [
            "+44 17684 86334"
        ]
    },
    {
        "page": "39",
        "rank": [
            "4.0"
        ],
        "address": [
            "Strada Romana 30, 01100 Bagnaia, Viterbo Italy"
        ],
        "phone": [
            "+39 0761 289934"
        ]
    },
    {
        "page": "4",
        "rank": [
            "4.0"
        ],
        "address": [
            "London Road, Hassocks BN6 9NA England"
        ],
        "phone": [
            "+44 1273 847801"
        ]
    },
    {
        "page": "41",
        "rank": [
            "4.0"
        ],
        "address": [
            "10651 Cabot Trail Highway, Belle Cote, Nova Scotia B0E 1C0 Canada"
        ],
        "phone": [
            "+ Add phone number"
        ]
    },
    {
        "page": "33",
        "rank": [
            "4.5"
        ],
        "address": [
            "63 Grande rue, 89200 Sermizelles France"
        ],
        "phone": [
            "+33 9 84 14 13 09"
        ]
    },
    {
        "page": "42",
        "rank": [
            "4.5"
        ],
        "address": [
            "Boulevard Benito Juarez S/N Plaza Chahue, Local Terraza Planta Alta, Huatulco 70987 Mexico"
        ],
        "phone": [
            "+52 958 106 5760"
        ]
    },
    {
        "page": "40",
        "rank": [
            "4.5"
        ],
        "address": [
            "5088 Estate Solitude, Christiansted 00820-4591 St. Croix"
        ],
        "phone": [
            "+1 340-773-8382"
        ]
    },
    {
        "page": "35",
        "rank": [
            "4.5"
        ],
        "address": [
            "11 rue du Chateau, 89200 Vault-de-Lugny France"
        ],
        "phone": [
            "+33 3 86 34 07 86"
        ]
    },
    {
        "page": "45",
        "rank": [
            "4.5"
        ],
        "address": [
            "2 Lieu Dit le Fleurion, 50620 Le Dezert France"
        ],
        "phone": [
            "+33 2 33 74 43 65"
        ]
    },
    {
        "page": "44",
        "rank": [
            "4.0"
        ],
        "address": [
            "20th Ave And 8th kitty corner to Palacio Municipal, Playa del Carmen 77710 Mexico"
        ],
        "phone": [
            "+52 984 873 3035"
        ]
    },
    {
        "page": "47",
        "rank": [
            "1.0 of 5 bubbles",
            "2.0 of 5 bubbles",
            "4.5",
            "4.0 of 5 bubbles",
            "5.0 of 5 bubbles",
            "3.0 of 5 bubbles"
        ],
        "address": [
            "41 Sage Hill Gate NW, Calgary, Alberta T3R 0S4 Canada"
        ],
        "phone": [
            "+1 587-230-0627"
        ]
    },
    {
        "page": "43",
        "rank": [
            "4.5"
        ],
        "address": [
            "Constitutyentes corner with Avenida 25, Playa del Carmen Mexico"
        ],
        "phone": [
            "+52 984 147 8041"
        ]
    },
    {
        "page": "49",
        "rank": [
            "4.0"
        ],
        "address": [
            "114 8 Ave SW, Calgary, Alberta T2P 1B3 Canada"
        ],
        "phone": [
            "Downtown",
            "+1 403-262-0708"
        ]
    },
    {
        "page": "46",
        "rank": [
            "4.5"
        ],
        "address": [
            "101-2763 Sunridge Way NE, Calgary, Alberta T1Y 7K7 Canada"
        ],
        "phone": [
            "+1 403-454-5643"
        ]
    },
    {
        "page": "51",
        "rank": [
            "4.5"
        ],
        "address": [
            "94 8 St Nw, Medicine Hat, Alberta T1A 6P1 Canada"
        ],
        "phone": [
            "+1 403-526-8098"
        ]
    },
    {
        "page": "48",
        "rank": [
            "4.0"
        ],
        "address": [
            "738 3 Ave SW, Calgary, Alberta T2P 0G7 Canada"
        ],
        "phone": [
            "Downtown",
            "+1 403-261-4646"
        ]
    },
    {
        "page": "52",
        "rank": [
            "3.0"
        ],
        "address": [
            "90 Thorburn Ave. Unit # 4110-4120, Red Deer, Alberta T4P 3G4 Canada"
        ],
        "phone": [
            "+1 587-272-0919"
        ]
    },
    {
        "page": "5",
        "rank": [
            "4.0"
        ],
        "address": [
            "Keymer Road, Hassocks BN6 8QT England"
        ],
        "phone": [
            "+44 1273 842645"
        ]
    },
    {
        "page": "54",
        "rank": [
            "4.5"
        ],
        "address": [
            "160 Esplanade Avenue, Harrison Hot Springs, British Columbia V0M 1K0 Canada"
        ],
        "phone": [
            "+1 604-491-1696"
        ]
    },
    {
        "page": "50",
        "rank": [
            "4.0"
        ],
        "address": [
            "10016-103 Avenue North West 103 Ave Nw, Edmonton, Alberta T5J 0G7 Canada"
        ],
        "phone": [
            "+1 780-425-7711"
        ]
    },
    {
        "page": "53",
        "rank": [
            "4.0"
        ],
        "address": [
            "46244 Airport Rd, Chilliwack, British Columbia V2P 1A5 Canada"
        ],
        "phone": [
            "+1 604-792-3430"
        ]
    },
    {
        "page": "55",
        "rank": [
            "4.5"
        ],
        "address": [
            "160 Esplanade Avenue, Harrison Hot Springs, British Columbia V0M 1K0 Canada"
        ],
        "phone": [
            "+1 604-491-1696"
        ]
    },
    {
        "page": "56",
        "rank": [
            "5.0"
        ],
        "address": [
            "140 Esplanade Ave, Harrison Hot Springs, British Columbia V0M 1K0 Canada"
        ],
        "phone": [
            "+1 604-491-3368"
        ]
    },
    {
        "page": "6",
        "rank": [
            "5.0"
        ],
        "address": [
            "4 Stanford Terrace, Hassocks BN6 8JF England"
        ],
        "phone": [
            "+44 7402 822692"
        ]
    },
    {
        "page": "57",
        "rank": [
            "4.5"
        ],
        "address": [
            "101-160 Lillooet Avenue, Harrison Hot Springs, British Columbia V0M 1K0 Canada"
        ],
        "phone": [
            "+1 604-796-1170"
        ]
    },
    {
        "page": "58",
        "rank": [
            "4.0"
        ],
        "address": [
            "180 Esplanade, Harrison Hot Springs, British Columbia V0M 1K0 Canada"
        ],
        "phone": [
            "+1 604-796-9343"
        ]
    },
    {
        "page": "60",
        "rank": [
            "4.5"
        ],
        "address": [
            "281 Lawrence Ave Corner of Lawrence Ave & Water St, Kelowna, British Columbia V1Y 6L2 Canada"
        ],
        "phone": [
            "+1 250-868-7228",
            "Central City"
        ]
    },
    {
        "page": "62",
        "rank": [
            "4.5"
        ],
        "address": [
            "347 Bernard Ave, Kelowna, British Columbia V1Y 6N6 Canada"
        ],
        "phone": [
            "Central City",
            "+1 250-717-3741"
        ]
    },
    {
        "page": "61",
        "rank": [
            "4.5"
        ],
        "address": [
            "Kelowna BC 1250 Ellis St, Kelowna, British Columbia V1Y 1Z4 Canada"
        ],
        "phone": [
            "+1 236-420-0025",
            "Central City"
        ]
    },
    {
        "page": "65",
        "rank": [
            "3.5"
        ],
        "address": [
            "1724 Stewart Ave, Nanaimo, British Columbia V9S 4E6 Canada"
        ],
        "phone": [
            "+1 250-591-3088"
        ]
    },
    {
        "page": "63",
        "rank": [
            "4.5"
        ],
        "address": [
            "1615 Dickson Ave Suite 200, Kelowna, British Columbia V1Y 0B1 Canada"
        ],
        "phone": [
            "Central City",
            "+1 250-469-9690"
        ]
    },
    {
        "page": "66",
        "rank": [
            "4.5"
        ],
        "address": [
            "1099 Lakeshore Dr W, Penticton, British Columbia V2A 1B7 Canada"
        ],
        "phone": [
            "+1 778-931-1770"
        ]
    },
    {
        "page": "67",
        "rank": [
            "4.0"
        ],
        "address": [
            "1440 Central St E, Prince George, British Columbia V2M 3C1 Canada"
        ],
        "phone": [
            "+1 250-562-1527"
        ]
    },
    {
        "page": "59",
        "rank": [
            "4.5"
        ],
        "address": [
            "1180 Sunset Dr, Kelowna, British Columbia V1Y 9W6 Canada"
        ],
        "phone": [
            "+1 250-979-1222",
            "Central City"
        ]
    },
    {
        "page": "69",
        "rank": [
            "4.5"
        ],
        "address": [
            "70-200 Granville St Corner of Canada Place and Howe St, Vancouver, British Columbia V6C 1S4 Canada"
        ],
        "phone": [
            "Downtown",
            "+1 604-568-3900"
        ]
    },
    {
        "page": "68",
        "rank": [
            "4.0"
        ],
        "address": [
            "900 Seymour St, Vancouver, British Columbia V6B 3L9 Canada"
        ],
        "phone": [
            "Downtown",
            "+1 604-602-9570"
        ]
    },
    {
        "page": "70",
        "rank": [
            "4.5"
        ],
        "address": [
            "162 Water St, Vancouver, British Columbia V6B 1B2 Canada"
        ],
        "phone": [
            "Downtown",
            "+1 604-568-7022"
        ]
    },
    {
        "page": "71",
        "rank": [
            "4.0"
        ],
        "address": [
            "1133 West Hastings Street Pinnacle Hotel Harbourfront, Vancouver, British Columbia V6E 3T3 Canada"
        ],
        "phone": [
            "Downtown",
            "+1 604-691-2777"
        ]
    },
    {
        "page": "72",
        "rank": [
            "4.5"
        ],
        "address": [
            "1439 Commercial Dr, Vancouver, British Columbia V5L 3X8 Canada"
        ],
        "phone": [
            "Grandview-Woodland",
            "+1 604-254-8452"
        ]
    },
    {
        "page": "7",
        "rank": [
            "5.0"
        ],
        "address": [
            "15 Keymer Road, Hassocks BN6 8AD England"
        ],
        "phone": [
            "+44 1273 843078"
        ]
    },
    {
        "page": "74",
        "rank": [
            "4.0"
        ],
        "address": [
            "333 Menchions Mews, Vancouver, British Columbia V6G 3H5 Canada"
        ],
        "phone": [
            "Downtown",
            "+1 604-689-5438"
        ]
    },
    {
        "page": "75",
        "rank": [
            "4.5"
        ],
        "address": [
            "244 East Georgia Street, Vancouver, British Columbia V6A 1Z7 Canada"
        ],
        "phone": [
            "East Vancouver",
            "+1 604-682-5777"
        ]
    },
    {
        "page": "64",
        "rank": [
            "4.5"
        ],
        "address": [
            "70 Church St, Nanaimo, British Columbia V9R 5H4 Canada"
        ],
        "phone": [
            "+1 778-441-4229"
        ]
    },
    {
        "page": "77",
        "rank": [
            "4.5"
        ],
        "address": [
            "6001 Island Hwy W, British Columbia V9K 2E1 Canada"
        ],
        "phone": [
            "+ Add phone number"
        ]
    },
    {
        "page": "73",
        "rank": [
            "4.0"
        ],
        "address": [
            "4909 Main St, Vancouver, British Columbia V5W 2R2 Canada"
        ],
        "phone": [
            "East Vancouver",
            "+1 604-325-1199"
        ]
    },
    {
        "page": "79",
        "rank": [
            "3.5"
        ],
        "address": [
            "829 McCallum Rd, Victoria, British Columbia V9B 6W6 Canada"
        ],
        "phone": [
            "+1 250-474-6063"
        ]
    },
    {
        "page": "78",
        "rank": [
            "4.0"
        ],
        "address": [
            "470 Belleville St, Victoria, British Columbia V8V 1W9 Canada"
        ],
        "phone": [
            "James Bay",
            "+1 778-433-6736"
        ]
    },
    {
        "page": "81",
        "rank": [
            "4.5"
        ],
        "address": [
            "537 Johnson Street, Victoria, British Columbia V8W 1M2 Canada"
        ],
        "phone": [
            "Downtown",
            "+1 250-361-0028"
        ]
    },
    {
        "page": "80",
        "rank": [
            "4.5"
        ],
        "address": [
            "805 Fort St, Victoria, British Columbia V8W 1H6 Canada"
        ],
        "phone": [
            "+1 250-477-0470",
            "Fairfield"
        ]
    },
    {
        "page": "82",
        "rank": [
            "5.0"
        ],
        "address": [
            "3112 30th Ave., Vernon, British Columbia V1T 2C2 Canada"
        ],
        "phone": [
            "+1 778-475-6222"
        ]
    },
    {
        "page": "83",
        "rank": [
            "4.0"
        ],
        "address": [
            "3107 32 St, Vernon, British Columbia V1T 5M6 Canada"
        ],
        "phone": [
            "+1 250-260-3558"
        ]
    },
    {
        "page": "84",
        "rank": [
            "4.5"
        ],
        "address": [
            "3315 30th Ave, Vernon, British Columbia V1T 2C9 Canada"
        ],
        "phone": [
            "+1 778-475-7887"
        ]
    },
    {
        "page": "85",
        "rank": [
            "4.5"
        ],
        "address": [
            "12-4340 Sundial Cresent, Whistler, British Columbia V8E 1G5 Canada"
        ],
        "phone": [
            "+1 604-962-4450"
        ]
    },
    {
        "page": "87",
        "rank": [
            "4.5"
        ],
        "address": [
            "313 Kelsey Blvd, Churchill, Manitoba R0B 0E0 Canada"
        ],
        "phone": [
            "+1 204-675-2969"
        ]
    },
    {
        "page": "86",
        "rank": [
            "4.5"
        ],
        "address": [
            "4090 Whistler Way, Whistler, British Columbia V0N 1B4 Canada"
        ],
        "phone": [
            "+1 604-935-4345"
        ]
    },
    {
        "page": "88",
        "rank": [
            "4.0"
        ],
        "address": [
            "299 Kelsey, Churchill, Manitoba R0B 0E0 Canada"
        ],
        "phone": [
            "+1 204-675-8807"
        ]
    },
    {
        "page": "8",
        "rank": [
            "4.0"
        ],
        "address": [
            "Cuckfield Road Nr Burgess Hill, Hassocks BN6 9LQ England"
        ],
        "phone": [
            "+44 1444 233460"
        ]
    },
    {
        "page": "76",
        "rank": [
            "4.5"
        ],
        "address": [
            "1535 Johnston St Creekhouse #102, Granville Island, Vancouver, British Columbia V6H 3R9 Canada"
        ],
        "phone": [
            "Granville Island",
            "+1 604-669-9030"
        ]
    },
    {
        "page": "90",
        "rank": [
            "4.0"
        ],
        "address": [
            "2237 Pembina Hwy, Winnipeg, Manitoba R3T 2H1 Canada"
        ],
        "phone": [
            "+1 204-504-6766"
        ]
    },
    {
        "page": "91",
        "rank": [
            "1.0 of 5 bubbles",
            "2.0 of 5 bubbles",
            "4.5",
            "4.0 of 5 bubbles",
            "5.0 of 5 bubbles"
        ],
        "address": [
            "130 Westmorland St, Moncton, New Brunswick E1C 0R9 Canada"
        ],
        "phone": [
            "+1 506-204-7177"
        ]
    },
    {
        "page": "92",
        "rank": [
            "4.5"
        ],
        "address": [
            "5 Bates Hl, St. John's, Newfoundland and Labrador A1C 4B5 Canada"
        ],
        "phone": [
            "Downtown",
            "+1 709-722-3100"
        ]
    },
    {
        "page": "93",
        "rank": [
            "4.5"
        ],
        "address": [
            "294 Water St, St. John's, Newfoundland and Labrador A1C 1B8 Canada"
        ],
        "phone": [
            "Downtown",
            "+1 709-700-1336"
        ]
    },
    {
        "page": "94",
        "rank": [
            "2.0 of 5 bubbles",
            "4.5",
            "5.0 of 5 bubbles"
        ],
        "address": [
            "195 Main St, Wolfville, Nova Scotia B4P 1C3 Canada"
        ],
        "phone": [
            "+1 877-542-2291"
        ]
    },
    {
        "page": "95",
        "rank": [
            "4.5"
        ],
        "address": [
            "352 Pleasant St, Dartmouth, Nova Scotia B2Y 3S5 Canada"
        ],
        "phone": [
            "+1 902-469-3074"
        ]
    },
    {
        "page": "96",
        "rank": [
            "4.0 of 5 bubbles",
            "3.0 of 5 bubbles",
            "4.5",
            "5.0 of 5 bubbles"
        ],
        "address": [
            "5218 Prince St, Halifax, Nova Scotia B3J 3X4 Canada"
        ],
        "phone": [
            "Downtown Halifax",
            "+1 902-423-8816"
        ]
    },
    {
        "page": "97",
        "rank": [
            "4.0"
        ],
        "address": [
            "7156 Chebucto Rd, Halifax, Nova Scotia B3L 1N4 Canada"
        ],
        "phone": [
            "+1 902-455-4395"
        ]
    },
    {
        "page": "98",
        "rank": [
            "3.5"
        ],
        "address": [
            "2280 Bovaird Dr E Unit 6, Brampton, Ontario L6R 3J5 Canada"
        ],
        "phone": [
            "+1 905-789-6600"
        ]
    },
    {
        "page": "89",
        "rank": [
            "4.0"
        ],
        "address": [
            "1750 Sargent Ave Sandman Hotel & Suites Winnipeg Airport, Winnipeg, Manitoba R3H 0C7 Canada"
        ],
        "phone": [
            "+1 204-788-2015",
            "St. James Industrial"
        ]
    },
    {
        "page": "9",
        "rank": [
            "4.5"
        ],
        "address": [
            "3 Kokomis Rd, Golden Lake, Ontario K0J 1X0 Canada"
        ],
        "phone": [
            "+1 613-625-2992"
        ]
    }
]