[
    {
        "page": "0",
        "name": [
            "136 Restaurant"
        ],
        "location": [
            "Linienstra\u00dfe 136, 10115 Berlin, Germany"
        ],
        "phone": [
            "+49 30 27909683"
        ]
    },
    {
        "page": "1",
        "name": [
            "2 Amys"
        ],
        "location": [
            "3715 Macomb St NW, Washington, DC 20016, USA"
        ],
        "phone": [
            "+1 2028855700"
        ]
    },
    {
        "page": "100",
        "name": [
            "Comida Independente"
        ],
        "location": [
            "R. Cais do Tojo 28, 1200-649 Lisboa, Portugal"
        ],
        "phone": [
            "+351 21 395 1762"
        ]
    },
    {
        "page": "10",
        "name": [
            "Allegory"
        ],
        "location": [
            "1201 K St NW #1, Washington, DC 20005, USA"
        ],
        "phone": []
    },
    {
        "page": "101",
        "name": [
            "Compartir Barcelona"
        ],
        "location": [
            "C/ de Val\u00e8ncia, 225, 08007 Barcelona, Spain"
        ],
        "phone": [
            "+34 936 24 78 86"
        ]
    },
    {
        "page": "102",
        "name": [
            "Cookshop"
        ],
        "location": [
            "156 10th Ave, New York, NY 10011, USA"
        ],
        "phone": [
            "+1 2129244440"
        ]
    },
    {
        "page": "103",
        "name": [
            "Coque"
        ],
        "location": [
            "C. del Marqu\u00e9s del Riscal, 11, Chamber\u00ed, 28010 Madrid, Spain"
        ],
        "phone": [
            "+34 916 04 02 02"
        ]
    },
    {
        "page": "104",
        "name": [
            "Corrutela"
        ],
        "location": [
            "R. Medeiros de Albuquerque, 256 - Vila Madalena, S\u00e3o Paulo - SP, 05436-060, Brazil"
        ],
        "phone": [
            "+55 11 30979490"
        ]
    },
    {
        "page": "108",
        "name": [
            "Crown Shy"
        ],
        "location": [
            "70 Pine Street Ground Floor, New York, NY 10005, USA"
        ],
        "phone": [
            "+1 2125171932"
        ]
    },
    {
        "page": "11",
        "name": [
            "Amber Palace"
        ],
        "location": [
            "Japan, \u3012100-0005 Tokyo, Chiyoda City, Marunouchi, 1-ch\u014dme\u22121\u2212\uff11 \u30d1\u30ec\u30b9\u30db\u30c6\u30eb\u6771\u4eac \uff15\u968e"
        ],
        "phone": [
            "+81 352217788"
        ]
    },
    {
        "page": "107",
        "name": [
            "Crizia Restaurante"
        ],
        "location": [
            "Fitz Roy 1819, C1414 Buenos Aires, Argentina"
        ],
        "phone": [
            "+54 11 47765005"
        ]
    },
    {
        "page": "110",
        "name": [
            "Da Delfina"
        ],
        "location": [
            "Via della Chiesa, 1, 59015 Artimino PO, Italy"
        ],
        "phone": [
            "+39 055 871 8074"
        ]
    },
    {
        "page": "109",
        "name": [
            "Cutler & Co."
        ],
        "location": [
            "55/57 Gertrude St, Fitzroy VIC 3065, Australia"
        ],
        "phone": [
            "+61 3 9419 4888"
        ]
    },
    {
        "page": "106",
        "name": [
            "Counter 71"
        ],
        "location": [
            "71 Nile St, London N1 7RD, UK"
        ],
        "phone": []
    },
    {
        "page": "112",
        "name": [
            "\u5927\u570d\u5c0f\u9928"
        ],
        "location": [
            "Hong Kong, Yuen Long, Sau Fu St, 60\u865f, Ho Shun Fuk Building, \u5546\u583422, 23\u865f\u8216"
        ],
        "phone": [
            "+852 2398 1292"
        ]
    },
    {
        "page": "113",
        "name": [
            "Dalida"
        ],
        "location": [
            "101 Montgomery St Suite 100, San Francisco, CA 94129, USA"
        ],
        "phone": [
            "+1 4152371999"
        ]
    },
    {
        "page": "115",
        "name": [
            "Davelle"
        ],
        "location": [
            "102 Suffolk St, New York, NY 10002, USA"
        ],
        "phone": [
            "+1 6469881973"
        ]
    },
    {
        "page": "111",
        "name": [
            "Da Giacomo"
        ],
        "location": [
            "Via Pasquale Sottocorno angolo, Via Benvenuto Cellini, 20129 Milano MI, Italy"
        ],
        "phone": [
            "+39 02 7602 3313"
        ]
    },
    {
        "page": "117",
        "name": [
            "Del Diego Cocktail Bar"
        ],
        "location": [
            "C. de la Reina, 12, Centro, 28004 Madrid, Spain"
        ],
        "phone": [
            "+34 915 23 31 06"
        ]
    },
    {
        "page": "114",
        "name": [
            "Daru"
        ],
        "location": [
            "1451 Maryland Ave NE, Washington, DC 20002, USA"
        ],
        "phone": [
            "+1 2023881848"
        ]
    },
    {
        "page": "116",
        "name": [
            "Dear Sainte \u00c9loise"
        ],
        "location": [
            "5/29 Orwell St, Potts Point NSW 2011, Australia"
        ],
        "phone": [
            "+61 2 9326 9745"
        ]
    },
    {
        "page": "120",
        "name": [
            "Demo"
        ],
        "location": [
            "Jir\u00f3n Domeyer 282, Barranco 15063, Peru"
        ],
        "phone": [
            "+51 936 023 089"
        ]
    },
    {
        "page": "12",
        "name": [
            "Anchoita Cava"
        ],
        "location": [
            "Juan Ram\u00edrez de Velasco 1456, C1414 Buenos Aires, Argentina"
        ],
        "phone": []
    },
    {
        "page": "119",
        "name": [
            "Deli Board"
        ],
        "location": [
            "1058 Folsom St, San Francisco, CA 94103, USA"
        ],
        "phone": [
            "+1 4155527687"
        ]
    },
    {
        "page": "123",
        "name": [
            "Denkushiflori BKK"
        ],
        "location": [
            "Erawan Bangkok Building LG Floor, Unit LG-06 494 Thanon Phloen Chit, Khwaeng Lumphini, Pathum Wan, Krung Thep Maha Nakhon 10330, Thailand"
        ],
        "phone": [
            "+66 2 022 0200"
        ]
    },
    {
        "page": "122",
        "name": [
            "\u7b49\u8bb0\u9c7c\u5934\u7c73\u7c89"
        ],
        "location": [
            "238, Jalan Beruang, Pudu, 55100 Kuala Lumpur, Wilayah Persekutuan Kuala Lumpur, Malaysia"
        ],
        "phone": [
            "+60 12220 8666"
        ]
    },
    {
        "page": "121",
        "name": [
            "Den Kushi Flori"
        ],
        "location": [
            "Japan, \u3012150-0001 Tokyo, Shibuya City, Jing\u016bmae, 5-ch\u014dme\u221246\u2212\uff17 GEMS\u9752\u5c71CROSS B1A"
        ],
        "phone": [
            "+81 364272788"
        ]
    },
    {
        "page": "125",
        "name": [
            "Desde 1911"
        ],
        "location": [
            "C. del Vivero, 3, Moncloa - Aravaca, 28040 Madrid, Spain"
        ],
        "phone": [
            "+34 915 45 72 86"
        ]
    },
    {
        "page": "124",
        "name": [
            "Dersou"
        ],
        "location": [
            "21 Rue Saint-Nicolas, 75012 Paris, France"
        ],
        "phone": [
            "+33 9 81 01 12 73"
        ]
    },
    {
        "page": "126",
        "name": [
            "Dhamaka"
        ],
        "location": [
            "119 Delancey St, New York, NY 10002, USA"
        ],
        "phone": [
            "+1 2122048616"
        ]
    },
    {
        "page": "127",
        "name": [
            "Diener Tattersall"
        ],
        "location": [
            "Grolmanstra\u00dfe 47, 10623 Berlin, Germany"
        ],
        "phone": [
            "+49 30 8815329"
        ]
    },
    {
        "page": "129",
        "name": [
            "direkte boqueria"
        ],
        "location": [
            "C/ de les Cabres, 13, 08001 Barcelona, Spain"
        ],
        "phone": [
            "+34 931 14 69 39"
        ]
    },
    {
        "page": "128",
        "name": [
            "DIM Dining*"
        ],
        "location": [
            "Vrijdagmarkt 7, 2000 Antwerpen, Belgium"
        ],
        "phone": [
            "+32 3 226 26 70"
        ]
    },
    {
        "page": "130",
        "name": [
            "Doju"
        ],
        "location": [
            "9/530 Little Collins St, Melbourne VIC 3000, Australia"
        ],
        "phone": [
            "+61 3 9576 7447"
        ]
    },
    {
        "page": "118",
        "name": [
            "Del Popolo"
        ],
        "location": [
            "855 Bush St, San Francisco, CA 94108, USA"
        ],
        "phone": [
            "+1 4155897940"
        ]
    },
    {
        "page": "13",
        "name": [
            "Angler"
        ],
        "location": [
            "132 The Embarcadero, San Francisco, CA 94105, USA"
        ],
        "phone": [
            "+1 4158729442"
        ]
    },
    {
        "page": "134",
        "name": [
            "Dos Pebrots"
        ],
        "location": [
            "C. del Doctor Dou, 19, 08001 Barcelona, Spain"
        ],
        "phone": [
            "+34 938 53 95 98"
        ]
    },
    {
        "page": "133",
        "name": [
            "Doppelg\u00e4nger Bar"
        ],
        "location": [
            "Ant\u00f3n Mart\u00edn Market, C. de Sta. Isabel, 5, Puesto 44 a 47 Planta 1\u00aa, Centro, 28012 Madrid, Spain"
        ],
        "phone": [
            "+34 915 30 54 99"
        ]
    },
    {
        "page": "136",
        "name": [
            "\u0e40\u0e2e\u0e35\u0e22\u0e1a\u0e34\u0e4a\u0e01\u0e2b\u0e49\u0e32\u0e2b\u0e21\u0e49\u0e2d"
        ],
        "location": [
            "392 Sukhumvit 71 Rd, Khwaeng Phra Khanong Nuea, Watthana, Krung Thep Maha Nakhon 10110, Thailand"
        ],
        "phone": [
            "+66 81 817 1942"
        ]
    },
    {
        "page": "131",
        "name": [
            "Dong Lai Shun"
        ],
        "location": [
            "69 Mody Rd, Tsim Sha Tsui East, Hong Kong"
        ],
        "phone": [
            "+852 2733 2020"
        ]
    },
    {
        "page": "132",
        "name": [
            "Donna"
        ],
        "location": [
            "157 Rue Saint-Martin, 75003 Paris, France"
        ],
        "phone": []
    },
    {
        "page": "137",
        "name": [
            "\u015eehzade Ca\u011f Kebap"
        ],
        "location": [
            "Hoca Pa\u015fa, Hoca Pa\u015fa Sk. No:6 D:4, 34110 Fatih/\u0130stanbul, T\u00fcrkiye"
        ],
        "phone": [
            "+90 212 520 33 61"
        ]
    },
    {
        "page": "138",
        "name": [
            "Ekberg 1852"
        ],
        "location": [
            "Bulevardi 9, 00120 Helsinki, Finland"
        ],
        "phone": [
            "+358 9 6811860"
        ]
    },
    {
        "page": "139",
        "name": [
            "El Buen Comer"
        ],
        "location": [
            "3435 Mission St, San Francisco, CA 94110, USA"
        ],
        "phone": [
            "+1 4158171542"
        ]
    },
    {
        "page": "14",
        "name": [
            "Animo Restaurant"
        ],
        "location": [
            "Kungstensgatan 9, 114 25 Stockholm, Sweden"
        ],
        "phone": [
            "+46 8 80 42 40"
        ]
    },
    {
        "page": "141",
        "name": [
            "El Doble"
        ],
        "location": [
            "Calle de Jos\u00e9 Abascal, 16, Chamber\u00ed, 28010 Madrid, Spain"
        ],
        "phone": [
            "+34 915 91 94 62"
        ]
    },
    {
        "page": "135",
        "name": [
            "Dumpling Home"
        ],
        "location": [
            "298 Gough St, San Francisco, CA 94102, USA"
        ],
        "phone": [
            "+1 4155031666"
        ]
    },
    {
        "page": "140",
        "name": [
            "El Charr\u00faa"
        ],
        "location": [
            "Av. Javier Prado Este 5898, La Molina 15023, Peru"
        ],
        "phone": [
            "+51 1 4345503"
        ]
    },
    {
        "page": "144",
        "name": [
            "El Presidente"
        ],
        "location": [
            "1255 Union St NE, Washington, DC 20002, USA"
        ],
        "phone": [
            "+1 2023184820"
        ]
    },
    {
        "page": "146",
        "name": [
            "Ember"
        ],
        "location": [
            "20, Jalan Wan Kadir 1, Taman Tun Dr Ismail, 60000 Kuala Lumpur, Wilayah Persekutuan Kuala Lumpur, Malaysia"
        ],
        "phone": [
            "+60 18323 2786"
        ]
    },
    {
        "page": "145",
        "name": [
            "Elmer"
        ],
        "location": [
            "30 Rue Notre Dame de Nazareth, 75003 Paris, France"
        ],
        "phone": [
            "+33 1 43 56 22 95"
        ]
    },
    {
        "page": "143",
        "name": [
            "El Preferido de Palermo"
        ],
        "location": [
            "Jorge Luis Borges 2108, C1425 FFD, Buenos Aires, Argentina"
        ],
        "phone": [
            "+54 11 47746585"
        ]
    },
    {
        "page": "142",
        "name": [
            "El Invernadero Rodrigo de la Calle"
        ],
        "location": [
            "C/ de Ponzano, 85, Chamber\u00ed, 28003 Madrid, Spain"
        ],
        "phone": [
            "+34 628 93 93 67"
        ]
    },
    {
        "page": "147",
        "name": [
            "Embla"
        ],
        "location": [
            "122 Russell St, Melbourne VIC 3000, Australia"
        ],
        "phone": [
            "+61 455 122 121"
        ]
    },
    {
        "page": "148",
        "name": [
            "Embla"
        ],
        "location": [
            "11 Upper Station St, Sheung Wan, Hong Kong"
        ],
        "phone": [
            "+852 2559 8508"
        ]
    },
    {
        "page": "150",
        "name": [
            "Enoteca Pinchiorri"
        ],
        "location": [
            "Via Ghibellina, 87, 50122 Firenze FI, Italy"
        ],
        "phone": [
            "+39 055 242777"
        ]
    },
    {
        "page": "151",
        "name": [
            "Entier French Dining"
        ],
        "location": [
            "Level 41 at, Alila Bangsar, 58, Jalan Ang Seng, Brickfields, 50470 Kuala Lumpur, Wilayah Persekutuan Kuala Lumpur, Malaysia"
        ],
        "phone": [
            "+60 32268 3819"
        ]
    },
    {
        "page": "153",
        "name": [
            "Ett Hem"
        ],
        "location": [
            "Sk\u00f6ldungagatan 2, 114 27 Stockholm, Sweden"
        ],
        "phone": [
            "+46 8 20 05 90"
        ]
    },
    {
        "page": "152",
        "name": [
            "ernst"
        ],
        "location": [
            "Gerichtstra\u00dfe 54, 13347 Berlin, Germany"
        ],
        "phone": []
    },
    {
        "page": "154",
        "name": [
            "Evelyn's Table"
        ],
        "location": [
            "28 Rupert St, London W1D 6DJ, UK"
        ],
        "phone": [
            "+44 7921 336010"
        ]
    },
    {
        "page": "155",
        "name": [
            "Expendio de Maiz Sin Nombre"
        ],
        "location": [
            "Av. Yucatan 84, Roma Nte., Cuauht\u00e9moc, 06700 Ciudad de M\u00e9xico, CDMX, Mexico"
        ],
        "phone": [
            "+52 55 2498 9964"
        ]
    },
    {
        "page": "15",
        "name": [
            "ANTE"
        ],
        "location": [
            "146 King St, Newtown NSW 2042, Australia"
        ],
        "phone": []
    },
    {
        "page": "149",
        "name": [
            "Emily"
        ],
        "location": [
            "919 Fulton St, Brooklyn, NY 11238, USA"
        ],
        "phone": [
            "+1 3478449588"
        ]
    },
    {
        "page": "156",
        "name": [
            "Faelt"
        ],
        "location": [
            "Vorbergstra\u00dfe 10 a, 10823 Berlin, Germany"
        ],
        "phone": [
            "+49 171 9477316"
        ]
    },
    {
        "page": "157",
        "name": [
            "Falansai"
        ],
        "location": [
            "112 Harrison Pl, Brooklyn, NY 11237, USA"
        ],
        "phone": [
            "+1 7183810980"
        ]
    },
    {
        "page": "16",
        "name": [
            "Antico Forno Roscioli"
        ],
        "location": [
            "Via dei Chiavari, 34, 00186 Roma RM, Italy"
        ],
        "phone": [
            "+39 06 686 4045"
        ]
    },
    {
        "page": "160",
        "name": [
            "Fogo by Alexandre Silva"
        ],
        "location": [
            "Av. Elias Garcia 57, 1000-114 Lisboa, Portugal"
        ],
        "phone": [
            "+351 21 797 0052"
        ]
    },
    {
        "page": "158",
        "name": [
            "F.K.A.B.A.M. (Formerly Known as Black Axe Mangal)"
        ],
        "location": [
            "156 Canonbury Rd, London N1 2UP, UK"
        ],
        "phone": []
    },
    {
        "page": "159",
        "name": [
            "Flippin' Burgers"
        ],
        "location": [
            "Observatoriegatan 8, 113 28 Stockholm, Sweden"
        ],
        "phone": [
            "+46 8 133 713 37"
        ]
    },
    {
        "page": "164",
        "name": [
            "Frenchette"
        ],
        "location": [
            "241 W Broadway, New York, NY 10013, USA"
        ],
        "phone": [
            "+1 2123343883"
        ]
    },
    {
        "page": "162",
        "name": [
            "Folii"
        ],
        "location": [
            "Erstagatan 21, 116 36 Stockholm, Sweden"
        ],
        "phone": []
    },
    {
        "page": "163",
        "name": [
            "Fotografiska Restoran"
        ],
        "location": [
            "Telliskivi tn 60a-8, 10412 Tallinn, Estonia"
        ],
        "phone": [
            "+372 5745 0922"
        ]
    },
    {
        "page": "161",
        "name": [
            "Folderol"
        ],
        "location": [
            "10 Rue du Grand Prieur\u00e9, 75011 Paris, France"
        ],
        "phone": [
            "+33 1 43 55 02 57"
        ]
    },
    {
        "page": "167",
        "name": [
            "Garage Bar"
        ],
        "location": [
            "C. de Calabria, 75, 08015 Barcelona, Spain"
        ],
        "phone": [
            "+34 930 15 27 99"
        ]
    },
    {
        "page": "168",
        "name": [
            "GERTIE"
        ],
        "location": [
            "357 Grand St, Brooklyn, NY 11211, USA"
        ],
        "phone": [
            "+1 7186360902"
        ]
    },
    {
        "page": "169",
        "name": [
            "Ginza Sushi Kanesaka"
        ],
        "location": [
            "Japan, \u3012104-0061 Tokyo, Chuo City, \u4e2d\u592e\u533aGinza, 8-ch\u014dme\u221210\u2212\uff13 \u9280\u5ea7\u4e09\u9234\u30d3\u30eb 2F"
        ],
        "phone": [
            "+81 355684411"
        ]
    },
    {
        "page": "17",
        "name": [
            "A.P House (A.P Bakery)"
        ],
        "location": [
            "L2/80 Commonwealth St, Surry Hills NSW 2010, Australia"
        ],
        "phone": []
    },
    {
        "page": "170",
        "name": [
            "Gion Rohan"
        ],
        "location": [
            "233 Nij\u016bikkench\u014d, Higashiyama Ward, Kyoto, 605-0077, Japan"
        ],
        "phone": [
            "+81 755337665"
        ]
    },
    {
        "page": "165",
        "name": [
            "Frites Atelier | Antwerpen"
        ],
        "location": [
            "Korte Gasthuisstraat 32, 2000 Antwerpen, Belgium"
        ],
        "phone": [
            "+31 85 876 9838"
        ]
    },
    {
        "page": "172",
        "name": [
            "Gjelina Take Away"
        ],
        "location": [
            "1427 Abbot Kinney Blvd, Venice, CA 90291, USA"
        ],
        "phone": [
            "+1 3103927575"
        ]
    },
    {
        "page": "171",
        "name": [
            "Girls & Boys"
        ],
        "location": [
            "382 Brunswick St, Fitzroy VIC 3065, Australia"
        ],
        "phone": [
            "+61 3 9417 6935"
        ]
    },
    {
        "page": "174",
        "name": [
            "Golden Bull Restaurant"
        ],
        "location": [
            "170 W Channel Rd, Santa Monica, CA 90402, USA"
        ],
        "phone": [
            "+1 3102300402"
        ]
    },
    {
        "page": "166",
        "name": [
            "FUGLEN ASAKUSA"
        ],
        "location": [
            "2-ch\u014dme-6-15 Asakusa, Taito City, Tokyo 111-0032, Japan"
        ],
        "phone": []
    },
    {
        "page": "176",
        "name": [
            "Goldfish Sushi & Yakitori"
        ],
        "location": [
            "403 Al Wasl Rd - Al Wasl - Dubai - United Arab Emirates"
        ],
        "phone": [
            "+971 4 886 4966"
        ]
    },
    {
        "page": "175",
        "name": [
            "Golden Poppy"
        ],
        "location": [
            "24 Rue Cadet, 75009 Paris, France"
        ],
        "phone": [
            "+33 1 55 07 85 10"
        ]
    },
    {
        "page": "173",
        "name": [
            "Godenya"
        ],
        "location": [
            "UG/F, 182 Wellington St, Central, Hong Kong"
        ],
        "phone": []
    },
    {
        "page": "18",
        "name": [
            "A.P Town (A.P Bakery)"
        ],
        "location": [
            "1a Bucknell St, Newtown NSW 2042, Australia"
        ],
        "phone": []
    },
    {
        "page": "180",
        "name": [
            "Hakata Gensuke QV"
        ],
        "location": [
            "200 Lonsdale St, Melbourne VIC 3000, Australia"
        ],
        "phone": [
            "+61 3 9650 4579"
        ]
    },
    {
        "page": "181",
        "name": [
            "Hangari Kalguksu"
        ],
        "location": [
            "3470 W 6th St Suite 9 and 10, Los Angeles, CA 90020, USA"
        ],
        "phone": [
            "+1 2133882326"
        ]
    },
    {
        "page": "182",
        "name": [
            "Happy Lamb Hot Pot Restaurant"
        ],
        "location": [
            "2 New Oxford St, London WC1A 1AD, UK"
        ],
        "phone": [
            "+44 20 7971 1820"
        ]
    },
    {
        "page": "177",
        "name": [
            "Grand Majestic Sichuan"
        ],
        "location": [
            "Shop 301, 3rd Floor, Alexandra House, 18 Chater Rd, Central, Hong Kong"
        ],
        "phone": [
            "+852 2151 1299"
        ]
    },
    {
        "page": "184",
        "name": [
            "Hertog Jan"
        ],
        "location": [
            "Lange Gasthuisstraat 41, 2000 Antwerpen, Belgium"
        ],
        "phone": [
            "+32 3 269 90 90"
        ]
    },
    {
        "page": "178",
        "name": [
            "Gucci Osteria da Massimo Bottura"
        ],
        "location": [
            "P.za della Signoria, 10, 50122 Firenze FI, Italy"
        ],
        "phone": [
            "+39 055 062 1744"
        ]
    },
    {
        "page": "179",
        "name": [
            "Haidilao Hotpot"
        ],
        "location": [
            "57WJ+H6 - Downtown Dubai - Dubai Mall - Dubai - United Arab Emirates"
        ],
        "phone": [
            "+971 4 221 7445"
        ]
    },
    {
        "page": "187",
        "name": [
            "Holly Gastrobar"
        ],
        "location": [
            "Mainzer Str. 23, 12053 Berlin, Germany"
        ],
        "phone": [
            "+49 30 50951010"
        ]
    },
    {
        "page": "183",
        "name": [
            "Hart Bageri"
        ],
        "location": [
            "Gl. Kongevej 109, 1850 Frederiksberg C, Denmark"
        ],
        "phone": [
            "+45 31 11 18 50"
        ]
    },
    {
        "page": "186",
        "name": [
            "Himalayan Kitchen"
        ],
        "location": [
            "17 Penge Ln, London SE20 7DU, UK"
        ],
        "phone": [
            "+44 20 8676 7899"
        ]
    },
    {
        "page": "185",
        "name": [
            "High Joint"
        ],
        "location": [
            "High joint - Al Manara - Dubai - United Arab Emirates"
        ],
        "phone": [
            "+971 4 268 1586"
        ]
    },
    {
        "page": "19",
        "name": [
            "Aramburu Relais & Ch\u00e2teaux"
        ],
        "location": [
            "Pasaje del Correo, Vicente L\u00f3pez 1661, C1103ACY Buenos Aires, Argentina"
        ],
        "phone": [
            "+54 11 48111414"
        ]
    },
    {
        "page": "189",
        "name": [
            "Honeymoon Chicken"
        ],
        "location": [
            "4201 Georgia Ave NW, Washington, DC 20011, USA"
        ],
        "phone": [
            "+1 2029835010"
        ]
    },
    {
        "page": "188",
        "name": [
            "Honey Badger | Fine Dining Restaurant"
        ],
        "location": [
            "67 Fenimore St, Brooklyn, NY 11225, USA"
        ],
        "phone": [
            "+1 6466700601"
        ]
    },
    {
        "page": "193",
        "name": [
            "H\u00f4tel Ch\u00e2teau de La Ch\u00e8vre d\u2019Or"
        ],
        "location": [
            "Rue du Barri, 06360 \u00c8ze, France"
        ],
        "phone": [
            "+33 4 92 10 66 66"
        ]
    },
    {
        "page": "190",
        "name": [
            "Hop Yik Tai"
        ],
        "location": [
            "Hong Kong, Sham Shui Po, Kweilin St, 121\u865f\u865f"
        ],
        "phone": [
            "+852 2720 0239"
        ]
    },
    {
        "page": "192",
        "name": [
            "Hotel i Celler Can Font - Restaurante y hotel en Sineu - Mallorca"
        ],
        "location": [
            "Pla\u00e7a 18, 07510 Sineu, Illes Balears, Spain"
        ],
        "phone": [
            "+34 971 52 03 13"
        ]
    },
    {
        "page": "195",
        "name": [
            "Hutong New York"
        ],
        "location": [
            "Inside Beacon Courtyard, 731 Lexington Avenue, New York, NY 10022, USA"
        ],
        "phone": [
            "+1 2127584800"
        ]
    },
    {
        "page": "197",
        "name": [
            "Il Luogo di Aimo e Nadia"
        ],
        "location": [
            "Via Privata Raimondo Montecuccoli, 6, 20147 Milano MI, Italy"
        ],
        "phone": [
            "+39 02 416886"
        ]
    },
    {
        "page": "191",
        "name": [
            "Hoshino"
        ],
        "location": [
            "Japan, \u3012105-0004 Tokyo, Minato City, Shinbashi, 5-ch\u014dme\u221231\u2212\uff13 \u77f3\u4e95\u30d3\u30eb"
        ],
        "phone": []
    },
    {
        "page": "2",
        "name": [
            "26 Grains"
        ],
        "location": [
            "1 Neal's Yard, London WC2H 9AW, UK"
        ],
        "phone": []
    },
    {
        "page": "20",
        "name": [
            "Arami"
        ],
        "location": [
            "1829 W Chicago Ave, Chicago, IL 60622, USA"
        ],
        "phone": [
            "+1 3122431535"
        ]
    },
    {
        "page": "21",
        "name": [
            "Aromaticus"
        ],
        "location": [
            "Via Natale del Grande, 6/7, 00153 Roma RM, Italy"
        ],
        "phone": [
            "+39 06 8879 8381"
        ]
    },
    {
        "page": "23",
        "name": [
            "Ashioto"
        ],
        "location": [
            "153-14 Nagaharach\u014d, Shimogyo Ward, Kyoto, 600-8073, Japan"
        ],
        "phone": [
            "+81 753718717"
        ]
    },
    {
        "page": "24",
        "name": [
            "Astoria Seafood"
        ],
        "location": [
            "3710 33rd St, Queens, NY 11101, USA"
        ],
        "phone": [
            "+1 7183922680"
        ]
    },
    {
        "page": "194",
        "name": [
            "H.U.G Bageri"
        ],
        "location": [
            "\u00d8ster Farimagsgade 20, 2100 K\u00f8benhavn, Denmark"
        ],
        "phone": [
            "+45 60 55 00 03"
        ]
    },
    {
        "page": "22",
        "name": [
            "Arp\u00e8ge"
        ],
        "location": [
            "84 Rue de Varenne, 75007 Paris, France"
        ],
        "phone": [
            "+33 1 47 05 09 06"
        ]
    },
    {
        "page": "25",
        "name": [
            "A\u00dcRT Restaurant"
        ],
        "location": [
            "Pg. del Taulat, 262, 264, 08019 Barcelona, Spain"
        ],
        "phone": [
            "+34 935 07 08 60"
        ]
    },
    {
        "page": "28",
        "name": [
            "Bakeri"
        ],
        "location": [
            "150 Wythe Ave, Brooklyn, NY 11211, USA"
        ],
        "phone": [
            "+1 7183888037"
        ]
    },
    {
        "page": "27",
        "name": [
            "Baan Klang Nam 1"
        ],
        "location": [
            "288 Rama III Soi 14, Khwaeng Bang Khlo, Khet Bang Kho Laem, Krung Thep Maha Nakhon 10120, Thailand"
        ],
        "phone": [
            "+66 61 252 4466"
        ]
    },
    {
        "page": "196",
        "name": [
            "Hyotei"
        ],
        "location": [
            "35 Nanzenji Kusakawach\u014d, Sakyo Ward, Kyoto, 606-8437, Japan"
        ],
        "phone": [
            "+81 757714116"
        ]
    },
    {
        "page": "30",
        "name": [
            "Bali Cafe"
        ],
        "location": [
            "109 NE 2nd Ave, Miami, FL 33132, USA"
        ],
        "phone": [
            "+1 3053585751"
        ]
    },
    {
        "page": "26",
        "name": [
            "Baan Ice Restaurant @ICONSIAM"
        ],
        "location": [
            "Khlong Ton Sai, Khlong San, Bangkok 10600, Thailand"
        ],
        "phone": [
            "+66 2 288 0528"
        ]
    },
    {
        "page": "31",
        "name": [
            "BAMBINO"
        ],
        "location": [
            "25 Rue Saint-S\u00e9bastien, 75011 Paris, France"
        ],
        "phone": [
            "+33 1 43 55 68 20"
        ]
    },
    {
        "page": "32",
        "name": [
            "Banh Xeo Bar"
        ],
        "location": [
            "11/61-71 Mentmore Ave, Rosebery NSW 2018, Australia"
        ],
        "phone": [
            "+61 2 8542 5259"
        ]
    },
    {
        "page": "3",
        "name": [
            "Abri Soba"
        ],
        "location": [
            "10 Rue Saulnier, 75009 Paris, France"
        ],
        "phone": []
    },
    {
        "page": "34",
        "name": [
            "Bar Becketts Kopf"
        ],
        "location": [
            "Pappelallee 64, 10437 Berlin, Germany"
        ],
        "phone": [
            "+49 30 44035880"
        ]
    },
    {
        "page": "35",
        "name": [
            "Bar La Chimenea"
        ],
        "location": [
            "C. Moreno de Mora, 21, 11300 La L\u00ednea de la Concepci\u00f3n, C\u00e1diz, Spain"
        ],
        "phone": [
            "+34 663 87 25 28"
        ]
    },
    {
        "page": "37",
        "name": [
            "Barra"
        ],
        "location": [
            "Okerstra\u00dfe 2, 12049 Berlin, Germany"
        ],
        "phone": [
            "+49 30 81860757"
        ]
    },
    {
        "page": "36",
        "name": [
            "Bar Masa"
        ],
        "location": [
            "The Shops at, 10 Columbus Cir Floor 4, New York, NY 10019, USA"
        ],
        "phone": [
            "+1 2128239800"
        ]
    },
    {
        "page": "38",
        "name": [
            "Barra Khuda - Cocina con Libertad"
        ],
        "location": [
            "Ca. Huascar 105, Barranco 15063, Peru"
        ],
        "phone": [
            "+51 948 167 582"
        ]
    },
    {
        "page": "39",
        "name": [
            "Batea"
        ],
        "location": [
            "Gran Via de les Corts Catalanes, 605, Pl. Baja, Eixample, 08007 Barcelona, Spain"
        ],
        "phone": [
            "+34 934 06 87 92"
        ]
    },
    {
        "page": "4",
        "name": [
            "AFURI Ebisu"
        ],
        "location": [
            "Japan, \u3012150-0013 Tokyo, Shibuya City, Ebisu, 1-ch\u014dme\u22121\u2212\uff17 117\u30d3\u30eb 1F"
        ],
        "phone": [
            "+81 357950750"
        ]
    },
    {
        "page": "41",
        "name": [
            "Belmiro Restaurante"
        ],
        "location": [
            "Pa\u00e7o da Rainha 66, 1150-244 Lisboa, Portugal"
        ],
        "phone": [
            "+351 21 885 2752"
        ]
    },
    {
        "page": "40",
        "name": [
            "Beigel Bake Brick Lane Bakery"
        ],
        "location": [
            "159 Brick Ln, London E1 6SB, UK"
        ],
        "phone": [
            "+44 20 7729 0616"
        ]
    },
    {
        "page": "42",
        "name": [
            "Benitos Place"
        ],
        "location": [
            "1437 11th St NW, Washington, DC 20001, USA"
        ],
        "phone": [
            "+1 2022990977"
        ]
    },
    {
        "page": "43",
        "name": [
            "Benyue Kitchen"
        ],
        "location": [
            "365 Buckley St, Aberfeldie VIC 3040, Australia"
        ],
        "phone": [
            "+61 3 9337 1991"
        ]
    },
    {
        "page": "44",
        "name": [
            "Berber & Q"
        ],
        "location": [
            "338 Acton Mews, London E8 4EA, UK"
        ],
        "phone": [
            "+44 20 7923 0829"
        ]
    },
    {
        "page": "46",
        "name": [
            "Berenjak Soho"
        ],
        "location": [
            "27 Romilly St, London W1D 5AL, UK"
        ],
        "phone": [
            "+44 20 3319 8120"
        ]
    },
    {
        "page": "47",
        "name": [
            "Besharam"
        ],
        "location": [
            "1275 Minnesota St, San Francisco, CA 94107, USA"
        ],
        "phone": [
            "+1 4155807662"
        ]
    },
    {
        "page": "33",
        "name": [
            "BAO Soho"
        ],
        "location": [
            "53 Lexington St, Carnaby, London W1F 9AS, UK"
        ],
        "phone": []
    },
    {
        "page": "29",
        "name": [
            "Bakery Eatery Levain T\u00f6\u00f6l\u00f6"
        ],
        "location": [
            "Runeberginkatu 29, 00100 Helsinki, Finland"
        ],
        "phone": [
            "+358 10 3229389"
        ]
    },
    {
        "page": "5",
        "name": [
            "Aheste"
        ],
        "location": [
            "Asmal\u0131 Mescit, Me\u015frutiyet Cd. No:107 D:F, 34430 Beyo\u011flu/\u0130stanbul, T\u00fcrkiye"
        ],
        "phone": [
            "+90 212 243 26 33"
        ]
    },
    {
        "page": "49",
        "name": [
            "Beta KL"
        ],
        "location": [
            "Lot 163, 10, Jalan Perak, Kuala Lumpur, 50450 Kuala Lumpur, Wilayah Persekutuan Kuala Lumpur, Malaysia"
        ],
        "phone": [
            "+60 19212 1094"
        ]
    },
    {
        "page": "50",
        "name": [
            "Bistro Mirabelle"
        ],
        "location": [
            "Tulegatan 22, 113 53 Stockholm, Sweden"
        ],
        "phone": [
            "+46 8 122 023 66"
        ]
    },
    {
        "page": "52",
        "name": [
            "Bistrot Paul Bert"
        ],
        "location": [
            "18 Rue Paul Bert, 75011 Paris, France"
        ],
        "phone": [
            "+33 1 43 72 24 01"
        ]
    },
    {
        "page": "53",
        "name": [
            "Black Salt Sheen"
        ],
        "location": [
            "505, 507 Upper Richmond Rd W, North Sheen, London SW14 7DE, UK"
        ],
        "phone": [
            "+44 20 4548 3327"
        ]
    },
    {
        "page": "45",
        "name": [
            "Berenjak Dubai"
        ],
        "location": [
            "Dar Wasl Mall - Shop 01 - Al Wasl Rd - Al Wasl - Dubai - United Arab Emirates"
        ],
        "phone": [
            "+971 4 295 3644"
        ]
    },
    {
        "page": "51",
        "name": [
            "Bistrot Des Tournelles"
        ],
        "location": [
            "6 Rue des Tournelles, 75004 Paris, France"
        ],
        "phone": [
            "+33 1 57 40 99 96"
        ]
    },
    {
        "page": "48",
        "name": [
            "Bestia"
        ],
        "location": [
            "2121 E 7th Pl, Los Angeles, CA 90021, USA"
        ],
        "phone": [
            "+1 2135145724"
        ]
    },
    {
        "page": "105",
        "name": [
            "Cosme Restaurante y Bar"
        ],
        "location": [
            "Av. Tudela y Varela 162, San Isidro 15073, Peru"
        ],
        "phone": [
            "+51 1 4215228"
        ]
    },
    {
        "page": "57",
        "name": [
            "Boutique Emilia"
        ],
        "location": [
            "Frederiksholms Kanal 4, kl.th, 1220 K\u00f8benhavn, Denmark"
        ],
        "phone": [
            "+45 61 76 33 36"
        ]
    },
    {
        "page": "56",
        "name": [
            "Bon, Nene"
        ],
        "location": [
            "2850 21st St, San Francisco, CA 94110, USA"
        ],
        "phone": [
            "+1 4158729332"
        ]
    },
    {
        "page": "58",
        "name": [
            "Breadbelly"
        ],
        "location": [
            "1408 Clement St, San Francisco, CA 94118, USA"
        ],
        "phone": [
            "+1 4153490969"
        ]
    },
    {
        "page": "59",
        "name": [
            "BRESCA"
        ],
        "location": [
            "1906 14th St NW, Washington, DC 20009, USA"
        ],
        "phone": [
            "+1 2025187926"
        ]
    },
    {
        "page": "55",
        "name": [
            "Boeufhaus"
        ],
        "location": [
            "1012 N Western Ave, Chicago, IL 60622, USA"
        ],
        "phone": [
            "+1 7736612116"
        ]
    },
    {
        "page": "61",
        "name": [
            "Brunswick House Restaurant"
        ],
        "location": [
            "30 Wandsworth Rd, London SW8 2LG, UK"
        ],
        "phone": [
            "+44 20 7720 2926"
        ]
    },
    {
        "page": "62",
        "name": [
            "Bulgari Il Ristorante Luca Fantin"
        ],
        "location": [
            "Japan, \u3012104-0061 Tokyo, Chuo City, Ginza, 2-ch\u014dme\u22127\u2212\uff11\uff12 \u7b2c\u4e00\u4e09\u5171\u9280\u5ea7\u30d3\u30eb"
        ],
        "phone": [
            "+81 363621270"
        ]
    },
    {
        "page": "54",
        "name": [
            "Blossom Restaurant"
        ],
        "location": [
            "C. Strachan, 11, Loc 2, Distrito Centro, 29015 M\u00e1laga, Spain"
        ],
        "phone": []
    },
    {
        "page": "60",
        "name": [
            "Brother Baba Budan"
        ],
        "location": [
            "359 Little Bourke St, Melbourne VIC 3000, Australia"
        ],
        "phone": [
            "+61 3 9347 8664"
        ]
    },
    {
        "page": "6",
        "name": [
            "Aleia Restaurant at Casa Fuster Hotel"
        ],
        "location": [
            "Pg. de Gr\u00e0cia, 132, 08008 Barcelona, Spain"
        ],
        "phone": [
            "+34 935 02 00 41"
        ]
    },
    {
        "page": "66",
        "name": [
            "Buvette Paris"
        ],
        "location": [
            "28 Rue Henry Monnier, 75009 Paris, France"
        ],
        "phone": [
            "+33 1 44 63 41 71"
        ]
    },
    {
        "page": "65",
        "name": [
            "Buvette Gastrotheque"
        ],
        "location": [
            "At the corner of Bleecker, 42 Grove St, New York, NY 10014, USA"
        ],
        "phone": [
            "+1 2122553590"
        ]
    },
    {
        "page": "68",
        "name": [
            "Cafe Cecilia"
        ],
        "location": [
            "32 Andrews Rd, London E8 4FX, UK"
        ],
        "phone": [
            "+44 20 3478 6726"
        ]
    },
    {
        "page": "67",
        "name": [
            "by Sol\u00e0 Espacio Gastron\u00f3mico"
        ],
        "location": [
            "318 bis, C/ de Proven\u00e7a, L'Eixample, 08037 Barcelona, Spain"
        ],
        "phone": [
            "+34 616 93 54 07"
        ]
    },
    {
        "page": "63",
        "name": [
            "Bungalow by Middle Brow"
        ],
        "location": [
            "2840 W Armitage Ave, Chicago, IL 60647, USA"
        ],
        "phone": [
            "+1 773 687 9076"
        ]
    },
    {
        "page": "64",
        "name": [
            "Burma Superstar"
        ],
        "location": [
            "309 Clement St, San Francisco, CA 94118, USA"
        ],
        "phone": [
            "+1 4153872147"
        ]
    },
    {
        "page": "70",
        "name": [
            "Caf\u00e9 Deco"
        ],
        "location": [
            "43 Store St, London WC1E 7DB, UK"
        ],
        "phone": [
            "+44 20 8091 2108"
        ]
    },
    {
        "page": "69",
        "name": [
            "Caf\u00e9 China"
        ],
        "location": [
            "59 W 37th St, New York, NY 10018, USA"
        ],
        "phone": [
            "+1 2122132810"
        ]
    },
    {
        "page": "71",
        "name": [
            "Cafe Jacqueline"
        ],
        "location": [
            "1454 Grant Ave, San Francisco, CA 94133, USA"
        ],
        "phone": [
            "+1 4159815565"
        ]
    },
    {
        "page": "72",
        "name": [
            "Caf\u00e9 les Deux Gares"
        ],
        "location": [
            "1 Rue des Deux Gares, 75010 Paris, France"
        ],
        "phone": [
            "+33 1 40 38 17 05"
        ]
    },
    {
        "page": "7",
        "name": [
            "Aleks y Filip"
        ],
        "location": [
            "Bj\u00e4lbogatan 32, 118 66 Stockholm, Sweden"
        ],
        "phone": [
            "+46 8 720 13 75"
        ]
    },
    {
        "page": "73",
        "name": [
            "Caf\u00e9 Savoy"
        ],
        "location": [
            "Etel\u00e4esplanadi 14, 00130 Helsinki, Finland"
        ],
        "phone": [
            "+358 9 61285301"
        ]
    },
    {
        "page": "74",
        "name": [
            "Caff\u00e8 dell'Arte"
        ],
        "location": [
            "Corso Umberto I, 114, 97015 Modica RG, Italy"
        ],
        "phone": [
            "+39 0932 943257"
        ]
    },
    {
        "page": "78",
        "name": [
            "Cang Tin"
        ],
        "location": [
            "Av. Dorrego 2415, C1425 Buenos Aires, Argentina"
        ],
        "phone": []
    },
    {
        "page": "79",
        "name": [
            "Carousel"
        ],
        "location": [
            "19-23 Charlotte St., London W1T 1RW, UK"
        ],
        "phone": [
            "+44 20 7487 5564"
        ]
    },
    {
        "page": "75",
        "name": [
            "Caff\u00e8 Sicilia"
        ],
        "location": [
            "Corso Vittorio Emanuele, 125, 96017 Noto SR, Italy"
        ],
        "phone": [
            "+39 0931 835013"
        ]
    },
    {
        "page": "8",
        "name": [
            "Alinea"
        ],
        "location": [
            "1723 N Halsted St, Chicago, IL 60614, USA"
        ],
        "phone": [
            "+1 3128670110"
        ]
    },
    {
        "page": "76",
        "name": [
            "Camphor"
        ],
        "location": [
            "923 E 3rd St #109, Los Angeles, CA 90013, USA"
        ],
        "phone": [
            "+1 2136268888"
        ]
    },
    {
        "page": "81",
        "name": [
            "Causa/ Amazonia"
        ],
        "location": [
            "920 Blagden Alley NW, Washington, DC 20001, USA"
        ],
        "phone": [
            "+1 2026293942"
        ]
    },
    {
        "page": "80",
        "name": [
            "Caterina's Cucina E Bar"
        ],
        "location": [
            "221 Queen St, Melbourne VIC 3000, Australia"
        ],
        "phone": [
            "+61 3 9670 8488"
        ]
    },
    {
        "page": "84",
        "name": [
            "CHAAT"
        ],
        "location": [
            "5/F Rosewood, Victoria Dockside, 18 Salisbury Rd, Tsim Sha Tsui, Hong Kong"
        ],
        "phone": [
            "+852 3891 8732"
        ]
    },
    {
        "page": "77",
        "name": [
            "CANA"
        ],
        "location": [
            "Liverpool 9, Ju\u00e1rez, Cuauht\u00e9moc, 06600 Ciudad de M\u00e9xico, CDMX, Mexico"
        ],
        "phone": [
            "+52 55 7909 2913"
        ]
    },
    {
        "page": "83",
        "name": [
            "Ceto"
        ],
        "location": [
            "1551 Rte de la Turbie, 06190 Roquebrune-Cap-Martin, France"
        ],
        "phone": [
            "+33 4 93 37 22 44"
        ]
    },
    {
        "page": "85",
        "name": [
            "Chakaiseki Akiyoshi"
        ],
        "location": [
            "59 Rue Letellier, 75015 Paris, France"
        ],
        "phone": []
    },
    {
        "page": "88",
        "name": [
            "Chez Aline"
        ],
        "location": [
            "85 Rue de la Roquette, 75011 Paris, France"
        ],
        "phone": [
            "+33 1 43 71 90 75"
        ]
    },
    {
        "page": "87",
        "name": [
            "Chatsworth Bakehouse"
        ],
        "location": [
            "120a Anerley Rd, London SE19 2AN, UK"
        ],
        "phone": []
    },
    {
        "page": "82",
        "name": [
            "Cavita"
        ],
        "location": [
            "56-60 Wigmore St, London W1U 2RZ, UK"
        ],
        "phone": [
            "+44 20 3928 1000"
        ]
    },
    {
        "page": "86",
        "name": [
            "Chateau Dionne KL"
        ],
        "location": [
            "24G, Jalan Medan Setia 2, Bukit Damansara, 50490 Kuala Lumpur, Wilayah Persekutuan Kuala Lumpur, Malaysia"
        ],
        "phone": [
            "+60 18318 8199"
        ]
    },
    {
        "page": "91",
        "name": [
            "Chicatana"
        ],
        "location": [
            "3917 14th St NW, Washington, DC 20011, USA"
        ],
        "phone": [
            "+1 2025164924"
        ]
    },
    {
        "page": "9",
        "name": [
            "Alla Vita"
        ],
        "location": [
            "564 W Randolph St, Chicago, IL 60661, USA"
        ],
        "phone": [
            "+1 3126670104"
        ]
    },
    {
        "page": "93",
        "name": [
            "ChoCho"
        ],
        "location": [
            "54 Rue de Paradis, 75010 Paris, France"
        ],
        "phone": [
            "+33 1 42 28 26 03"
        ]
    },
    {
        "page": "92",
        "name": [
            "Chin Chin"
        ],
        "location": [
            "125 Flinders Ln, Melbourne VIC 3000, Australia"
        ],
        "phone": [
            "+61 3 8663 2000"
        ]
    },
    {
        "page": "90",
        "name": [
            "Chez Wong"
        ],
        "location": [
            "Enrique Le\u00f3n Garc\u00eda 114, Lima 15034, Peru"
        ],
        "phone": [
            "+51 1 4706217"
        ]
    },
    {
        "page": "94",
        "name": [
            "Chocolater\u00eda San Gin\u00e9s"
        ],
        "location": [
            "Pasadizo de San Gin\u00e9s, 5, Centro, 28013 Madrid, Spain"
        ],
        "phone": [
            "+34 913 65 65 46"
        ]
    },
    {
        "page": "89",
        "name": [
            "Chez Davia"
        ],
        "location": [
            "11bis Rue Grimaldi, 06000 Nice, France"
        ],
        "phone": [
            "+33 4 93 87 91 39"
        ]
    },
    {
        "page": "96",
        "name": [
            "Ciccio Mio"
        ],
        "location": [
            "226 W Kinzie St, Chicago, IL 60654, USA"
        ],
        "phone": [
            "+1 3127963316"
        ]
    },
    {
        "page": "97",
        "name": [
            "Ciclos Caf\u00e9"
        ],
        "location": [
            "Jr. Colina 111, Lima 15063, Peru"
        ],
        "phone": [
            "+51 1 4174988"
        ]
    },
    {
        "page": "95",
        "name": [
            "Cibr\u00e8o Caff\u00e8"
        ],
        "location": [
            "Via Andrea del Verrocchio, 5R, 50122 Firenze FI, Italy"
        ],
        "phone": [
            "+39 055 234 1100"
        ]
    },
    {
        "page": "98",
        "name": [
            "Cipriani Dubai"
        ],
        "location": [
            "Gate Village, Building 3 - 10 towards DIFC Parking - Trade Centre - DIFC - Dubai - United Arab Emirates"
        ],
        "phone": [
            "+971 4 347 0003"
        ]
    },
    {
        "page": "99",
        "name": [
            "Claude Bosi at Bibendum"
        ],
        "location": [
            "Michelin House, 81 Fulham Rd., London SW3 6RD, UK"
        ],
        "phone": [
            "+44 20 7581 5817"
        ]
    }
]