[
    {
        "page": "10",
        "model": [
            "C-Class"
        ],
        "mileage": []
    },
    {
        "page": "0",
        "model": [
            "Suburban"
        ],
        "mileage": [
            "60,569 miles"
        ]
    },
    {
        "page": "100",
        "model": [
            "F150 Super Cab"
        ],
        "mileage": [
            "59,705 miles"
        ]
    },
    {
        "page": "101",
        "model": [
            "X5"
        ],
        "mileage": [
            "9,638 miles"
        ]
    },
    {
        "page": "1",
        "model": [
            "Model 3"
        ],
        "mileage": [
            "51,798 miles"
        ]
    },
    {
        "page": "102",
        "model": [
            "Mustang MACH-E"
        ],
        "mileage": [
            "4,800 miles"
        ]
    },
    {
        "page": "103",
        "model": [
            "Silverado 1500 Crew Cab"
        ],
        "mileage": [
            "19,426 miles"
        ]
    },
    {
        "page": "104",
        "model": [
            "Mustang"
        ],
        "mileage": [
            "58,500 miles"
        ]
    },
    {
        "page": "107",
        "model": [
            "A4 allroad"
        ],
        "mileage": []
    },
    {
        "page": "108",
        "model": [
            "Ghibli"
        ],
        "mileage": [
            "27,364 miles"
        ]
    },
    {
        "page": "109",
        "model": [
            "TT"
        ],
        "mileage": [
            "64,406 miles"
        ]
    },
    {
        "page": "11",
        "model": [
            "Model X"
        ],
        "mileage": []
    },
    {
        "page": "110",
        "model": [
            "CX-3"
        ],
        "mileage": []
    },
    {
        "page": "106",
        "model": [
            "Silverado 3500 HD Regular Cab"
        ],
        "mileage": []
    },
    {
        "page": "111",
        "model": [
            "Sierra 3500 HD Crew Cab"
        ],
        "mileage": [
            "96,086 miles"
        ]
    },
    {
        "page": "112",
        "model": [
            "Colorado Crew Cab"
        ],
        "mileage": []
    },
    {
        "page": "114",
        "model": [
            "Sierra 1500 Double Cab"
        ],
        "mileage": [
            "10,607 miles"
        ]
    },
    {
        "page": "115",
        "model": [
            "Ioniq Electric"
        ],
        "mileage": []
    },
    {
        "page": "116",
        "model": [
            "Quattroporte"
        ],
        "mileage": [
            "32,819 miles"
        ]
    },
    {
        "page": "105",
        "model": [
            "Elantra"
        ],
        "mileage": [
            "42,897 miles"
        ]
    },
    {
        "page": "113",
        "model": [
            "F150 Super Cab"
        ],
        "mileage": [
            "71,802 miles"
        ]
    },
    {
        "page": "117",
        "model": [
            "Bronco"
        ],
        "mileage": []
    },
    {
        "page": "118",
        "model": [
            "Soul"
        ],
        "mileage": [
            "62,912 miles"
        ]
    },
    {
        "page": "12",
        "model": [
            "Maxima"
        ],
        "mileage": [
            "87,125 miles"
        ]
    },
    {
        "page": "120",
        "model": [
            "Acadia"
        ],
        "mileage": [
            "23,061 miles"
        ]
    },
    {
        "page": "123",
        "model": [
            "F150 Regular Cab"
        ],
        "mileage": [
            "55,327 miles"
        ]
    },
    {
        "page": "124",
        "model": [
            "Q4 e-tron"
        ],
        "mileage": [
            "5,682 miles"
        ]
    },
    {
        "page": "125",
        "model": [
            "EV6"
        ],
        "mileage": [
            "23,472 miles"
        ]
    },
    {
        "page": "126",
        "model": [
            "Malibu Limited"
        ],
        "mileage": []
    },
    {
        "page": "127",
        "model": [
            "Sonata Hybrid"
        ],
        "mileage": [
            "110,001 miles"
        ]
    },
    {
        "page": "128",
        "model": [
            "TT"
        ],
        "mileage": [
            "60,090 miles"
        ]
    },
    {
        "page": "129",
        "model": [
            "Model 3"
        ],
        "mileage": [
            "2,931 miles"
        ]
    },
    {
        "page": "119",
        "model": [
            "Grand Cherokee"
        ],
        "mileage": [
            "70,395 miles"
        ]
    },
    {
        "page": "13",
        "model": [
            "E-Class"
        ],
        "mileage": [
            "49,308 miles"
        ]
    },
    {
        "page": "131",
        "model": [
            "F-TYPE"
        ],
        "mileage": []
    },
    {
        "page": "132",
        "model": [
            "Tucson"
        ],
        "mileage": [
            "20,711 miles"
        ]
    },
    {
        "page": "130",
        "model": [
            "i3"
        ],
        "mileage": []
    },
    {
        "page": "122",
        "model": [
            "R1T"
        ],
        "mileage": [
            "5,618 miles"
        ]
    },
    {
        "page": "121",
        "model": [
            "EV6"
        ],
        "mileage": [
            "12,584 miles"
        ]
    },
    {
        "page": "133",
        "model": [
            "A-Class"
        ],
        "mileage": []
    },
    {
        "page": "134",
        "model": [
            "3 Series"
        ],
        "mileage": [
            "65,000 miles"
        ]
    },
    {
        "page": "137",
        "model": [
            "Mustang MACH-E"
        ],
        "mileage": [
            "11,543 miles"
        ]
    },
    {
        "page": "139",
        "model": [
            "Mustang MACH-E"
        ],
        "mileage": [
            "5,741 miles"
        ]
    },
    {
        "page": "14",
        "model": [
            "Q5"
        ],
        "mileage": [
            "52,109 miles"
        ]
    },
    {
        "page": "138",
        "model": [
            "EV6"
        ],
        "mileage": [
            "6,200 miles"
        ]
    },
    {
        "page": "141",
        "model": [
            "i3"
        ],
        "mileage": [
            "37,664 miles"
        ]
    },
    {
        "page": "142",
        "model": [],
        "mileage": []
    },
    {
        "page": "143",
        "model": [
            "Elantra"
        ],
        "mileage": [
            "94,864 miles"
        ]
    },
    {
        "page": "140",
        "model": [
            "Ghibli"
        ],
        "mileage": []
    },
    {
        "page": "145",
        "model": [
            "K5"
        ],
        "mileage": [
            "44,764 miles"
        ]
    },
    {
        "page": "144",
        "model": [
            "Soul"
        ],
        "mileage": [
            "56,024 miles"
        ]
    },
    {
        "page": "146",
        "model": [
            "S5"
        ],
        "mileage": [
            "60,618 miles"
        ]
    },
    {
        "page": "148",
        "model": [
            "Avalanche"
        ],
        "mileage": [
            "44,656 miles"
        ]
    },
    {
        "page": "147",
        "model": [
            "Grand Cherokee"
        ],
        "mileage": [
            "5,921 miles"
        ]
    },
    {
        "page": "15",
        "model": [
            "Wrangler Unlimited"
        ],
        "mileage": []
    },
    {
        "page": "136",
        "model": [
            "MKZ"
        ],
        "mileage": [
            "56,358 miles"
        ]
    },
    {
        "page": "135",
        "model": [
            "A6"
        ],
        "mileage": [
            "25,666 miles"
        ]
    },
    {
        "page": "152",
        "model": [
            "A3"
        ],
        "mileage": [
            "17,286 miles"
        ]
    },
    {
        "page": "153",
        "model": [
            "Elantra GT"
        ],
        "mileage": [
            "84,552 miles"
        ]
    },
    {
        "page": "151",
        "model": [
            "Elantra"
        ],
        "mileage": []
    },
    {
        "page": "150",
        "model": [
            "CX-3"
        ],
        "mileage": [
            "39,914 miles"
        ]
    },
    {
        "page": "155",
        "model": [
            "Santa Fe Sport"
        ],
        "mileage": [
            "73,622 miles"
        ]
    },
    {
        "page": "157",
        "model": [
            "Cruze"
        ],
        "mileage": [
            "85,365 miles"
        ]
    },
    {
        "page": "158",
        "model": [
            "F150 Super Cab"
        ],
        "mileage": []
    },
    {
        "page": "159",
        "model": [
            "Elantra"
        ],
        "mileage": [
            "63,949 miles"
        ]
    },
    {
        "page": "16",
        "model": [
            "Camaro"
        ],
        "mileage": []
    },
    {
        "page": "156",
        "model": [
            "Odyssey"
        ],
        "mileage": []
    },
    {
        "page": "154",
        "model": [
            "Sedona"
        ],
        "mileage": [
            "70,274 miles"
        ]
    },
    {
        "page": "160",
        "model": [
            "2"
        ],
        "mileage": [
            "13,913 miles"
        ]
    },
    {
        "page": "161",
        "model": [
            "ILX"
        ],
        "mileage": []
    },
    {
        "page": "162",
        "model": [
            "Cruze Limited"
        ],
        "mileage": [
            "78,175 miles"
        ]
    },
    {
        "page": "149",
        "model": [
            "F150 Regular Cab"
        ],
        "mileage": []
    },
    {
        "page": "163",
        "model": [
            "Mirage"
        ],
        "mileage": [
            "39,449 miles"
        ]
    },
    {
        "page": "166",
        "model": [
            "fortwo"
        ],
        "mileage": [
            "13,181 miles"
        ]
    },
    {
        "page": "168",
        "model": [
            "Outback"
        ],
        "mileage": []
    },
    {
        "page": "169",
        "model": [
            "S-Class"
        ],
        "mileage": []
    },
    {
        "page": "164",
        "model": [
            "TT"
        ],
        "mileage": []
    },
    {
        "page": "17",
        "model": [
            "Sorento"
        ],
        "mileage": [
            "56,788 miles"
        ]
    },
    {
        "page": "173",
        "model": [
            "Ioniq Electric"
        ],
        "mileage": []
    },
    {
        "page": "171",
        "model": [
            "Avalon"
        ],
        "mileage": [
            "53,048 miles"
        ]
    },
    {
        "page": "172",
        "model": [
            "Rio"
        ],
        "mileage": [
            "38,136 miles"
        ]
    },
    {
        "page": "174",
        "model": [
            "Focus"
        ],
        "mileage": []
    },
    {
        "page": "175",
        "model": [
            "Niro"
        ],
        "mileage": []
    },
    {
        "page": "176",
        "model": [
            "Hardtop"
        ],
        "mileage": [
            "85,739 miles"
        ]
    },
    {
        "page": "177",
        "model": [],
        "mileage": []
    },
    {
        "page": "178",
        "model": [
            "G70"
        ],
        "mileage": [
            "57,749 miles"
        ]
    },
    {
        "page": "170",
        "model": [
            "Edge"
        ],
        "mileage": [
            "47,635 miles"
        ]
    },
    {
        "page": "165",
        "model": [
            "Hardtop 2 Door"
        ],
        "mileage": []
    },
    {
        "page": "180",
        "model": [
            "Quattroporte"
        ],
        "mileage": [
            "26,307 miles"
        ]
    },
    {
        "page": "181",
        "model": [
            "RS 5"
        ],
        "mileage": [
            "44,095 miles"
        ]
    },
    {
        "page": "182",
        "model": [
            "Mirage"
        ],
        "mileage": []
    },
    {
        "page": "183",
        "model": [
            "Soul"
        ],
        "mileage": [
            "79,566 miles"
        ]
    },
    {
        "page": "184",
        "model": [
            "Sonic"
        ],
        "mileage": []
    },
    {
        "page": "185",
        "model": [
            "Sedona"
        ],
        "mileage": [
            "104,247 miles"
        ]
    },
    {
        "page": "167",
        "model": [
            "Versa"
        ],
        "mileage": []
    },
    {
        "page": "179",
        "model": [
            "LC"
        ],
        "mileage": []
    },
    {
        "page": "188",
        "model": [
            "A7"
        ],
        "mileage": [
            "73,717 miles"
        ]
    },
    {
        "page": "186",
        "model": [
            "fortwo"
        ],
        "mileage": []
    },
    {
        "page": "189",
        "model": [
            "Niro EV"
        ],
        "mileage": []
    },
    {
        "page": "190",
        "model": [
            "fortwo"
        ],
        "mileage": [
            "69,655 miles"
        ]
    },
    {
        "page": "191",
        "model": [
            "Santa Cruz"
        ],
        "mileage": [
            "15,061 miles"
        ]
    },
    {
        "page": "192",
        "model": [
            "F150 Super Cab"
        ],
        "mileage": [
            "32,310 miles"
        ]
    },
    {
        "page": "19",
        "model": [
            "Tundra Double Cab"
        ],
        "mileage": [
            "12,685 miles"
        ]
    },
    {
        "page": "187",
        "model": [
            "Model 3"
        ],
        "mileage": []
    },
    {
        "page": "18",
        "model": [
            "5 Series"
        ],
        "mileage": [
            "72,254 miles"
        ]
    },
    {
        "page": "195",
        "model": [
            "Escalade ESV"
        ],
        "mileage": [
            "78,071 miles"
        ]
    },
    {
        "page": "197",
        "model": [
            "C-MAX Hybrid"
        ],
        "mileage": [
            "94,592 miles"
        ]
    },
    {
        "page": "198",
        "model": [
            "Stelvio"
        ],
        "mileage": [
            "47,853 miles"
        ]
    },
    {
        "page": "199",
        "model": [
            "M2"
        ],
        "mileage": []
    },
    {
        "page": "193",
        "model": [
            "Odyssey"
        ],
        "mileage": [
            "113,790 miles"
        ]
    },
    {
        "page": "2",
        "model": [
            "Gladiator"
        ],
        "mileage": []
    },
    {
        "page": "20",
        "model": [
            "Q5"
        ],
        "mileage": [
            "62,435 miles"
        ]
    },
    {
        "page": "21",
        "model": [
            "Giulia"
        ],
        "mileage": [
            "40,681 miles"
        ]
    },
    {
        "page": "22",
        "model": [
            "Mustang"
        ],
        "mileage": []
    },
    {
        "page": "23",
        "model": [
            "Levante"
        ],
        "mileage": [
            "23,984 miles"
        ]
    },
    {
        "page": "24",
        "model": [
            "Fusion"
        ],
        "mileage": [
            "99,642 miles"
        ]
    },
    {
        "page": "25",
        "model": [
            "RAV4"
        ],
        "mileage": [
            "13,922 miles"
        ]
    },
    {
        "page": "27",
        "model": [
            "Silverado 1500 Crew Cab"
        ],
        "mileage": []
    },
    {
        "page": "28",
        "model": [
            "Panamera"
        ],
        "mileage": [
            "76,277 miles"
        ]
    },
    {
        "page": "26",
        "model": [
            "1500 Classic Crew Cab"
        ],
        "mileage": [
            "42,483 miles"
        ]
    },
    {
        "page": "196",
        "model": [
            "Explorer"
        ],
        "mileage": [
            "72,200 miles"
        ]
    },
    {
        "page": "194",
        "model": [
            "Range Rover Evoque"
        ],
        "mileage": [
            "34,740 miles"
        ]
    },
    {
        "page": "30",
        "model": [
            "Fit"
        ],
        "mileage": [
            "41,129 miles"
        ]
    },
    {
        "page": "32",
        "model": [
            "1500 Quad Cab"
        ],
        "mileage": [
            "61,079 miles"
        ]
    },
    {
        "page": "29",
        "model": [
            "Tahoe"
        ],
        "mileage": [
            "82,264 miles"
        ]
    },
    {
        "page": "33",
        "model": [
            "F150 Regular Cab"
        ],
        "mileage": []
    },
    {
        "page": "34",
        "model": [
            "Atlas"
        ],
        "mileage": [
            "11,870 miles"
        ]
    },
    {
        "page": "3",
        "model": [
            "370Z"
        ],
        "mileage": [
            "35,780 miles"
        ]
    },
    {
        "page": "35",
        "model": [
            "Fusion"
        ],
        "mileage": [
            "10,702 miles"
        ]
    },
    {
        "page": "36",
        "model": [
            "Blazer"
        ],
        "mileage": [
            "23,394 miles"
        ]
    },
    {
        "page": "39",
        "model": [
            "Atlas"
        ],
        "mileage": [
            "59,601 miles"
        ]
    },
    {
        "page": "38",
        "model": [
            "Wrangler"
        ],
        "mileage": [
            "30,256 miles"
        ]
    },
    {
        "page": "4",
        "model": [
            "Corolla"
        ],
        "mileage": [
            "31,304 miles"
        ]
    },
    {
        "page": "40",
        "model": [
            "Rio"
        ],
        "mileage": []
    },
    {
        "page": "41",
        "model": [
            "Gladiator"
        ],
        "mileage": []
    },
    {
        "page": "37",
        "model": [
            "Challenger"
        ],
        "mileage": [
            "33,553 miles"
        ]
    },
    {
        "page": "42",
        "model": [
            "370Z"
        ],
        "mileage": [
            "31,079 miles"
        ]
    },
    {
        "page": "31",
        "model": [
            "Outback"
        ],
        "mileage": [
            "91,866 miles"
        ]
    },
    {
        "page": "45",
        "model": [
            "Beetle"
        ],
        "mileage": [
            "78,244 miles"
        ]
    },
    {
        "page": "47",
        "model": [
            "Renegade"
        ],
        "mileage": [
            "100,059 miles"
        ]
    },
    {
        "page": "48",
        "model": [
            "Versa"
        ],
        "mileage": [
            "100,016 miles"
        ]
    },
    {
        "page": "43",
        "model": [
            "MAZDA3"
        ],
        "mileage": [
            "60,747 miles"
        ]
    },
    {
        "page": "5",
        "model": [
            "Impala"
        ],
        "mileage": []
    },
    {
        "page": "50",
        "model": [
            "Civic"
        ],
        "mileage": [
            "44,676 miles"
        ]
    },
    {
        "page": "51",
        "model": [
            "RAV4"
        ],
        "mileage": [
            "99,134 miles"
        ]
    },
    {
        "page": "49",
        "model": [
            "Charger"
        ],
        "mileage": [
            "17,536 miles"
        ]
    },
    {
        "page": "53",
        "model": [
            "NX"
        ],
        "mileage": []
    },
    {
        "page": "52",
        "model": [
            "fortwo"
        ],
        "mileage": [
            "45,781 miles"
        ]
    },
    {
        "page": "54",
        "model": [
            "SLK-Class"
        ],
        "mileage": [
            "38,041 miles"
        ]
    },
    {
        "page": "56",
        "model": [
            "Atlas"
        ],
        "mileage": [
            "76,502 miles"
        ]
    },
    {
        "page": "55",
        "model": [
            "Bronco Sport"
        ],
        "mileage": [
            "23,429 miles"
        ]
    },
    {
        "page": "57",
        "model": [
            "Giulia"
        ],
        "mileage": []
    },
    {
        "page": "44",
        "model": [
            "Blazer"
        ],
        "mileage": [
            "64,775 miles"
        ]
    },
    {
        "page": "46",
        "model": [
            "Fit"
        ],
        "mileage": []
    },
    {
        "page": "58",
        "model": [
            "Outback"
        ],
        "mileage": [
            "13,843 miles"
        ]
    },
    {
        "page": "59",
        "model": [
            "Fit"
        ],
        "mileage": []
    },
    {
        "page": "6",
        "model": [
            "E-Class"
        ],
        "mileage": [
            "60,987 miles"
        ]
    },
    {
        "page": "61",
        "model": [
            "Wrangler"
        ],
        "mileage": [
            "24,651 miles"
        ]
    },
    {
        "page": "62",
        "model": [
            "1500 Quad Cab"
        ],
        "mileage": []
    },
    {
        "page": "63",
        "model": [
            "Model Y"
        ],
        "mileage": []
    },
    {
        "page": "64",
        "model": [
            "Sorento"
        ],
        "mileage": [
            "30,683 miles"
        ]
    },
    {
        "page": "65",
        "model": [
            "Challenger"
        ],
        "mileage": [
            "34,853 miles"
        ]
    },
    {
        "page": "60",
        "model": [
            "Tacoma Double Cab"
        ],
        "mileage": [
            "32,824 miles"
        ]
    },
    {
        "page": "67",
        "model": [
            "Voyager"
        ],
        "mileage": []
    },
    {
        "page": "66",
        "model": [
            "Titan Crew Cab"
        ],
        "mileage": []
    },
    {
        "page": "68",
        "model": [
            "Charger"
        ],
        "mileage": [
            "26,081 miles"
        ]
    },
    {
        "page": "7",
        "model": [
            "Tacoma Double Cab"
        ],
        "mileage": [
            "49,833 miles"
        ]
    },
    {
        "page": "69",
        "model": [
            "C-Class"
        ],
        "mileage": [
            "74,663 miles"
        ]
    },
    {
        "page": "70",
        "model": [
            "Renegade"
        ],
        "mileage": []
    },
    {
        "page": "71",
        "model": [
            "Camry"
        ],
        "mileage": [
            "62,877 miles"
        ]
    },
    {
        "page": "72",
        "model": [
            "1500 Crew Cab"
        ],
        "mileage": [
            "65,978 miles"
        ]
    },
    {
        "page": "73",
        "model": [
            "Ascent"
        ],
        "mileage": [
            "74,312 miles"
        ]
    },
    {
        "page": "74",
        "model": [
            "Outback"
        ],
        "mileage": [
            "21,119 miles"
        ]
    },
    {
        "page": "77",
        "model": [
            "Model Y"
        ],
        "mileage": [
            "31,830 miles"
        ]
    },
    {
        "page": "78",
        "model": [
            "Tundra Double Cab"
        ],
        "mileage": [
            "66,800 miles"
        ]
    },
    {
        "page": "79",
        "model": [
            "Elantra GT"
        ],
        "mileage": []
    },
    {
        "page": "80",
        "model": [
            "Ascent"
        ],
        "mileage": [
            "32,735 miles"
        ]
    },
    {
        "page": "8",
        "model": [
            "LEAF"
        ],
        "mileage": []
    },
    {
        "page": "82",
        "model": [
            "Volt"
        ],
        "mileage": []
    },
    {
        "page": "81",
        "model": [
            "Model Y"
        ],
        "mileage": [
            "28,241 miles"
        ]
    },
    {
        "page": "83",
        "model": [
            "Sorento"
        ],
        "mileage": [
            "56,979 miles"
        ]
    },
    {
        "page": "85",
        "model": [
            "Ascent"
        ],
        "mileage": []
    },
    {
        "page": "84",
        "model": [
            "F150 SuperCrew Cab"
        ],
        "mileage": []
    },
    {
        "page": "86",
        "model": [
            "F150 Super Cab"
        ],
        "mileage": [
            "21,198 miles"
        ]
    },
    {
        "page": "88",
        "model": [
            "370Z"
        ],
        "mileage": [
            "21,027 miles"
        ]
    },
    {
        "page": "89",
        "model": [
            "MAZDA3"
        ],
        "mileage": [
            "63,134 miles"
        ]
    },
    {
        "page": "9",
        "model": [
            "Q5"
        ],
        "mileage": [
            "66,322 miles"
        ]
    },
    {
        "page": "90",
        "model": [
            "Q5"
        ],
        "mileage": [
            "78,775 miles"
        ]
    },
    {
        "page": "91",
        "model": [
            "Model Y"
        ],
        "mileage": [
            "4,656 miles"
        ]
    },
    {
        "page": "87",
        "model": [
            "Genesis"
        ],
        "mileage": [
            "61,376 miles"
        ]
    },
    {
        "page": "92",
        "model": [
            "Bronco Sport"
        ],
        "mileage": [
            "11,236 miles"
        ]
    },
    {
        "page": "94",
        "model": [
            "Malibu"
        ],
        "mileage": [
            "84,169 miles"
        ]
    },
    {
        "page": "95",
        "model": [
            "Corolla"
        ],
        "mileage": [
            "44,235 miles"
        ]
    },
    {
        "page": "93",
        "model": [
            "3 Series"
        ],
        "mileage": [
            "30,455 miles"
        ]
    },
    {
        "page": "76",
        "model": [
            "Ascent"
        ],
        "mileage": [
            "35,145 miles"
        ]
    },
    {
        "page": "97",
        "model": [],
        "mileage": []
    },
    {
        "page": "98",
        "model": [
            "Challenger"
        ],
        "mileage": [
            "100,110 miles"
        ]
    },
    {
        "page": "99",
        "model": [
            "RS 5"
        ],
        "mileage": [
            "34,927 miles"
        ]
    },
    {
        "page": "75",
        "model": [
            "Elantra GT"
        ],
        "mileage": [
            "96,554 miles"
        ]
    },
    {
        "page": "96",
        "model": [
            "3 Series"
        ],
        "mileage": [
            "58,988 miles"
        ]
    }
]