[
    {
        "page": "0",
        "model": [
            "Used 2019 RAM 3500 Tradesman for sale in Bedford, VA 24523: Truck Details - 660153860 - Autotrader"
        ],
        "price": [
            "$22,795"
        ],
        "mileage": [],
        "engine_model": [],
        "exterior_color": [],
        "interior_color": [],
        "transmission": [],
        "bed_length": [
            "8' Bed Length (Long)"
        ]
    },
    {
        "page": "1",
        "model": [
            "Used 2018 RAM 3500 Tradesman w/ Chrome Appearance Group for sale in Oklahoma City, OK 73141: Truck Details - 655387512 - Autotrader"
        ],
        "price": [
            "$26,995"
        ],
        "mileage": [
            "202,600 miles"
        ],
        "engine_model": [
            "6.7L 6-Cylinder Turbo Diesel Engine"
        ],
        "exterior_color": [
            "White Exterior"
        ],
        "interior_color": [
            "Gray Interior"
        ],
        "transmission": [
            "6-Speed Automatic Transmission"
        ],
        "bed_length": []
    },
    {
        "page": "10",
        "model": [
            "Used 2011 BMW 1 Series M for sale in Conshohocken, PA 19428: Coupe Details - 718442788 - Autotrader"
        ],
        "price": [
            "$66,981"
        ],
        "mileage": [
            "43,183 miles"
        ],
        "engine_model": [
            "3.0L 6-Cylinder Turbo Gas Engine"
        ],
        "exterior_color": [
            "Alpine White Exterior"
        ],
        "interior_color": [
            "Black Leather Seats"
        ],
        "transmission": [
            "6-Speed Manual Transmission"
        ],
        "bed_length": []
    },
    {
        "page": "11",
        "model": [
            "Used 2000 BMW M Coupe for sale in Kearny, NJ 07032: Coupe Details - 718626485 - Autotrader"
        ],
        "price": [],
        "mileage": [],
        "engine_model": [],
        "exterior_color": [],
        "interior_color": [],
        "transmission": [],
        "bed_length": []
    },
    {
        "page": "12",
        "model": [
            "Used 2007 BMW M Coupe for sale in Grand Rapids, MI 49512: Coupe Details - 722571198 - Autotrader"
        ],
        "price": [
            "$67,900"
        ],
        "mileage": [
            "5,450 miles"
        ],
        "engine_model": [
            "3.2L 6-Cylinder Gas Engine"
        ],
        "exterior_color": [
            "Black Exterior"
        ],
        "interior_color": [
            "Black Leather Seats"
        ],
        "transmission": [
            "6-Speed Manual Transmission"
        ],
        "bed_length": []
    },
    {
        "page": "13",
        "model": [
            "Used 2009 Nissan Altima 2.5 S for sale in Placentia, CA 92870: Sedan Details - 716171384 - Autotrader"
        ],
        "price": [
            "$5,995"
        ],
        "mileage": [],
        "engine_model": [],
        "exterior_color": [],
        "interior_color": [],
        "transmission": [],
        "bed_length": []
    },
    {
        "page": "14",
        "model": [
            "Used 2020 Jeep Wrangler Unlimited Sahara for sale in Krugerville, TX 76227: Sport Utility Details - 724304770 - Autotrader"
        ],
        "price": [
            "$31,640"
        ],
        "mileage": [],
        "engine_model": [],
        "exterior_color": [],
        "interior_color": [],
        "transmission": [],
        "bed_length": []
    },
    {
        "page": "15",
        "model": [
            "Used 2006 Jeep Wrangler Unlimited for sale in Krugerville, TX 76227: Sport Utility Details - 724633214 - Autotrader"
        ],
        "price": [
            "$18,600"
        ],
        "mileage": [],
        "engine_model": [],
        "exterior_color": [],
        "interior_color": [],
        "transmission": [],
        "bed_length": []
    },
    {
        "page": "16",
        "model": [
            "Used 1993 Jeep Grand Cherokee Laredo for sale in Krugerville, TX 76227: Sport Utility Details - 724633879 - Autotrader"
        ],
        "price": [
            "$9,985"
        ],
        "mileage": [],
        "engine_model": [],
        "exterior_color": [],
        "interior_color": [],
        "transmission": [],
        "bed_length": []
    },
    {
        "page": "17",
        "model": [
            "Used 1999 Jeep Wrangler Sahara for sale in Krugerville, TX 76227: Sport Utility Details - 726187246 - Autotrader"
        ],
        "price": [
            "$21,765"
        ],
        "mileage": [],
        "engine_model": [],
        "exterior_color": [],
        "interior_color": [],
        "transmission": [],
        "bed_length": []
    },
    {
        "page": "18",
        "model": [
            "Used 2001 BMW Z3 3.0i for sale in Winter Garden, FL 34787: Coupe Details - 711281556 - Autotrader"
        ],
        "price": [
            "$17,999"
        ],
        "mileage": [],
        "engine_model": [],
        "exterior_color": [],
        "interior_color": [],
        "transmission": [],
        "bed_length": []
    },
    {
        "page": "2",
        "model": [
            "Used 2017 RAM 3500 Tradesman w/ Chrome Appearance Group for sale in Greeley, CO 80634: Truck Details - 616560771 - Autotrader"
        ],
        "price": [
            "$41,496"
        ],
        "mileage": [
            "57,574 miles"
        ],
        "engine_model": [
            "6.7L 6-Cylinder Turbo Diesel Engine"
        ],
        "exterior_color": [
            "Bright White Clearcoat Exterior"
        ],
        "interior_color": [
            "Diesel Gray/Black Interior"
        ],
        "transmission": [
            "6-Speed Automatic Transmission"
        ],
        "bed_length": []
    },
    {
        "page": "20",
        "model": [
            "Used 2002 BMW M Roadster for sale in Las Vegas, NV 89118: Convertible Details - 713700926 - Autotrader"
        ],
        "price": [
            "$34,000"
        ],
        "mileage": [],
        "engine_model": [],
        "exterior_color": [],
        "interior_color": [],
        "transmission": [],
        "bed_length": []
    },
    {
        "page": "5",
        "model": [
            "Used 2018 Ford F150 XL w/ Equipment Group 101A Mid for sale in Norco, CA 92860: Truck Details - 660509411 - Autotrader"
        ],
        "price": [
            "$24,995"
        ],
        "mileage": [
            "106,666 miles"
        ],
        "engine_model": [
            "2.7L 6-Cylinder Turbo Gas Engine"
        ],
        "exterior_color": [
            "White Exterior"
        ],
        "interior_color": [
            "Gray Interior"
        ],
        "transmission": [
            "10-Speed Automatic Transmission"
        ],
        "bed_length": []
    },
    {
        "page": "4",
        "model": [
            "Used 2017 RAM 3500 Tradesman w/ Chrome Appearance Group for sale in Watertown, NY 13601: Truck Details - 561673575 - Autotrader"
        ],
        "price": [
            "$41,000"
        ],
        "mileage": [],
        "engine_model": [],
        "exterior_color": [],
        "interior_color": [],
        "transmission": [],
        "bed_length": []
    },
    {
        "page": "6",
        "model": [
            "Used 2016 Ford Mustang GT Premium for sale in Columbia Station, OH 44028: Coupe Details - 667531100 - Autotrader"
        ],
        "price": [
            "$39,990"
        ],
        "mileage": [
            "8,406 miles"
        ],
        "engine_model": [
            "5.0L 8-Cylinder Gas Engine"
        ],
        "exterior_color": [
            "Black Exterior"
        ],
        "interior_color": [
            "Black Leather Seats"
        ],
        "transmission": [
            "2 wheel drive - rear"
        ],
        "bed_length": []
    },
    {
        "page": "7",
        "model": [
            "Used 1994 Acura NSX for sale in Wichita, KS 67210: Coupe Details - 689606760 - Autotrader"
        ],
        "price": [
            "$79,999"
        ],
        "mileage": [
            "67,088 miles"
        ],
        "engine_model": [
            "3.0L 6-Cylinder Gas Engine"
        ],
        "exterior_color": [
            "Black Exterior"
        ],
        "interior_color": [
            "Black Leather Seats"
        ],
        "transmission": [
            "4-Speed Automatic Transmission"
        ],
        "bed_length": []
    },
    {
        "page": "8",
        "model": [
            "Used 1992 Acura NSX for sale in Miami, FL 33180: Coupe Details - 713390657 - Autotrader"
        ],
        "price": [
            "$88,495"
        ],
        "mileage": [
            "51,150 miles"
        ],
        "engine_model": [
            "3.0L 6-Cylinder Gas Engine"
        ],
        "exterior_color": [
            "Black Exterior"
        ],
        "interior_color": [
            "5-Speed Manual Transmission"
        ],
        "transmission": [
            "2 wheel drive - rear"
        ],
        "bed_length": []
    },
    {
        "page": "9",
        "model": [
            "Used 1991 Acura NSX for sale in Twinsburg, OH 44087: Coupe Details - 713972187 - Autotrader"
        ],
        "price": [
            "$112,980"
        ],
        "mileage": [
            "14,603 miles"
        ],
        "engine_model": [
            "3.0L 6-Cylinder Gas Engine"
        ],
        "exterior_color": [
            "Silver Exterior"
        ],
        "interior_color": [
            "Black Leather Seats"
        ],
        "transmission": [
            "5-Speed Manual Transmission"
        ],
        "bed_length": []
    },
    {
        "page": "3",
        "model": [
            "Used 2017 RAM 3500 Tradesman w/ Power & Remote Entry Group for sale in Oklahoma City, OK 73141: Truck Details - 618110904 - Autotrader"
        ],
        "price": [
            "$29,995"
        ],
        "mileage": [
            "119,568 miles"
        ],
        "engine_model": [
            "6.7L 6-Cylinder Turbo Diesel Engine"
        ],
        "exterior_color": [
            "Silver Exterior"
        ],
        "interior_color": [
            "Gray Interior"
        ],
        "transmission": [
            "6-Speed Automatic Transmission"
        ],
        "bed_length": []
    }
]