[
    {
        "page": "0",
        "model": [
            "1992 Mercedes-Benz 300",
            "1991 Mercedes-Benz 300"
        ],
        "price": [
            "$12,795"
        ],
        "mileage": [
            "119,463 miles"
        ],
        "exterior_color": [],
        "interior_color": [],
        "body_type": [
            "Coupe"
        ],
        "doors": [
            "2"
        ],
        "fuel_efficiency": [
            "14 City / 16 Hwy"
        ],
        "vin": [
            "WDBEA51D1NB584386"
        ],
        "engine_type": [
            "6 Cyl"
        ],
        "drivetrain": [
            "FWD"
        ],
        "fuel_type": [
            "Gasoline"
        ]
    },
    {
        "page": "1",
        "model": [
            "1992 Mercedes-Benz 300"
        ],
        "price": [
            "$9,990"
        ],
        "mileage": [
            "118,336 miles"
        ],
        "exterior_color": [
            "Black"
        ],
        "interior_color": [
            "Black"
        ],
        "body_type": [
            "Coupe"
        ],
        "doors": [
            "2"
        ],
        "fuel_efficiency": [
            "14 City / 16 Hwy"
        ],
        "vin": [
            "WDBEA51D9NB658010"
        ],
        "engine_type": [
            "6 Cyl"
        ],
        "drivetrain": [
            "FWD"
        ],
        "fuel_type": [
            "Gasoline"
        ]
    },
    {
        "page": "10",
        "model": [
            "2003 GMC Envoy",
            "2004 GMC Envoy"
        ],
        "price": [
            "$4,700"
        ],
        "mileage": [
            "241,501 miles"
        ],
        "exterior_color": [
            "Black"
        ],
        "interior_color": [
            "Black"
        ],
        "body_type": [
            "SUV"
        ],
        "doors": [
            "4"
        ],
        "fuel_efficiency": [
            "13 City / 19 Hwy"
        ],
        "vin": [
            "1GKDT13S332173634"
        ],
        "engine_type": [
            "6 Cyl"
        ],
        "drivetrain": [
            "4WD"
        ],
        "fuel_type": [
            "Gasoline"
        ]
    },
    {
        "page": "100",
        "model": [
            "2017 Jeep Wrangler"
        ],
        "price": [
            "N/A"
        ],
        "mileage": [
            "23,588 miles"
        ],
        "exterior_color": [
            "Black"
        ],
        "interior_color": [
            "Black"
        ],
        "body_type": [
            "SUV"
        ],
        "doors": [
            "2"
        ],
        "fuel_efficiency": [
            "17 City / 21 Hwy"
        ],
        "vin": [
            "1C4AJWAGXHL613527"
        ],
        "engine_type": [
            "6 Cyl"
        ],
        "drivetrain": [
            "4WD"
        ],
        "fuel_type": [
            "Gasoline"
        ]
    },
    {
        "page": "102",
        "model": [
            "2017 Jeep Wrangler Unlimited",
            "2017 Jeep Wrangler"
        ],
        "price": [
            "$23,990"
        ],
        "mileage": [
            "86,750 miles"
        ],
        "exterior_color": [
            "Black"
        ],
        "interior_color": [
            "Black"
        ],
        "body_type": [
            "SUV"
        ],
        "doors": [
            "4"
        ],
        "fuel_efficiency": [
            "16 City / 20 Hwy"
        ],
        "vin": [
            "1C4BJWDG9HL632957"
        ],
        "engine_type": [
            "6 Cyl"
        ],
        "drivetrain": [
            "4WD"
        ],
        "fuel_type": [
            "Gasoline"
        ]
    },
    {
        "page": "104",
        "model": [
            "2017 Lincoln MKT",
            "2018 Lincoln MKT"
        ],
        "price": [
            "$17,881"
        ],
        "mileage": [
            "86,905 miles"
        ],
        "exterior_color": [
            "Black"
        ],
        "interior_color": [
            "Black"
        ],
        "body_type": [
            "SUV"
        ],
        "doors": [
            "4"
        ],
        "fuel_efficiency": [
            "16 City / 23 Hwy"
        ],
        "vin": [
            "2LMHJ5NK1JBL02016"
        ],
        "engine_type": [
            "6 Cyl"
        ],
        "drivetrain": [
            "AWD"
        ],
        "fuel_type": [
            "Gasoline"
        ]
    },
    {
        "page": "105",
        "model": [
            "2019 Lamborghini Aventador"
        ],
        "price": [
            "$729,998"
        ],
        "mileage": [
            "4,382 miles"
        ],
        "exterior_color": [],
        "interior_color": [],
        "body_type": [
            "Coupe"
        ],
        "doors": [
            "2"
        ],
        "fuel_efficiency": [
            "9 City / 15 Hwy"
        ],
        "vin": [
            "ZHWUM6ZD6KLA08713"
        ],
        "engine_type": [
            "12 Cyl"
        ],
        "drivetrain": [
            "AWD"
        ],
        "fuel_type": [
            "Gasoline"
        ]
    },
    {
        "page": "107",
        "model": [
            "2019 Lincoln MKT"
        ],
        "price": [
            "$20,986"
        ],
        "mileage": [
            "70,000 miles"
        ],
        "exterior_color": [
            "Black"
        ],
        "interior_color": [
            "Black"
        ],
        "body_type": [
            "SUV"
        ],
        "doors": [
            "4"
        ],
        "fuel_efficiency": [
            "16 City / 23 Hwy"
        ],
        "vin": [
            "2LMHJ5NK6KBL02529"
        ],
        "engine_type": [
            "6 Cyl"
        ],
        "drivetrain": [
            "AWD"
        ],
        "fuel_type": [
            "Gasoline"
        ]
    },
    {
        "page": "108",
        "model": [
            "2019 Freightliner Sprinter",
            "2020 Freightliner Sprinter",
            "2021 Freightliner Sprinter"
        ],
        "price": [
            "$43,500"
        ],
        "mileage": [
            "22,555 miles"
        ],
        "exterior_color": [
            "Black"
        ],
        "interior_color": [
            "Black"
        ],
        "body_type": [
            "Van"
        ],
        "doors": [
            "N/A"
        ],
        "fuel_efficiency": [
            "N/A City / N/A Hwy"
        ],
        "vin": [
            "W2Y4ECHY3LT039178"
        ],
        "engine_type": [
            "6 Cyl"
        ],
        "drivetrain": [
            "RWD"
        ],
        "fuel_type": [
            "Diesel"
        ]
    },
    {
        "page": "109",
        "model": [
            "2019 Freightliner Sprinter",
            "2020 Freightliner Sprinter",
            "2021 Freightliner Sprinter"
        ],
        "price": [
            "$19,900"
        ],
        "mileage": [],
        "exterior_color": [
            "Black"
        ],
        "interior_color": [
            "Black"
        ],
        "body_type": [
            "Van"
        ],
        "doors": [
            "3"
        ],
        "fuel_efficiency": [
            "N/A City / N/A Hwy"
        ],
        "vin": [
            "W2Y8ED3Y1LP307202"
        ],
        "engine_type": [
            "3 Cyl"
        ],
        "drivetrain": [
            "RWD"
        ],
        "fuel_type": [
            "Diesel"
        ]
    },
    {
        "page": "11",
        "model": [
            "2002 GMC Envoy",
            "2003 GMC Envoy",
            "2004 GMC Envoy"
        ],
        "price": [
            "$2,995"
        ],
        "mileage": [
            "117,722 miles"
        ],
        "exterior_color": [
            "Black"
        ],
        "interior_color": [
            "Black"
        ],
        "body_type": [
            "SUV"
        ],
        "doors": [
            "4"
        ],
        "fuel_efficiency": [
            "13 City / 19 Hwy"
        ],
        "vin": [
            "1GKET16S636133315"
        ],
        "engine_type": [
            "6 Cyl"
        ],
        "drivetrain": [
            "4WD"
        ],
        "fuel_type": [
            "Gasoline"
        ]
    },
    {
        "page": "110",
        "model": [
            "2019 Freightliner Sprinter",
            "2020 Freightliner Sprinter",
            "2021 Freightliner Sprinter"
        ],
        "price": [
            "$19,900"
        ],
        "mileage": [],
        "exterior_color": [
            "Black"
        ],
        "interior_color": [
            "Black"
        ],
        "body_type": [
            "Van"
        ],
        "doors": [
            "3"
        ],
        "fuel_efficiency": [
            "N/A City / N/A Hwy"
        ],
        "vin": [
            "W2Y8ED3Y7LP307706"
        ],
        "engine_type": [
            "3 Cyl"
        ],
        "drivetrain": [
            "RWD"
        ],
        "fuel_type": [
            "Diesel"
        ]
    },
    {
        "page": "111",
        "model": [
            "2019 Freightliner Sprinter",
            "2020 Freightliner Sprinter",
            "2021 Freightliner Sprinter"
        ],
        "price": [
            "$44,995"
        ],
        "mileage": [
            "55,686 miles"
        ],
        "exterior_color": [
            "Black"
        ],
        "interior_color": [
            "Black"
        ],
        "body_type": [
            "Van"
        ],
        "doors": [
            "4"
        ],
        "fuel_efficiency": [
            "N/A City / N/A Hwy"
        ],
        "vin": [
            "W2W4ECHY1LT024249"
        ],
        "engine_type": [
            "6 Cyl"
        ],
        "drivetrain": [
            "RWD"
        ],
        "fuel_type": [
            "Diesel"
        ]
    },
    {
        "page": "112",
        "model": [
            "2019 Freightliner Sprinter",
            "2020 Freightliner Sprinter",
            "2021 Freightliner Sprinter"
        ],
        "price": [
            "$44,301"
        ],
        "mileage": [
            "25,348 miles"
        ],
        "exterior_color": [
            "Black"
        ],
        "interior_color": [
            "Black"
        ],
        "body_type": [
            "Van"
        ],
        "doors": [
            "3"
        ],
        "fuel_efficiency": [
            "N/A City / N/A Hwy"
        ],
        "vin": [
            "W2W4ECHY2LT023966"
        ],
        "engine_type": [
            "6 Cyl"
        ],
        "drivetrain": [
            "RWD"
        ],
        "fuel_type": [
            "Diesel"
        ]
    },
    {
        "page": "114",
        "model": [
            "2021 Lamborghini Aventador",
            "2020 Lamborghini Aventador"
        ],
        "price": [
            "N/A"
        ],
        "mileage": [
            "623 miles"
        ],
        "exterior_color": [
            "Black"
        ],
        "interior_color": [
            "Black"
        ],
        "body_type": [
            "Convertible"
        ],
        "doors": [
            "2"
        ],
        "fuel_efficiency": [
            "8 City / 14 Hwy"
        ],
        "vin": [
            "ZHWUN6ZD0LLA09614"
        ],
        "engine_type": [
            "12 Cyl"
        ],
        "drivetrain": [
            "AWD"
        ],
        "fuel_type": [
            "N/A"
        ]
    },
    {
        "page": "115",
        "model": [
            "2021 Lamborghini Aventador",
            "2020 Lamborghini Aventador"
        ],
        "price": [
            "$774,800"
        ],
        "mileage": [
            "13,559 miles"
        ],
        "exterior_color": [
            "Black"
        ],
        "interior_color": [
            "Black"
        ],
        "body_type": [
            "Convertible"
        ],
        "doors": [
            "2"
        ],
        "fuel_efficiency": [
            "8 City / 14 Hwy"
        ],
        "vin": [
            "ZHWUN6ZD4LLA09440"
        ],
        "engine_type": [
            "12 Cyl"
        ],
        "drivetrain": [
            "AWD"
        ],
        "fuel_type": [
            "N/A"
        ]
    },
    {
        "page": "116",
        "model": [
            "2021 Lamborghini Aventador",
            "2020 Lamborghini Aventador",
            "2022 Lamborghini Aventador"
        ],
        "price": [
            "$799,998"
        ],
        "mileage": [
            "5,874 miles"
        ],
        "exterior_color": [],
        "interior_color": [],
        "body_type": [
            "Convertible"
        ],
        "doors": [
            "2"
        ],
        "fuel_efficiency": [
            "8 City / 14 Hwy"
        ],
        "vin": [
            "ZHWUN6ZD5MLA10114"
        ],
        "engine_type": [
            "12 Cyl"
        ],
        "drivetrain": [
            "AWD"
        ],
        "fuel_type": [
            "Gasoline"
        ]
    },
    {
        "page": "117",
        "model": [
            "2021 Lamborghini Aventador",
            "2020 Lamborghini Aventador",
            "2022 Lamborghini Aventador"
        ],
        "price": [
            "N/A"
        ],
        "mileage": [
            "1,220 miles"
        ],
        "exterior_color": [],
        "interior_color": [],
        "body_type": [
            "Convertible"
        ],
        "doors": [
            "2"
        ],
        "fuel_efficiency": [
            "8 City / 14 Hwy"
        ],
        "vin": [
            "ZHWUN6ZD3MLA10189"
        ],
        "engine_type": [
            "12 Cyl"
        ],
        "drivetrain": [
            "AWD"
        ],
        "fuel_type": [
            "N/A"
        ]
    },
    {
        "page": "118",
        "model": [
            "2022 Ferrari 812 GTS",
            "2023 Ferrari 812 GTS"
        ],
        "price": [
            "$609,900"
        ],
        "mileage": [
            "3,423 miles"
        ],
        "exterior_color": [
            "Black"
        ],
        "interior_color": [
            "Black"
        ],
        "body_type": [
            "Convertible"
        ],
        "doors": [
            "2"
        ],
        "fuel_efficiency": [
            "12 City / 15 Hwy"
        ],
        "vin": [
            "ZFF97CMAXP0293781"
        ],
        "engine_type": [
            "12 Cyl"
        ],
        "drivetrain": [
            "RWD"
        ],
        "fuel_type": [
            "Gasoline"
        ]
    },
    {
        "page": "119",
        "model": [
            "2022 Ferrari 812 GTS",
            "2023 Ferrari 812 GTS"
        ],
        "price": [
            "N/A"
        ],
        "mileage": [
            "705 miles"
        ],
        "exterior_color": [
            "Black"
        ],
        "interior_color": [
            "Black"
        ],
        "body_type": [
            "Convertible"
        ],
        "doors": [
            "2"
        ],
        "fuel_efficiency": [
            "12 City / 15 Hwy"
        ],
        "vin": [
            "ZFF97CMA2P0293161"
        ],
        "engine_type": [
            "12 Cyl"
        ],
        "drivetrain": [
            "RWD"
        ],
        "fuel_type": [
            "Gasoline"
        ]
    },
    {
        "page": "12",
        "model": [
            "2003 GMC Envoy",
            "2004 GMC Envoy"
        ],
        "price": [
            "$7,950"
        ],
        "mileage": [
            "159,327 miles"
        ],
        "exterior_color": [],
        "interior_color": [],
        "body_type": [
            "SUV"
        ],
        "doors": [
            "4"
        ],
        "fuel_efficiency": [
            "13 City / 19 Hwy"
        ],
        "vin": [
            "1GKDT13S332126541"
        ],
        "engine_type": [
            "6 Cyl"
        ],
        "drivetrain": [
            "4WD"
        ],
        "fuel_type": [
            "Gasoline"
        ]
    },
    {
        "page": "120",
        "model": [
            "2022 Ferrari 812 GTS",
            "2023 Ferrari 812 GTS"
        ],
        "price": [
            "$658,795"
        ],
        "mileage": [
            "307 miles"
        ],
        "exterior_color": [],
        "interior_color": [],
        "body_type": [
            "Convertible"
        ],
        "doors": [
            "2"
        ],
        "fuel_efficiency": [
            "12 City / 15 Hwy"
        ],
        "vin": [
            "ZFF97CMA4P0288575"
        ],
        "engine_type": [
            "12 Cyl"
        ],
        "drivetrain": [
            "RWD"
        ],
        "fuel_type": [
            "Gasoline"
        ]
    },
    {
        "page": "121",
        "model": [
            "2023 Mclaren Artura"
        ],
        "price": [
            "$205,058"
        ],
        "mileage": [
            "1,932 miles"
        ],
        "exterior_color": [
            "Black"
        ],
        "interior_color": [
            "Black"
        ],
        "body_type": [
            "Coupe"
        ],
        "doors": [
            "2"
        ],
        "fuel_efficiency": [
            "17 City / 21 Hwy"
        ],
        "vin": [
            "SBM16AEA4PW000155"
        ],
        "engine_type": [
            "6 Cyl"
        ],
        "drivetrain": [
            "RWD"
        ],
        "fuel_type": [
            "Hybrid"
        ]
    },
    {
        "page": "122",
        "model": [
            "2023 Mclaren Artura"
        ],
        "price": [
            "$199,900"
        ],
        "mileage": [
            "1,461 miles"
        ],
        "exterior_color": [
            "Black"
        ],
        "interior_color": [
            "Black"
        ],
        "body_type": [
            "Coupe"
        ],
        "doors": [
            "2"
        ],
        "fuel_efficiency": [
            "17 City / 21 Hwy"
        ],
        "vin": [
            "SBM16AEA7PW001137"
        ],
        "engine_type": [
            "6 Cyl"
        ],
        "drivetrain": [
            "RWD"
        ],
        "fuel_type": [
            "Hybrid"
        ]
    },
    {
        "page": "124",
        "model": [
            "2023 Maserati MC20",
            "2024 Maserati MC20"
        ],
        "price": [
            "$295,999"
        ],
        "mileage": [
            "13 miles"
        ],
        "exterior_color": [
            "Black"
        ],
        "interior_color": [
            "Black"
        ],
        "body_type": [
            "Convertible"
        ],
        "doors": [
            "2"
        ],
        "fuel_efficiency": [
            "15 City / 25 Hwy"
        ],
        "vin": [
            "ZAMBMSAB0R0450748"
        ],
        "engine_type": [
            "6 Cyl"
        ],
        "drivetrain": [
            "RWD"
        ],
        "fuel_type": [
            "Gasoline"
        ]
    },
    {
        "page": "125",
        "model": [
            "2023 Maserati MC20",
            "2024 Maserati MC20"
        ],
        "price": [
            "$295,999"
        ],
        "mileage": [
            "32 miles"
        ],
        "exterior_color": [],
        "interior_color": [],
        "body_type": [
            "Convertible"
        ],
        "doors": [
            "2"
        ],
        "fuel_efficiency": [
            "15 City / 25 Hwy"
        ],
        "vin": [
            "ZAMBMSAB9R0450747"
        ],
        "engine_type": [
            "6 Cyl"
        ],
        "drivetrain": [
            "RWD"
        ],
        "fuel_type": [
            "Gasoline"
        ]
    },
    {
        "page": "126",
        "model": [
            "1989 Jeep Wrangler",
            "1988 Jeep Wrangler"
        ],
        "price": [
            "$3,495"
        ],
        "mileage": [
            "115,485 miles"
        ],
        "exterior_color": [],
        "interior_color": [],
        "body_type": [
            "SUV"
        ],
        "doors": [
            "2"
        ],
        "fuel_efficiency": [
            "16 City / 19 Hwy"
        ],
        "vin": [
            "2BCHV81S2JB546027"
        ],
        "engine_type": [
            "4 Cyl"
        ],
        "drivetrain": [
            "4WD"
        ],
        "fuel_type": [
            "Gasoline"
        ]
    },
    {
        "page": "129",
        "model": [
            "1992 Mercedes-Benz 300",
            "1993 Mercedes-Benz 300"
        ],
        "price": [
            "$6,999"
        ],
        "mileage": [
            "198,102 miles"
        ],
        "exterior_color": [],
        "interior_color": [],
        "body_type": [
            "Sedan"
        ],
        "doors": [
            "4"
        ],
        "fuel_efficiency": [
            "17 City / 22 Hwy"
        ],
        "vin": [
            "WDBEA32EXPB989225"
        ],
        "engine_type": [
            "6 Cyl"
        ],
        "drivetrain": [
            "FWD"
        ],
        "fuel_type": [
            "Gasoline"
        ]
    },
    {
        "page": "13",
        "model": [
            "2003 GMC Envoy",
            "2004 GMC Envoy"
        ],
        "price": [
            "N/A"
        ],
        "mileage": [
            "185,000 miles"
        ],
        "exterior_color": [],
        "interior_color": [],
        "body_type": [
            "SUV"
        ],
        "doors": [
            "4"
        ],
        "fuel_efficiency": [
            "13 City / 16 Hwy"
        ],
        "vin": [
            "1GKET16P036229548"
        ],
        "engine_type": [
            "8 Cyl"
        ],
        "drivetrain": [
            "4WD"
        ],
        "fuel_type": [
            "Gasoline"
        ]
    },
    {
        "page": "130",
        "model": [
            "1992 Mercedes-Benz 300",
            "1993 Mercedes-Benz 300"
        ],
        "price": [
            "$5,900"
        ],
        "mileage": [
            "115,184 miles"
        ],
        "exterior_color": [],
        "interior_color": [],
        "body_type": [
            "Convertible"
        ],
        "doors": [
            "2"
        ],
        "fuel_efficiency": [
            "14 City / 16 Hwy"
        ],
        "vin": [
            "WDBFA61E7PF069794"
        ],
        "engine_type": [
            "6 Cyl"
        ],
        "drivetrain": [
            "FWD"
        ],
        "fuel_type": [
            "Gasoline"
        ]
    },
    {
        "page": "131",
        "model": [
            "1994 Toyota Pickup",
            "1993 Toyota Pickup",
            "1992 Toyota Pickup"
        ],
        "price": [
            "$14,995"
        ],
        "mileage": [
            "66,350 miles"
        ],
        "exterior_color": [],
        "interior_color": [],
        "body_type": [
            "Pickup"
        ],
        "doors": [
            "2"
        ],
        "fuel_efficiency": [
            "N/A City / N/A Hwy"
        ],
        "vin": [
            "4TARN81A6PZ111894"
        ],
        "engine_type": [
            "4 Cyl"
        ],
        "drivetrain": [
            "RWD"
        ],
        "fuel_type": [
            "Gasoline"
        ]
    },
    {
        "page": "132",
        "model": [
            "1994 GMC Jimmy",
            "1996 GMC Jimmy",
            "1995 GMC Jimmy"
        ],
        "price": [
            "$6,999"
        ],
        "mileage": [
            "116,223 miles"
        ],
        "exterior_color": [],
        "interior_color": [],
        "body_type": [
            "SUV"
        ],
        "doors": [
            "4"
        ],
        "fuel_efficiency": [
            "15 City / 20 Hwy"
        ],
        "vin": [
            "1GKCS13W2SK519754"
        ],
        "engine_type": [
            "6 Cyl"
        ],
        "drivetrain": [
            "RWD"
        ],
        "fuel_type": [
            "Gasoline"
        ]
    },
    {
        "page": "133",
        "model": [
            "1997 Honda Accord",
            "1996 Honda Accord",
            "1995 Honda Accord"
        ],
        "price": [
            "N/A"
        ],
        "mileage": [
            "96,706 miles"
        ],
        "exterior_color": [],
        "interior_color": [],
        "body_type": [
            "Wagon"
        ],
        "doors": [
            "4"
        ],
        "fuel_efficiency": [
            "19 City / 24 Hwy"
        ],
        "vin": [
            "1HGCE189XTA006654"
        ],
        "engine_type": [
            "4 Cyl"
        ],
        "drivetrain": [
            "FWD"
        ],
        "fuel_type": [
            "Gasoline"
        ]
    },
    {
        "page": "14",
        "model": [
            "2003 GMC Envoy",
            "2004 GMC Envoy"
        ],
        "price": [
            "$8,995"
        ],
        "mileage": [
            "116,393 miles"
        ],
        "exterior_color": [],
        "interior_color": [],
        "body_type": [
            "SUV"
        ],
        "doors": [
            "4"
        ],
        "fuel_efficiency": [
            "13 City / 19 Hwy"
        ],
        "vin": [
            "1GKDT13S832257304"
        ],
        "engine_type": [
            "6 Cyl"
        ],
        "drivetrain": [
            "4WD"
        ],
        "fuel_type": [
            "Gasoline"
        ]
    },
    {
        "page": "17",
        "model": [
            "2002 GMC Envoy",
            "2003 GMC Envoy"
        ],
        "price": [
            "$5,995"
        ],
        "mileage": [
            "176,551 miles"
        ],
        "exterior_color": [],
        "interior_color": [],
        "body_type": [
            "SUV"
        ],
        "doors": [
            "4"
        ],
        "fuel_efficiency": [
            "13 City / 19 Hwy"
        ],
        "vin": [
            "1GKDT13S532310685"
        ],
        "engine_type": [
            "6 Cyl"
        ],
        "drivetrain": [
            "4WD"
        ],
        "fuel_type": [
            "Gasoline"
        ]
    },
    {
        "page": "18",
        "model": [
            "2003 GMC Envoy",
            "2004 GMC Envoy"
        ],
        "price": [
            "$8,995"
        ],
        "mileage": [
            "134,421 miles"
        ],
        "exterior_color": [],
        "interior_color": [],
        "body_type": [
            "SUV"
        ],
        "doors": [
            "4"
        ],
        "fuel_efficiency": [
            "13 City / 19 Hwy"
        ],
        "vin": [
            "1GKDT13S632207145"
        ],
        "engine_type": [
            "6 Cyl"
        ],
        "drivetrain": [
            "4WD"
        ],
        "fuel_type": [
            "Gasoline"
        ]
    },
    {
        "page": "2",
        "model": [
            "1992 Mercedes-Benz 300",
            "1993 Mercedes-Benz 300"
        ],
        "price": [
            "N/A"
        ],
        "mileage": [],
        "exterior_color": [],
        "interior_color": [],
        "body_type": [
            "Sedan"
        ],
        "doors": [
            "4"
        ],
        "fuel_efficiency": [
            "23 City / 30 Hwy"
        ],
        "vin": [
            "WDBEB28E8PB844067"
        ],
        "engine_type": [
            "5 Cyl"
        ],
        "drivetrain": [
            "FWD"
        ],
        "fuel_type": [
            "Diesel"
        ]
    },
    {
        "page": "21",
        "model": [
            "2003 Volkswagen Jetta",
            "2002 Volkswagen Jetta"
        ],
        "price": [
            "$1,549"
        ],
        "mileage": [],
        "exterior_color": [],
        "interior_color": [],
        "body_type": [
            "Wagon"
        ],
        "doors": [
            "4"
        ],
        "fuel_efficiency": [
            "N/A City / N/A Hwy"
        ],
        "vin": [
            "WVWSP61J23W241929"
        ],
        "engine_type": [
            "4 Cyl"
        ],
        "drivetrain": [
            "FWD"
        ],
        "fuel_type": [
            "Diesel"
        ]
    },
    {
        "page": "22",
        "model": [
            "2004 BMW X5"
        ],
        "price": [
            "$8,995"
        ],
        "mileage": [
            "143,405 miles"
        ],
        "exterior_color": [],
        "interior_color": [],
        "body_type": [
            "SUV"
        ],
        "doors": [
            "4"
        ],
        "fuel_efficiency": [
            "14 City / 19 Hwy"
        ],
        "vin": [
            "5UXFA13554LU39637"
        ],
        "engine_type": [
            "6 Cyl"
        ],
        "drivetrain": [
            "AWD"
        ],
        "fuel_type": [
            "Gasoline"
        ]
    },
    {
        "page": "24",
        "model": [
            "2004 Volkswagen Jetta"
        ],
        "price": [
            "$2,995"
        ],
        "mileage": [
            "178,863 miles"
        ],
        "exterior_color": [],
        "interior_color": [],
        "body_type": [
            "Sedan"
        ],
        "doors": [
            "4"
        ],
        "fuel_efficiency": [
            "21 City / 28 Hwy"
        ],
        "vin": [
            "3VWRK69M44M014431"
        ],
        "engine_type": [
            "4 Cyl"
        ],
        "drivetrain": [
            "FWD"
        ],
        "fuel_type": [
            "Gasoline"
        ]
    },
    {
        "page": "26",
        "model": [
            "2005 Chevrolet Equinox",
            "2006 Chevrolet Equinox"
        ],
        "price": [
            "N/A"
        ],
        "mileage": [
            "106,309 miles"
        ],
        "exterior_color": [],
        "interior_color": [],
        "body_type": [
            "SUV"
        ],
        "doors": [
            "4"
        ],
        "fuel_efficiency": [
            "17 City / 23 Hwy"
        ],
        "vin": [
            "2CNDL73FX56157854"
        ],
        "engine_type": [
            "6 Cyl"
        ],
        "drivetrain": [
            "AWD"
        ],
        "fuel_type": [
            "Gasoline"
        ]
    },
    {
        "page": "27",
        "model": [
            "2005 Chevrolet Equinox",
            "2006 Chevrolet Equinox"
        ],
        "price": [
            "$4,200"
        ],
        "mileage": [
            "185,475 miles"
        ],
        "exterior_color": [],
        "interior_color": [],
        "body_type": [
            "SUV"
        ],
        "doors": [
            "4"
        ],
        "fuel_efficiency": [
            "17 City / 23 Hwy"
        ],
        "vin": [
            "2CNDL63F656038872"
        ],
        "engine_type": [
            "6 Cyl"
        ],
        "drivetrain": [
            "FWD"
        ],
        "fuel_type": [
            "Gasoline"
        ]
    },
    {
        "page": "28",
        "model": [
            "2005 Chevrolet Equinox",
            "2006 Chevrolet Equinox"
        ],
        "price": [
            "N/A"
        ],
        "mileage": [
            "75,567 miles"
        ],
        "exterior_color": [],
        "interior_color": [],
        "body_type": [
            "SUV"
        ],
        "doors": [
            "4"
        ],
        "fuel_efficiency": [
            "17 City / 23 Hwy"
        ],
        "vin": [
            "2CNDL73F156086138"
        ],
        "engine_type": [
            "6 Cyl"
        ],
        "drivetrain": [
            "AWD"
        ],
        "fuel_type": [
            "Gasoline"
        ]
    },
    {
        "page": "29",
        "model": [
            "2005 Chevrolet Equinox",
            "2006 Chevrolet Equinox"
        ],
        "price": [
            "N/A"
        ],
        "mileage": [
            "97,000 miles"
        ],
        "exterior_color": [],
        "interior_color": [],
        "body_type": [
            "SUV"
        ],
        "doors": [
            "4"
        ],
        "fuel_efficiency": [
            "17 City / 23 Hwy"
        ],
        "vin": [
            "2CNDL73F156116741"
        ],
        "engine_type": [
            "6 Cyl"
        ],
        "drivetrain": [
            "AWD"
        ],
        "fuel_type": [
            "Gasoline"
        ]
    },
    {
        "page": "3",
        "model": [
            "1992 Mercedes-Benz 300",
            "1993 Mercedes-Benz 300"
        ],
        "price": [
            "$15,750"
        ],
        "mileage": [
            "146,000 miles"
        ],
        "exterior_color": [
            "Black"
        ],
        "interior_color": [
            "Black"
        ],
        "body_type": [
            "Coupe"
        ],
        "doors": [
            "2"
        ],
        "fuel_efficiency": [
            "17 City / 22 Hwy"
        ],
        "vin": [
            "WDBEA52E6PB907082"
        ],
        "engine_type": [
            "6 Cyl"
        ],
        "drivetrain": [
            "FWD"
        ],
        "fuel_type": [
            "Gasoline"
        ]
    },
    {
        "page": "30",
        "model": [
            "2005 Chevrolet Equinox"
        ],
        "price": [
            "$5,980"
        ],
        "mileage": [
            "102,789 miles"
        ],
        "exterior_color": [
            "Black"
        ],
        "interior_color": [
            "Black"
        ],
        "body_type": [
            "SUV"
        ],
        "doors": [
            "4"
        ],
        "fuel_efficiency": [
            "17 City / 23 Hwy"
        ],
        "vin": [
            "2CNDL13F956035712"
        ],
        "engine_type": [
            "6 Cyl"
        ],
        "drivetrain": [
            "FWD"
        ],
        "fuel_type": [
            "Gasoline"
        ]
    },
    {
        "page": "32",
        "model": [
            "2005 Chevrolet Equinox"
        ],
        "price": [
            "N/A"
        ],
        "mileage": [],
        "exterior_color": [],
        "interior_color": [],
        "body_type": [
            "SUV"
        ],
        "doors": [
            "4"
        ],
        "fuel_efficiency": [
            "17 City / 23 Hwy"
        ],
        "vin": [
            "2CNDL13F256115823"
        ],
        "engine_type": [
            "6 Cyl"
        ],
        "drivetrain": [
            "FWD"
        ],
        "fuel_type": [
            "Gasoline"
        ]
    },
    {
        "page": "33",
        "model": [
            "2005 Chevrolet Equinox"
        ],
        "price": [
            "$5,425"
        ],
        "mileage": [],
        "exterior_color": [],
        "interior_color": [],
        "body_type": [
            "SUV"
        ],
        "doors": [
            "4"
        ],
        "fuel_efficiency": [
            "17 City / 23 Hwy"
        ],
        "vin": [
            "2CNDL13F956187229"
        ],
        "engine_type": [
            "6 Cyl"
        ],
        "drivetrain": [
            "FWD"
        ],
        "fuel_type": [
            "Gasoline"
        ]
    },
    {
        "page": "35",
        "model": [
            "2006 BMW X5"
        ],
        "price": [
            "$4,499"
        ],
        "mileage": [
            "136,150 miles"
        ],
        "exterior_color": [
            "Black"
        ],
        "interior_color": [
            "Black"
        ],
        "body_type": [
            "SUV"
        ],
        "doors": [
            "4"
        ],
        "fuel_efficiency": [
            "14 City / 19 Hwy"
        ],
        "vin": [
            "5UXFA135X6LY33914"
        ],
        "engine_type": [
            "6 Cyl"
        ],
        "drivetrain": [
            "AWD"
        ],
        "fuel_type": [
            "Gasoline"
        ]
    },
    {
        "page": "36",
        "model": [
            "2006 BMW X5"
        ],
        "price": [
            "N/A"
        ],
        "mileage": [
            "172,681 miles"
        ],
        "exterior_color": [
            "Black"
        ],
        "interior_color": [
            "Black"
        ],
        "body_type": [
            "SUV"
        ],
        "doors": [
            "4"
        ],
        "fuel_efficiency": [
            "14 City / 19 Hwy"
        ],
        "vin": [
            "5UXFA135X6LY42872"
        ],
        "engine_type": [
            "6 Cyl"
        ],
        "drivetrain": [
            "AWD"
        ],
        "fuel_type": [
            "Gasoline"
        ]
    },
    {
        "page": "38",
        "model": [
            "2008 BMW X5",
            "2006 BMW X5",
            "2007 BMW X5"
        ],
        "price": [
            "$4,950"
        ],
        "mileage": [
            "216,090 miles"
        ],
        "exterior_color": [
            "Black"
        ],
        "interior_color": [
            "Black"
        ],
        "body_type": [
            "SUV"
        ],
        "doors": [
            "4"
        ],
        "fuel_efficiency": [
            "15 City / 21 Hwy"
        ],
        "vin": [
            "5UXFE43537L010474"
        ],
        "engine_type": [
            "6 Cyl"
        ],
        "drivetrain": [
            "AWD"
        ],
        "fuel_type": [
            "Gasoline"
        ]
    },
    {
        "page": "39",
        "model": [
            "2007 BMW X5"
        ],
        "price": [
            "$8,800"
        ],
        "mileage": [
            "99,468 miles"
        ],
        "exterior_color": [
            "Black"
        ],
        "interior_color": [
            "Black"
        ],
        "body_type": [
            "SUV"
        ],
        "doors": [
            "4"
        ],
        "fuel_efficiency": [
            "15 City / 21 Hwy"
        ],
        "vin": [
            "5UXFE43507L013090"
        ],
        "engine_type": [
            "6 Cyl"
        ],
        "drivetrain": [
            "AWD"
        ],
        "fuel_type": [
            "Gasoline"
        ]
    },
    {
        "page": "4",
        "model": [
            "1992 Mercedes-Benz 300",
            "1993 Mercedes-Benz 300"
        ],
        "price": [
            "$5,299"
        ],
        "mileage": [
            "144,000 miles"
        ],
        "exterior_color": [],
        "interior_color": [],
        "body_type": [
            "Sedan"
        ],
        "doors": [
            "4"
        ],
        "fuel_efficiency": [
            "14 City / 18 Hwy"
        ],
        "vin": [
            "WDBGA32E5PA110048"
        ],
        "engine_type": [
            "6 Cyl"
        ],
        "drivetrain": [
            "FWD"
        ],
        "fuel_type": [
            "Gasoline"
        ]
    },
    {
        "page": "40",
        "model": [
            "2007 Chevrolet Impala",
            "2006 Chevrolet Impala"
        ],
        "price": [
            "$4,977"
        ],
        "mileage": [
            "167,450 miles"
        ],
        "exterior_color": [],
        "interior_color": [],
        "body_type": [
            "Sedan"
        ],
        "doors": [
            "4"
        ],
        "fuel_efficiency": [
            "18 City / 26 Hwy"
        ],
        "vin": [
            "2G1WS55RX79300615"
        ],
        "engine_type": [
            "6 Cyl"
        ],
        "drivetrain": [
            "FWD"
        ],
        "fuel_type": [
            "Gasoline"
        ]
    },
    {
        "page": "41",
        "model": [
            "2008 BMW X5",
            "2007 BMW X5"
        ],
        "price": [
            "$7,695"
        ],
        "mileage": [
            "136,453 miles"
        ],
        "exterior_color": [
            "Black"
        ],
        "interior_color": [
            "Black"
        ],
        "body_type": [
            "SUV"
        ],
        "doors": [
            "4"
        ],
        "fuel_efficiency": [
            "15 City / 21 Hwy"
        ],
        "vin": [
            "5UXFE43568L025116"
        ],
        "engine_type": [
            "6 Cyl"
        ],
        "drivetrain": [
            "AWD"
        ],
        "fuel_type": [
            "Gasoline"
        ]
    },
    {
        "page": "44",
        "model": [
            "2008 BMW X5",
            "2007 BMW X5"
        ],
        "price": [
            "$8,900"
        ],
        "mileage": [
            "163,000 miles"
        ],
        "exterior_color": [],
        "interior_color": [],
        "body_type": [
            "SUV"
        ],
        "doors": [
            "4"
        ],
        "fuel_efficiency": [
            "15 City / 21 Hwy"
        ],
        "vin": [
            "5UXFE43588L022279"
        ],
        "engine_type": [
            "6 Cyl"
        ],
        "drivetrain": [
            "AWD"
        ],
        "fuel_type": [
            "Gasoline"
        ]
    },
    {
        "page": "45",
        "model": [
            "2009 Buick Enclave",
            "2008 Buick Enclave"
        ],
        "price": [
            "$6,995"
        ],
        "mileage": [
            "241,622 miles"
        ],
        "exterior_color": [],
        "interior_color": [],
        "body_type": [
            "SUV"
        ],
        "doors": [
            "4"
        ],
        "fuel_efficiency": [
            "16 City / 22 Hwy"
        ],
        "vin": [
            "5GAEV13758J250847"
        ],
        "engine_type": [
            "6 Cyl"
        ],
        "drivetrain": [
            "AWD"
        ],
        "fuel_type": [
            "Gasoline"
        ]
    },
    {
        "page": "49",
        "model": [
            "2008 Buick Enclave"
        ],
        "price": [
            "$4,995"
        ],
        "mileage": [
            "246,738 miles"
        ],
        "exterior_color": [],
        "interior_color": [],
        "body_type": [
            "SUV"
        ],
        "doors": [
            "4"
        ],
        "fuel_efficiency": [
            "16 City / 22 Hwy"
        ],
        "vin": [
            "5GAEV23748J304094"
        ],
        "engine_type": [
            "6 Cyl"
        ],
        "drivetrain": [
            "AWD"
        ],
        "fuel_type": [
            "Gasoline"
        ]
    },
    {
        "page": "5",
        "model": [
            "2001 BMW X5"
        ],
        "price": [
            "N/A"
        ],
        "mileage": [
            "207,000 miles"
        ],
        "exterior_color": [],
        "interior_color": [],
        "body_type": [
            "SUV"
        ],
        "doors": [
            "4"
        ],
        "fuel_efficiency": [
            "14 City / 19 Hwy"
        ],
        "vin": [
            "WBAFA53531LM86182"
        ],
        "engine_type": [
            "6 Cyl"
        ],
        "drivetrain": [
            "AWD"
        ],
        "fuel_type": [
            "Gasoline"
        ]
    },
    {
        "page": "50",
        "model": [
            "2008 Chevrolet Impala",
            "2009 Chevrolet Impala"
        ],
        "price": [
            "$5,995"
        ],
        "mileage": [
            "93,117 miles"
        ],
        "exterior_color": [
            "Black"
        ],
        "interior_color": [
            "Black"
        ],
        "body_type": [
            "Sedan"
        ],
        "doors": [
            "4"
        ],
        "fuel_efficiency": [
            "18 City / 28 Hwy"
        ],
        "vin": [
            "2G1WS553681327449"
        ],
        "engine_type": [
            "6 Cyl"
        ],
        "drivetrain": [
            "FWD"
        ],
        "fuel_type": [
            "Gasoline"
        ]
    },
    {
        "page": "53",
        "model": [
            "2008 Ford F-550"
        ],
        "price": [
            "$12,995"
        ],
        "mileage": [
            "133,336 miles"
        ],
        "exterior_color": [],
        "interior_color": [],
        "body_type": [
            "Chassis"
        ],
        "doors": [
            "2"
        ],
        "fuel_efficiency": [
            "N/A City / N/A Hwy"
        ],
        "vin": [
            "1FDAF56R28ED33770"
        ],
        "engine_type": [
            "8 Cyl"
        ],
        "drivetrain": [
            "RWD"
        ],
        "fuel_type": [
            "Diesel"
        ]
    },
    {
        "page": "51",
        "model": [
            "2007 Ford F-550",
            "2009 Ford F-550",
            "2008 Ford F-550"
        ],
        "price": [
            "$9,995"
        ],
        "mileage": [
            "62,035 miles"
        ],
        "exterior_color": [],
        "interior_color": [],
        "body_type": [
            "Chassis"
        ],
        "doors": [
            "2"
        ],
        "fuel_efficiency": [
            "N/A City / N/A Hwy"
        ],
        "vin": [
            "1FDAF56R08EA61896"
        ],
        "engine_type": [
            "8 Cyl"
        ],
        "drivetrain": [
            "RWD"
        ],
        "fuel_type": [
            "Diesel"
        ]
    },
    {
        "page": "54",
        "model": [
            "2008 GMC Envoy"
        ],
        "price": [
            "$8,995"
        ],
        "mileage": [
            "151,000 miles"
        ],
        "exterior_color": [],
        "interior_color": [],
        "body_type": [
            "SUV"
        ],
        "doors": [
            "4"
        ],
        "fuel_efficiency": [
            "13 City / 19 Hwy"
        ],
        "vin": [
            "1GKET63M482217442"
        ],
        "engine_type": [
            "8 Cyl"
        ],
        "drivetrain": [
            "4WD"
        ],
        "fuel_type": [
            "Gasoline"
        ]
    },
    {
        "page": "52",
        "model": [
            "2008 Ford F-550"
        ],
        "price": [
            "$12,400"
        ],
        "mileage": [
            "95,705 miles"
        ],
        "exterior_color": [],
        "interior_color": [],
        "body_type": [
            "Chassis"
        ],
        "doors": [
            "4"
        ],
        "fuel_efficiency": [
            "N/A City / N/A Hwy"
        ],
        "vin": [
            "1FDAW56R58EC66212"
        ],
        "engine_type": [
            "8 Cyl"
        ],
        "drivetrain": [
            "RWD"
        ],
        "fuel_type": [
            "Diesel"
        ]
    },
    {
        "page": "56",
        "model": [
            "2008 GMC Envoy",
            "2009 GMC Envoy",
            "2007 GMC Envoy"
        ],
        "price": [
            "$15,000"
        ],
        "mileage": [
            "75,220 miles"
        ],
        "exterior_color": [],
        "interior_color": [],
        "body_type": [
            "SUV"
        ],
        "doors": [
            "4"
        ],
        "fuel_efficiency": [
            "13 City / 19 Hwy"
        ],
        "vin": [
            "1GKET63MX82172314"
        ],
        "engine_type": [
            "8 Cyl"
        ],
        "drivetrain": [
            "4WD"
        ],
        "fuel_type": [
            "Gasoline"
        ]
    },
    {
        "page": "57",
        "model": [
            "2008 GMC Envoy",
            "2009 GMC Envoy",
            "2007 GMC Envoy"
        ],
        "price": [
            "N/A"
        ],
        "mileage": [
            "38,698 miles"
        ],
        "exterior_color": [
            "Black"
        ],
        "interior_color": [
            "Black"
        ],
        "body_type": [
            "SUV"
        ],
        "doors": [
            "4"
        ],
        "fuel_efficiency": [
            "14 City / 20 Hwy"
        ],
        "vin": [
            "1GKDS13SX82126899"
        ],
        "engine_type": [
            "6 Cyl"
        ],
        "drivetrain": [
            "RWD"
        ],
        "fuel_type": [
            "Gasoline"
        ]
    },
    {
        "page": "58",
        "model": [
            "2008 GMC Envoy",
            "2009 GMC Envoy"
        ],
        "price": [
            "$7,600"
        ],
        "mileage": [
            "108,628 miles"
        ],
        "exterior_color": [],
        "interior_color": [],
        "body_type": [
            "SUV"
        ],
        "doors": [
            "4"
        ],
        "fuel_efficiency": [
            "14 City / 20 Hwy"
        ],
        "vin": [
            "1GKDT13S782153779"
        ],
        "engine_type": [
            "6 Cyl"
        ],
        "drivetrain": [
            "4WD"
        ],
        "fuel_type": [
            "Gasoline"
        ]
    },
    {
        "page": "6",
        "model": [
            "2001 BMW X5",
            "2002 BMW X5"
        ],
        "price": [
            "$3,950"
        ],
        "mileage": [
            "257,313 miles"
        ],
        "exterior_color": [
            "Black"
        ],
        "interior_color": [
            "Black"
        ],
        "body_type": [
            "SUV"
        ],
        "doors": [
            "4"
        ],
        "fuel_efficiency": [
            "14 City / 19 Hwy"
        ],
        "vin": [
            "WBAFA53501LM79044"
        ],
        "engine_type": [
            "6 Cyl"
        ],
        "drivetrain": [
            "AWD"
        ],
        "fuel_type": [
            "Gasoline"
        ]
    },
    {
        "page": "63",
        "model": [
            "2009 Buick Enclave"
        ],
        "price": [
            "$8,950"
        ],
        "mileage": [
            "123,215 miles"
        ],
        "exterior_color": [],
        "interior_color": [],
        "body_type": [
            "SUV"
        ],
        "doors": [
            "4"
        ],
        "fuel_efficiency": [
            "17 City / 24 Hwy"
        ],
        "vin": [
            "5GAER13D99J187568"
        ],
        "engine_type": [
            "6 Cyl"
        ],
        "drivetrain": [
            "FWD"
        ],
        "fuel_type": [
            "Gasoline"
        ]
    },
    {
        "page": "65",
        "model": [
            "2010 Buick Enclave",
            "2011 Buick Enclave"
        ],
        "price": [
            "$11,995"
        ],
        "mileage": [
            "126,733 miles"
        ],
        "exterior_color": [],
        "interior_color": [],
        "body_type": [
            "SUV"
        ],
        "doors": [
            "4"
        ],
        "fuel_efficiency": [
            "17 City / 24 Hwy"
        ],
        "vin": [
            "5GALRAED8AJ163660"
        ],
        "engine_type": [
            "6 Cyl"
        ],
        "drivetrain": [
            "FWD"
        ],
        "fuel_type": [
            "Gasoline"
        ]
    },
    {
        "page": "66",
        "model": [
            "2009 Buick Enclave",
            "2010 Buick Enclave",
            "2011 Buick Enclave"
        ],
        "price": [
            "$11,395"
        ],
        "mileage": [
            "54,905 miles"
        ],
        "exterior_color": [],
        "interior_color": [],
        "body_type": [
            "SUV"
        ],
        "doors": [
            "4"
        ],
        "fuel_efficiency": [
            "16 City / 22 Hwy"
        ],
        "vin": [
            "5GALVAEDXAJ257096"
        ],
        "engine_type": [
            "6 Cyl"
        ],
        "drivetrain": [
            "AWD"
        ],
        "fuel_type": [
            "Gasoline"
        ]
    },
    {
        "page": "67",
        "model": [
            "2010 Buick Enclave",
            "2011 Buick Enclave"
        ],
        "price": [
            "$4,499"
        ],
        "mileage": [
            "159,152 miles"
        ],
        "exterior_color": [],
        "interior_color": [],
        "body_type": [
            "SUV"
        ],
        "doors": [
            "4"
        ],
        "fuel_efficiency": [
            "16 City / 22 Hwy"
        ],
        "vin": [
            "5GAKVAED1BJ164254"
        ],
        "engine_type": [
            "6 Cyl"
        ],
        "drivetrain": [
            "AWD"
        ],
        "fuel_type": [
            "Gasoline"
        ]
    },
    {
        "page": "68",
        "model": [
            "2010 Buick Enclave",
            "2011 Buick Enclave"
        ],
        "price": [
            "$5,995"
        ],
        "mileage": [
            "144,563 miles"
        ],
        "exterior_color": [
            "Black"
        ],
        "interior_color": [
            "Black"
        ],
        "body_type": [
            "SUV"
        ],
        "doors": [
            "4"
        ],
        "fuel_efficiency": [
            "16 City / 22 Hwy"
        ],
        "vin": [
            "5GAKVAED1BJ354023"
        ],
        "engine_type": [
            "6 Cyl"
        ],
        "drivetrain": [
            "AWD"
        ],
        "fuel_type": [
            "Gasoline"
        ]
    },
    {
        "page": "7",
        "model": [
            "2003 BMW X5",
            "2004 BMW X5"
        ],
        "price": [
            "N/A"
        ],
        "mileage": [
            "179,447 miles"
        ],
        "exterior_color": [
            "Black"
        ],
        "interior_color": [
            "Black"
        ],
        "body_type": [
            "SUV"
        ],
        "doors": [
            "4"
        ],
        "fuel_efficiency": [
            "14 City / 19 Hwy"
        ],
        "vin": [
            "5UXFA53563LV81288"
        ],
        "engine_type": [
            "6 Cyl"
        ],
        "drivetrain": [
            "AWD"
        ],
        "fuel_type": [
            "Gasoline"
        ]
    },
    {
        "page": "70",
        "model": [
            "2012 Chevrolet Impala",
            "2011 Chevrolet Impala"
        ],
        "price": [
            "$6,995"
        ],
        "mileage": [
            "133,545 miles"
        ],
        "exterior_color": [],
        "interior_color": [],
        "body_type": [
            "Sedan"
        ],
        "doors": [
            "4"
        ],
        "fuel_efficiency": [
            "17 City / 26 Hwy"
        ],
        "vin": [
            "2G1WD5EM4B1277080"
        ],
        "engine_type": [
            "6 Cyl"
        ],
        "drivetrain": [
            "FWD"
        ],
        "fuel_type": [
            "Gasoline"
        ]
    },
    {
        "page": "71",
        "model": [
            "2012 Chevrolet Impala",
            "2011 Chevrolet Impala"
        ],
        "price": [
            "$6,500"
        ],
        "mileage": [
            "142,051 miles"
        ],
        "exterior_color": [],
        "interior_color": [],
        "body_type": [
            "Sedan"
        ],
        "doors": [
            "4"
        ],
        "fuel_efficiency": [
            "18 City / 29 Hwy"
        ],
        "vin": [
            "2G1WD5E33C1249358"
        ],
        "engine_type": [
            "6 Cyl"
        ],
        "drivetrain": [
            "FWD"
        ],
        "fuel_type": [
            "Gasoline"
        ]
    },
    {
        "page": "72",
        "model": [
            "2012 Mitsubishi Galant"
        ],
        "price": [
            "$4,995"
        ],
        "mileage": [
            "155,518 miles"
        ],
        "exterior_color": [],
        "interior_color": [],
        "body_type": [
            "Sedan"
        ],
        "doors": [
            "4"
        ],
        "fuel_efficiency": [
            "21 City / 29 Hwy"
        ],
        "vin": [
            "4A32B2FF4CE006088"
        ],
        "engine_type": [
            "4 Cyl"
        ],
        "drivetrain": [
            "FWD"
        ],
        "fuel_type": [
            "Gasoline"
        ]
    },
    {
        "page": "73",
        "model": [
            "2012 Mitsubishi Galant"
        ],
        "price": [
            "$3,995"
        ],
        "mileage": [
            "178,961 miles"
        ],
        "exterior_color": [],
        "interior_color": [],
        "body_type": [
            "Sedan"
        ],
        "doors": [
            "4"
        ],
        "fuel_efficiency": [
            "21 City / 29 Hwy"
        ],
        "vin": [
            "4A32B3FF4CE011815"
        ],
        "engine_type": [
            "4 Cyl"
        ],
        "drivetrain": [
            "FWD"
        ],
        "fuel_type": [
            "Gasoline"
        ]
    },
    {
        "page": "76",
        "model": [
            "2012 Mitsubishi Galant"
        ],
        "price": [
            "N/A"
        ],
        "mileage": [
            "237,606 miles"
        ],
        "exterior_color": [],
        "interior_color": [],
        "body_type": [
            "Sedan"
        ],
        "doors": [
            "4"
        ],
        "fuel_efficiency": [
            "21 City / 29 Hwy"
        ],
        "vin": [
            "4A32B2FF7CE022219"
        ],
        "engine_type": [
            "4 Cyl"
        ],
        "drivetrain": [
            "FWD"
        ],
        "fuel_type": [
            "Gasoline"
        ]
    },
    {
        "page": "79",
        "model": [
            "2012 Mitsubishi Galant",
            "2011 Mitsubishi Galant"
        ],
        "price": [
            "N/A"
        ],
        "mileage": [
            "143,459 miles"
        ],
        "exterior_color": [
            "Black"
        ],
        "interior_color": [
            "Black"
        ],
        "body_type": [
            "Sedan"
        ],
        "doors": [
            "4"
        ],
        "fuel_efficiency": [
            "21 City / 29 Hwy"
        ],
        "vin": [
            "4A32B3FF3CE010266"
        ],
        "engine_type": [
            "4 Cyl"
        ],
        "drivetrain": [
            "FWD"
        ],
        "fuel_type": [
            "Gasoline"
        ]
    },
    {
        "page": "8",
        "model": [
            "2003 GMC Envoy",
            "2004 GMC Envoy"
        ],
        "price": [
            "$2,800"
        ],
        "mileage": [
            "209,513 miles"
        ],
        "exterior_color": [],
        "interior_color": [],
        "body_type": [
            "SUV"
        ],
        "doors": [
            "4"
        ],
        "fuel_efficiency": [
            "14 City / 19 Hwy"
        ],
        "vin": [
            "1GKES16S136211339"
        ],
        "engine_type": [
            "6 Cyl"
        ],
        "drivetrain": [
            "RWD"
        ],
        "fuel_type": [
            "Gasoline"
        ]
    },
    {
        "page": "80",
        "model": [
            "2012 Mitsubishi Galant",
            "2011 Mitsubishi Galant"
        ],
        "price": [
            "$3,869"
        ],
        "mileage": [
            "157,169 miles"
        ],
        "exterior_color": [
            "Black"
        ],
        "interior_color": [
            "Black"
        ],
        "body_type": [
            "Sedan"
        ],
        "doors": [
            "4"
        ],
        "fuel_efficiency": [
            "21 City / 29 Hwy"
        ],
        "vin": [
            "4A32B2FFXCE011439"
        ],
        "engine_type": [
            "4 Cyl"
        ],
        "drivetrain": [
            "FWD"
        ],
        "fuel_type": [
            "Gasoline"
        ]
    },
    {
        "page": "82",
        "model": [
            "2012 Mitsubishi Galant"
        ],
        "price": [
            "$6,495"
        ],
        "mileage": [
            "132,037 miles"
        ],
        "exterior_color": [
            "Black"
        ],
        "interior_color": [
            "Black"
        ],
        "body_type": [
            "Sedan"
        ],
        "doors": [
            "4"
        ],
        "fuel_efficiency": [
            "21 City / 29 Hwy"
        ],
        "vin": [
            "4A32B2FF8CE022746"
        ],
        "engine_type": [
            "4 Cyl"
        ],
        "drivetrain": [
            "FWD"
        ],
        "fuel_type": [
            "Gasoline"
        ]
    },
    {
        "page": "83",
        "model": [
            "2013 Lincoln MKT",
            "2014 Lincoln MKT"
        ],
        "price": [
            "$7,991"
        ],
        "mileage": [
            "92,804 miles"
        ],
        "exterior_color": [
            "Black"
        ],
        "interior_color": [
            "Black"
        ],
        "body_type": [
            "SUV"
        ],
        "doors": [
            "4"
        ],
        "fuel_efficiency": [
            "17 City / 23 Hwy"
        ],
        "vin": [
            "2LMHJ5NK0DBL54953"
        ],
        "engine_type": [
            "6 Cyl"
        ],
        "drivetrain": [
            "AWD"
        ],
        "fuel_type": [
            "Gasoline"
        ]
    },
    {
        "page": "84",
        "model": [
            "2014 Chevrolet Impala",
            "2014 Chevrolet Impala Limited"
        ],
        "price": [
            "$11,250"
        ],
        "mileage": [
            "96,563 miles"
        ],
        "exterior_color": [],
        "interior_color": [],
        "body_type": [
            "Sedan"
        ],
        "doors": [
            "4"
        ],
        "fuel_efficiency": [
            "18 City / 29 Hwy"
        ],
        "vin": [
            "2G1WD5E37E1186106"
        ],
        "engine_type": [
            "6 Cyl"
        ],
        "drivetrain": [
            "FWD"
        ],
        "fuel_type": [
            "Gasoline"
        ]
    },
    {
        "page": "85",
        "model": [
            "2014 Chevrolet Impala",
            "2014 Chevrolet Impala Limited",
            "2013 Chevrolet Impala"
        ],
        "price": [
            "$6,999"
        ],
        "mileage": [
            "110,062 miles"
        ],
        "exterior_color": [
            "Black"
        ],
        "interior_color": [
            "Black"
        ],
        "body_type": [
            "Sedan"
        ],
        "doors": [
            "4"
        ],
        "fuel_efficiency": [
            "18 City / 29 Hwy"
        ],
        "vin": [
            "2G1WD5E39E1146691"
        ],
        "engine_type": [
            "6 Cyl"
        ],
        "drivetrain": [
            "FWD"
        ],
        "fuel_type": [
            "Gasoline"
        ]
    },
    {
        "page": "86",
        "model": [
            "2015 Lamborghini Aventador",
            "2016 Lamborghini Aventador"
        ],
        "price": [
            "$399,900"
        ],
        "mileage": [
            "7,466 miles"
        ],
        "exterior_color": [],
        "interior_color": [],
        "body_type": [
            "Convertible"
        ],
        "doors": [
            "2"
        ],
        "fuel_efficiency": [
            "10 City / 16 Hwy"
        ],
        "vin": [
            "ZHWUR1ZD9FLA03810"
        ],
        "engine_type": [
            "12 Cyl"
        ],
        "drivetrain": [
            "AWD"
        ],
        "fuel_type": [
            "Gasoline"
        ]
    },
    {
        "page": "87",
        "model": [
            "2015 Lamborghini Aventador",
            "2014 Lamborghini Aventador"
        ],
        "price": [
            "$329,850"
        ],
        "mileage": [
            "14,156 miles"
        ],
        "exterior_color": [
            "Black"
        ],
        "interior_color": [
            "Black"
        ],
        "body_type": [
            "Coupe"
        ],
        "doors": [
            "2"
        ],
        "fuel_efficiency": [
            "11 City / 18 Hwy"
        ],
        "vin": [
            "ZHWUC1ZDXFLA03655"
        ],
        "engine_type": [
            "12 Cyl"
        ],
        "drivetrain": [
            "AWD"
        ],
        "fuel_type": [
            "Gasoline"
        ]
    },
    {
        "page": "88",
        "model": [
            "2015 Lamborghini Aventador",
            "2016 Lamborghini Aventador",
            "2014 Lamborghini Aventador"
        ],
        "price": [
            "$369,995"
        ],
        "mileage": [
            "3,435 miles"
        ],
        "exterior_color": [
            "Black"
        ],
        "interior_color": [
            "Black"
        ],
        "body_type": [
            "Convertible"
        ],
        "doors": [
            "2"
        ],
        "fuel_efficiency": [
            "10 City / 16 Hwy"
        ],
        "vin": [
            "ZHWUR1ZD6FLA03229"
        ],
        "engine_type": [
            "12 Cyl"
        ],
        "drivetrain": [
            "AWD"
        ],
        "fuel_type": [
            "Gasoline"
        ]
    },
    {
        "page": "9",
        "model": [
            "2003 GMC Envoy",
            "2004 GMC Envoy"
        ],
        "price": [
            "$4,500"
        ],
        "mileage": [
            "206,317 miles"
        ],
        "exterior_color": [],
        "interior_color": [],
        "body_type": [
            "SUV"
        ],
        "doors": [
            "4"
        ],
        "fuel_efficiency": [
            "13 City / 19 Hwy"
        ],
        "vin": [
            "1GKET16SX36201017"
        ],
        "engine_type": [
            "6 Cyl"
        ],
        "drivetrain": [
            "4WD"
        ],
        "fuel_type": [
            "Gasoline"
        ]
    },
    {
        "page": "90",
        "model": [
            "2015 Lamborghini Aventador",
            "2014 Lamborghini Aventador",
            "2016 Lamborghini Aventador"
        ],
        "price": [
            "$369,995"
        ],
        "mileage": [
            "5,160 miles"
        ],
        "exterior_color": [
            "Black"
        ],
        "interior_color": [
            "Black"
        ],
        "body_type": [
            "Convertible"
        ],
        "doors": [
            "2"
        ],
        "fuel_efficiency": [
            "10 City / 16 Hwy"
        ],
        "vin": [
            "ZHWUR1ZD3FLA03642"
        ],
        "engine_type": [
            "12 Cyl"
        ],
        "drivetrain": [
            "AWD"
        ],
        "fuel_type": [
            "Gasoline"
        ]
    },
    {
        "page": "91",
        "model": [
            "2015 Lamborghini Aventador",
            "2016 Lamborghini Aventador"
        ],
        "price": [
            "$379,900"
        ],
        "mileage": [
            "16,672 miles"
        ],
        "exterior_color": [
            "Black"
        ],
        "interior_color": [
            "Black"
        ],
        "body_type": [
            "Convertible"
        ],
        "doors": [
            "2"
        ],
        "fuel_efficiency": [
            "10 City / 16 Hwy"
        ],
        "vin": [
            "ZHWUR1ZDXFLA03248"
        ],
        "engine_type": [
            "12 Cyl"
        ],
        "drivetrain": [
            "AWD"
        ],
        "fuel_type": [
            "Gasoline"
        ]
    },
    {
        "page": "93",
        "model": [
            "2015 Lamborghini Aventador",
            "2016 Lamborghini Aventador"
        ],
        "price": [
            "$355,900"
        ],
        "mileage": [
            "8,298 miles"
        ],
        "exterior_color": [
            "Black"
        ],
        "interior_color": [
            "Black"
        ],
        "body_type": [
            "Coupe"
        ],
        "doors": [
            "2"
        ],
        "fuel_efficiency": [
            "11 City / 18 Hwy"
        ],
        "vin": [
            "ZHWUC1ZDXFLA03302"
        ],
        "engine_type": [
            "12 Cyl"
        ],
        "drivetrain": [
            "AWD"
        ],
        "fuel_type": [
            "Gasoline"
        ]
    },
    {
        "page": "94",
        "model": [
            "2015 Lamborghini Aventador",
            "2016 Lamborghini Aventador"
        ],
        "price": [
            "$359,951"
        ],
        "mileage": [
            "13,014 miles"
        ],
        "exterior_color": [
            "Black"
        ],
        "interior_color": [
            "Black"
        ],
        "body_type": [
            "Convertible"
        ],
        "doors": [
            "2"
        ],
        "fuel_efficiency": [
            "10 City / 16 Hwy"
        ],
        "vin": [
            "ZHWUR1ZDXFLA03329"
        ],
        "engine_type": [
            "12 Cyl"
        ],
        "drivetrain": [
            "AWD"
        ],
        "fuel_type": [
            "Gasoline"
        ]
    },
    {
        "page": "95",
        "model": [
            "2016 Lincoln MKT"
        ],
        "price": [
            "N/A"
        ],
        "mileage": [
            "9,401 miles"
        ],
        "exterior_color": [
            "Black"
        ],
        "interior_color": [
            "Black"
        ],
        "body_type": [
            "SUV"
        ],
        "doors": [
            "4"
        ],
        "fuel_efficiency": [
            "16 City / 23 Hwy"
        ],
        "vin": [
            "2LMHJ5NK5GBL00715"
        ],
        "engine_type": [
            "6 Cyl"
        ],
        "drivetrain": [
            "AWD"
        ],
        "fuel_type": [
            "Gasoline"
        ]
    },
    {
        "page": "96",
        "model": [
            "2016 Lincoln MKT"
        ],
        "price": [
            "$8,575"
        ],
        "mileage": [
            "162,309 miles"
        ],
        "exterior_color": [
            "Black"
        ],
        "interior_color": [
            "Black"
        ],
        "body_type": [
            "SUV"
        ],
        "doors": [
            "4"
        ],
        "fuel_efficiency": [
            "16 City / 23 Hwy"
        ],
        "vin": [
            "2LMHJ5NK4GBL00740"
        ],
        "engine_type": [
            "6 Cyl"
        ],
        "drivetrain": [
            "AWD"
        ],
        "fuel_type": [
            "Gasoline"
        ]
    },
    {
        "page": "97",
        "model": [
            "2017 Jeep Wrangler Unlimited",
            "2017 Jeep Wrangler"
        ],
        "price": [
            "N/A"
        ],
        "mileage": [
            "97,942 miles"
        ],
        "exterior_color": [
            "Black"
        ],
        "interior_color": [
            "Black"
        ],
        "body_type": [
            "SUV"
        ],
        "doors": [
            "4"
        ],
        "fuel_efficiency": [
            "16 City / 20 Hwy"
        ],
        "vin": [
            "1C4BJWDG8HL657705"
        ],
        "engine_type": [
            "6 Cyl"
        ],
        "drivetrain": [
            "4WD"
        ],
        "fuel_type": [
            "Gasoline"
        ]
    },
    {
        "page": "98",
        "model": [
            "2017 Jeep Wrangler Unlimited",
            "2017 Jeep Wrangler"
        ],
        "price": [
            "$27,595"
        ],
        "mileage": [
            "60,218 miles"
        ],
        "exterior_color": [],
        "interior_color": [],
        "body_type": [
            "SUV"
        ],
        "doors": [
            "4"
        ],
        "fuel_efficiency": [
            "16 City / 20 Hwy"
        ],
        "vin": [
            "1C4BJWDG1HL613609"
        ],
        "engine_type": [
            "6 Cyl"
        ],
        "drivetrain": [
            "4WD"
        ],
        "fuel_type": [
            "Gasoline"
        ]
    },
    {
        "page": "99",
        "model": [
            "2017 Jeep Wrangler Unlimited",
            "2017 Jeep Wrangler"
        ],
        "price": [
            "$40,977"
        ],
        "mileage": [
            "35,330 miles"
        ],
        "exterior_color": [
            "Black"
        ],
        "interior_color": [
            "Black"
        ],
        "body_type": [
            "SUV"
        ],
        "doors": [
            "4"
        ],
        "fuel_efficiency": [
            "16 City / 20 Hwy"
        ],
        "vin": [
            "1C4BJWDGXHL740729"
        ],
        "engine_type": [
            "6 Cyl"
        ],
        "drivetrain": [
            "4WD"
        ],
        "fuel_type": [
            "Gasoline"
        ]
    }
]