[
    {
        "page": "10",
        "name": [],
        "position": [],
        "office_address": [],
        "email": []
    },
    {
        "page": "100",
        "name": [
            "Joe Barker"
        ],
        "position": [
            "Lecturer, Computer Science and Engineering"
        ],
        "office_address": [
            "Dreese Laboratories",
            "2015 Neil Ave"
        ],
        "email": [
            "barker.348@osu.edu"
        ]
    },
    {
        "page": "101",
        "name": [
            "Spyros Blanas"
        ],
        "position": [
            "Associate Professor, Computer Science and Engineering"
        ],
        "office_address": [
            "Dreese Laboratories",
            "2015 Neil Ave"
        ],
        "email": [
            "blanas.2@osu.edu"
        ]
    },
    {
        "page": "102",
        "name": [],
        "position": [],
        "office_address": [],
        "email": []
    },
    {
        "page": "103",
        "name": [
            "Michael Bond"
        ],
        "position": [
            "Professor, Computer Science and Engineering"
        ],
        "office_address": [
            "Dreese Laboratories",
            "2015 Neil Ave"
        ],
        "email": [
            "bond.213@osu.edu"
        ]
    },
    {
        "page": "104",
        "name": [],
        "position": [],
        "office_address": [],
        "email": []
    },
    {
        "page": "105",
        "name": [],
        "position": [],
        "office_address": [],
        "email": []
    },
    {
        "page": "106",
        "name": [
            "Jim Davis"
        ],
        "position": [
            "Professor, Computer Science and Engineering"
        ],
        "office_address": [],
        "email": [
            "davis.1719@osu.edu"
        ]
    },
    {
        "page": "109",
        "name": [
            "Raghu Machiraju"
        ],
        "position": [
            "Professor, Biomedical Informatics",
            "Associate Chair, Computer Science and Engineering",
            "Professor, Computer Science and Engineering",
            "Professor, Pathology"
        ],
        "office_address": [
            "Dreese Laboratories",
            "2015 Neil Ave"
        ],
        "email": [
            "machiraju.1@osu.edu"
        ]
    },
    {
        "page": "111",
        "name": [],
        "position": [],
        "office_address": [],
        "email": []
    },
    {
        "page": "112",
        "name": [],
        "position": [],
        "office_address": [],
        "email": []
    },
    {
        "page": "113",
        "name": [],
        "position": [],
        "office_address": [],
        "email": []
    },
    {
        "page": "114",
        "name": [
            "Feng Qin"
        ],
        "position": [
            "Professor, Computer Science and Engineering"
        ],
        "office_address": [
            "Dreese Laboratories",
            "2015 Neil Ave"
        ],
        "email": [
            "qin.34@osu.edu"
        ]
    },
    {
        "page": "108",
        "name": [],
        "position": [],
        "office_address": [],
        "email": []
    },
    {
        "page": "115",
        "name": [
            "Kathryn Reeves"
        ],
        "position": [
            "Asst Di. Acad Pgrms/Stdt Svcs, Computer Science and Engineering"
        ],
        "office_address": [
            "Dreese Laboratories",
            "2015 Neil Ave"
        ],
        "email": [
            "reeves.92@osu.edu"
        ]
    },
    {
        "page": "116",
        "name": [
            "Atanas Rountev"
        ],
        "position": [
            "Professor, Computer Science and Engineering"
        ],
        "office_address": [
            "Dreese Laboratories",
            "2015 Neil Ave"
        ],
        "email": [
            "rountev.1@osu.edu"
        ]
    },
    {
        "page": "11",
        "name": [],
        "position": [],
        "office_address": [],
        "email": []
    },
    {
        "page": "1",
        "name": [
            "Mohammad Abu Shattal"
        ],
        "position": [
            "Lecturer, Fisher College of Business",
            "Lecturer, Computer Science and Engineering"
        ],
        "office_address": [
            "Dreese Laboratories",
            "2015 Neil Ave"
        ],
        "email": [
            "abushattal.1@osu.edu"
        ]
    },
    {
        "page": "117",
        "name": [],
        "position": [],
        "office_address": [],
        "email": []
    },
    {
        "page": "118",
        "name": [],
        "position": [],
        "office_address": [],
        "email": []
    },
    {
        "page": "12",
        "name": [],
        "position": [],
        "office_address": [],
        "email": []
    },
    {
        "page": "120",
        "name": [],
        "position": [],
        "office_address": [],
        "email": []
    },
    {
        "page": "121",
        "name": [],
        "position": [],
        "office_address": [],
        "email": []
    },
    {
        "page": "122",
        "name": [],
        "position": [],
        "office_address": [],
        "email": []
    },
    {
        "page": "123",
        "name": [],
        "position": [],
        "office_address": [],
        "email": []
    },
    {
        "page": "124",
        "name": [],
        "position": [],
        "office_address": [],
        "email": []
    },
    {
        "page": "125",
        "name": [],
        "position": [],
        "office_address": [],
        "email": []
    },
    {
        "page": "126",
        "name": [],
        "position": [],
        "office_address": [],
        "email": []
    },
    {
        "page": "127",
        "name": [],
        "position": [],
        "office_address": [],
        "email": []
    },
    {
        "page": "128",
        "name": [],
        "position": [],
        "office_address": [],
        "email": []
    },
    {
        "page": "13",
        "name": [
            "Spyros Blanas"
        ],
        "position": [
            "Associate Professor, Computer Science and Engineering"
        ],
        "office_address": [
            "Dreese Laboratories",
            "2015 Neil Ave"
        ],
        "email": [
            "blanas.2@osu.edu"
        ]
    },
    {
        "page": "129",
        "name": [],
        "position": [],
        "office_address": [],
        "email": []
    },
    {
        "page": "130",
        "name": [],
        "position": [],
        "office_address": [],
        "email": []
    },
    {
        "page": "131",
        "name": [],
        "position": [],
        "office_address": [],
        "email": []
    },
    {
        "page": "132",
        "name": [
            "Hanqi Guo"
        ],
        "position": [
            "Associate Professor, Computer Science and Engineering"
        ],
        "office_address": [
            "Dreese Laboratories",
            "2015 Neil Ave"
        ],
        "email": [
            "guo.2154@osu.edu"
        ]
    },
    {
        "page": "133",
        "name": [],
        "position": [],
        "office_address": [],
        "email": []
    },
    {
        "page": "134",
        "name": [
            "Steve Lai"
        ],
        "position": [
            "Professor, Computer Science and Engineering"
        ],
        "office_address": [
            "Dreese Laboratories",
            "2015 Neil Ave"
        ],
        "email": [
            "lai.1@osu.edu"
        ]
    },
    {
        "page": "135",
        "name": [],
        "position": [],
        "office_address": [],
        "email": []
    },
    {
        "page": "136",
        "name": [],
        "position": [],
        "office_address": [],
        "email": []
    },
    {
        "page": "137",
        "name": [],
        "position": [],
        "office_address": [],
        "email": []
    },
    {
        "page": "138",
        "name": [],
        "position": [],
        "office_address": [],
        "email": []
    },
    {
        "page": "139",
        "name": [],
        "position": [],
        "office_address": [],
        "email": []
    },
    {
        "page": "140",
        "name": [
            "Paul Sivilotti"
        ],
        "position": [
            "Associate Professor, Computer Science and Engineering"
        ],
        "office_address": [
            "Dreese Laboratories",
            "2015 Neil Ave"
        ],
        "email": [
            "sivilotti.1@osu.edu"
        ]
    },
    {
        "page": "14",
        "name": [
            "Matt Boggus"
        ],
        "position": [
            "Assistant Professor, Computer Science and Engineering"
        ],
        "office_address": [
            "Dreese Laboratories",
            "2015 Neil Ave"
        ],
        "email": [
            "boggus.2@osu.edu"
        ]
    },
    {
        "page": "142",
        "name": [],
        "position": [],
        "office_address": [],
        "email": []
    },
    {
        "page": "141",
        "name": [],
        "position": [],
        "office_address": [],
        "email": []
    },
    {
        "page": "144",
        "name": [
            "Yang Wang"
        ],
        "position": [
            "Associate Professor, Computer Science and Engineering"
        ],
        "office_address": [
            "Dreese Laboratories",
            "2015 Neil Ave"
        ],
        "email": [
            "wang.7564@osu.edu"
        ]
    },
    {
        "page": "143",
        "name": [],
        "position": [],
        "office_address": [],
        "email": []
    },
    {
        "page": "145",
        "name": [],
        "position": [],
        "office_address": [],
        "email": []
    },
    {
        "page": "146",
        "name": [],
        "position": [],
        "office_address": [],
        "email": []
    },
    {
        "page": "147",
        "name": [],
        "position": [],
        "office_address": [],
        "email": []
    },
    {
        "page": "149",
        "name": [
            "Kenneth Supowit"
        ],
        "position": [
            "Emeritus, Computer Science and Engineering"
        ],
        "office_address": [],
        "email": [
            "supowit.1@osu.edu"
        ]
    },
    {
        "page": "148",
        "name": [],
        "position": [],
        "office_address": [],
        "email": []
    },
    {
        "page": "150",
        "name": [],
        "position": [],
        "office_address": [],
        "email": []
    },
    {
        "page": "15",
        "name": [],
        "position": [],
        "office_address": [],
        "email": []
    },
    {
        "page": "16",
        "name": [
            "Michael Bond"
        ],
        "position": [
            "Professor, Computer Science and Engineering"
        ],
        "office_address": [
            "Dreese Laboratories",
            "2015 Neil Ave"
        ],
        "email": [
            "bond.213@osu.edu"
        ]
    },
    {
        "page": "19",
        "name": [],
        "position": [],
        "office_address": [],
        "email": []
    },
    {
        "page": "20",
        "name": [
            "Timothy Carpenter"
        ],
        "position": [
            "Senior Lecturer, Computer Science and Engineering"
        ],
        "office_address": [
            "Dreese Laboratories",
            "2015 Neil Ave"
        ],
        "email": [
            "carpenter.454@osu.edu"
        ]
    },
    {
        "page": "21",
        "name": [
            "Timothy Carpenter"
        ],
        "position": [
            "Senior Lecturer, Computer Science and Engineering"
        ],
        "office_address": [
            "Dreese Laboratories",
            "2015 Neil Ave"
        ],
        "email": [
            "carpenter.454@osu.edu"
        ]
    },
    {
        "page": "18",
        "name": [],
        "position": [],
        "office_address": [],
        "email": []
    },
    {
        "page": "17",
        "name": [
            "Paolo Bucci"
        ],
        "position": [
            "Senior Lecturer, Computer Science and Engineering"
        ],
        "office_address": [
            "672 Dreese Laboratories",
            "2015 Neil Ave"
        ],
        "email": [
            "bucci.2@osu.edu"
        ]
    },
    {
        "page": "23",
        "name": [],
        "position": [],
        "office_address": [],
        "email": []
    },
    {
        "page": "25",
        "name": [
            "B Chandrasekaran"
        ],
        "position": [
            "Faculty Emeritus, Computer Science and Engineering"
        ],
        "office_address": [],
        "email": [
            "chandrasekaran.1@osu.edu"
        ]
    },
    {
        "page": "26",
        "name": [],
        "position": [],
        "office_address": [],
        "email": []
    },
    {
        "page": "27",
        "name": [],
        "position": [],
        "office_address": [],
        "email": []
    },
    {
        "page": "28",
        "name": [
            "Catrena Collins"
        ],
        "position": [
            "HR Consultant, Biomedical Engineering",
            "HR Consultant, Knowlton School of Architecture",
            "HR Consultant, Human Resources",
            "Sr. HR Consultant, Strategic Initiatives",
            "HR Consultant, Computer Science and Engineering"
        ],
        "office_address": [
            "2036 Neil Ave Mall",
            "Bolz Hall"
        ],
        "email": [
            "collins.424@osu.edu"
        ]
    },
    {
        "page": "29",
        "name": [],
        "position": [],
        "office_address": [],
        "email": []
    },
    {
        "page": "24",
        "name": [
            "B Chandrasekaran"
        ],
        "position": [
            "Faculty Emeritus, Computer Science and Engineering"
        ],
        "office_address": [],
        "email": [
            "chandrasekaran.1@osu.edu"
        ]
    },
    {
        "page": "30",
        "name": [
            "Jim Davis"
        ],
        "position": [
            "Professor, Computer Science and Engineering"
        ],
        "office_address": [],
        "email": [
            "davis.1719@osu.edu"
        ]
    },
    {
        "page": "33",
        "name": [],
        "position": [],
        "office_address": [],
        "email": []
    },
    {
        "page": "34",
        "name": [
            "Cindy Grimme"
        ],
        "position": [
            "Lecturer, Computer Science and Engineering"
        ],
        "office_address": [
            "Dreese Laboratories",
            "2015 Neil Ave"
        ],
        "email": [
            "grimme.16@osu.edu"
        ]
    },
    {
        "page": "35",
        "name": [],
        "position": [],
        "office_address": [],
        "email": []
    },
    {
        "page": "36",
        "name": [],
        "position": [],
        "office_address": [],
        "email": []
    },
    {
        "page": "37",
        "name": [
            "Hanqi Guo"
        ],
        "position": [
            "Associate Professor, Computer Science and Engineering"
        ],
        "office_address": [
            "Dreese Laboratories",
            "2015 Neil Ave"
        ],
        "email": [
            "guo.2154@osu.edu"
        ]
    },
    {
        "page": "38",
        "name": [],
        "position": [],
        "office_address": [],
        "email": []
    },
    {
        "page": "32",
        "name": [],
        "position": [],
        "office_address": [],
        "email": []
    },
    {
        "page": "4",
        "name": [
            "Anish Arora"
        ],
        "position": [
            "Professor, Computer Science and Engineering",
            "Chair, Computer Science and Engineering"
        ],
        "office_address": [
            "Dreese Laboratories",
            "2015 Neil Ave"
        ],
        "email": [
            "arora.9@osu.edu"
        ]
    },
    {
        "page": "39",
        "name": [
            "Nathan Hoch"
        ],
        "position": [
            "Undergraduate Academic Advisor 2, Computer Science and Engineering"
        ],
        "office_address": [
            "Dreese Laboratories",
            "2015 Neil Ave"
        ],
        "email": [
            "hoch.25@osu.edu"
        ]
    },
    {
        "page": "41",
        "name": [
            "Jaimie Kelley"
        ],
        "position": [
            "Assistant Professor, Computer Science and Engineering"
        ],
        "office_address": [
            "Dreese Laboratories",
            "2015 Neil Ave"
        ],
        "email": [
            "kelley.530@osu.edu"
        ]
    },
    {
        "page": "42",
        "name": [],
        "position": [],
        "office_address": [],
        "email": []
    },
    {
        "page": "2",
        "name": [],
        "position": [],
        "office_address": [],
        "email": []
    },
    {
        "page": "40",
        "name": [
            "Mark Jackson"
        ],
        "position": [
            "Lecturer, Computer Science and Engineering"
        ],
        "office_address": [
            "Dreese Laboratories",
            "2015 Neil Ave"
        ],
        "email": [
            "jackson.2661@osu.edu"
        ]
    },
    {
        "page": "43",
        "name": [
            "Steve Lai"
        ],
        "position": [
            "Professor, Computer Science and Engineering"
        ],
        "office_address": [
            "Dreese Laboratories",
            "2015 Neil Ave"
        ],
        "email": [
            "lai.1@osu.edu"
        ]
    },
    {
        "page": "46",
        "name": [
            "Lisa Long"
        ],
        "position": [
            "Senior Undergraduate Academic Advisor, Computer Science and Engineering"
        ],
        "office_address": [
            "Dreese Laboratories",
            "2015 Neil Ave"
        ],
        "email": [
            "long.2205@osu.edu"
        ]
    },
    {
        "page": "47",
        "name": [
            "Lynn Lyons"
        ],
        "position": [
            "Academic Program Coordinator, Computer Science and Engineering"
        ],
        "office_address": [
            "Dreese Laboratories",
            "2015 Neil Ave"
        ],
        "email": [
            "lyons.220@osu.edu"
        ]
    },
    {
        "page": "45",
        "name": [],
        "position": [],
        "office_address": [],
        "email": []
    },
    {
        "page": "48",
        "name": [
            "Lynn Lyons"
        ],
        "position": [
            "Academic Program Coordinator, Computer Science and Engineering"
        ],
        "office_address": [
            "Dreese Laboratories",
            "2015 Neil Ave"
        ],
        "email": [
            "lyons.220@osu.edu"
        ]
    },
    {
        "page": "44",
        "name": [],
        "position": [],
        "office_address": [],
        "email": []
    },
    {
        "page": "49",
        "name": [
            "Catherine McKinley"
        ],
        "position": [
            "Lecturer, Computer Science and Engineering"
        ],
        "office_address": [
            "Dreese Laboratories",
            "2015 Neil Ave"
        ],
        "email": [
            "mckinley.217@osu.edu"
        ]
    },
    {
        "page": "50",
        "name": [],
        "position": [],
        "office_address": [],
        "email": []
    },
    {
        "page": "5",
        "name": [
            "Kannan Athreya"
        ],
        "position": [
            "Professor, Computer Science and Engineering"
        ],
        "office_address": [
            "Dreese Laboratories",
            "2015 Neil Ave"
        ],
        "email": [
            "athreya.14@osu.edu"
        ]
    },
    {
        "page": "52",
        "name": [],
        "position": [],
        "office_address": [],
        "email": []
    },
    {
        "page": "51",
        "name": [],
        "position": [],
        "office_address": [],
        "email": []
    },
    {
        "page": "53",
        "name": [],
        "position": [],
        "office_address": [],
        "email": []
    },
    {
        "page": "22",
        "name": [],
        "position": [],
        "office_address": [],
        "email": []
    },
    {
        "page": "55",
        "name": [],
        "position": [],
        "office_address": [],
        "email": []
    },
    {
        "page": "57",
        "name": [
            "Srinivasan Parthasarathy"
        ],
        "position": [
            "Professor, Biomedical Informatics",
            "Professor, Computer Science and Engineering"
        ],
        "office_address": [
            "Dreese Laboratories",
            "2015 Neil Ave"
        ],
        "email": [
            "parthasarathy.2@osu.edu"
        ]
    },
    {
        "page": "56",
        "name": [],
        "position": [],
        "office_address": [],
        "email": []
    },
    {
        "page": "6",
        "name": [],
        "position": [],
        "office_address": [],
        "email": []
    },
    {
        "page": "54",
        "name": [],
        "position": [],
        "office_address": [],
        "email": []
    },
    {
        "page": "58",
        "name": [
            "Srinivasan Parthasarathy"
        ],
        "position": [
            "Professor, Biomedical Informatics",
            "Professor, Computer Science and Engineering"
        ],
        "office_address": [
            "Dreese Laboratories",
            "2015 Neil Ave"
        ],
        "email": [
            "parthasarathy.2@osu.edu"
        ]
    },
    {
        "page": "62",
        "name": [
            "Kathryn Reeves"
        ],
        "position": [
            "Asst Di. Acad Pgrms/Stdt Svcs, Computer Science and Engineering"
        ],
        "office_address": [
            "Dreese Laboratories",
            "2015 Neil Ave"
        ],
        "email": [
            "reeves.92@osu.edu"
        ]
    },
    {
        "page": "63",
        "name": [
            "Atanas Rountev"
        ],
        "position": [
            "Professor, Computer Science and Engineering"
        ],
        "office_address": [
            "Dreese Laboratories",
            "2015 Neil Ave"
        ],
        "email": [
            "rountev.1@osu.edu"
        ]
    },
    {
        "page": "59",
        "name": [],
        "position": [],
        "office_address": [],
        "email": []
    },
    {
        "page": "66",
        "name": [],
        "position": [],
        "office_address": [],
        "email": []
    },
    {
        "page": "61",
        "name": [
            "Feng Qin"
        ],
        "position": [
            "Professor, Computer Science and Engineering"
        ],
        "office_address": [
            "Dreese Laboratories",
            "2015 Neil Ave"
        ],
        "email": [
            "qin.34@osu.edu"
        ]
    },
    {
        "page": "60",
        "name": [],
        "position": [],
        "office_address": [],
        "email": []
    },
    {
        "page": "68",
        "name": [],
        "position": [],
        "office_address": [],
        "email": []
    },
    {
        "page": "69",
        "name": [
            "Paul Sivilotti"
        ],
        "position": [
            "Associate Professor, Computer Science and Engineering"
        ],
        "office_address": [
            "Dreese Laboratories",
            "2015 Neil Ave"
        ],
        "email": [
            "sivilotti.1@osu.edu"
        ]
    },
    {
        "page": "7",
        "name": [
            "Joe Barker"
        ],
        "position": [
            "Lecturer, Computer Science and Engineering"
        ],
        "office_address": [
            "Dreese Laboratories",
            "2015 Neil Ave"
        ],
        "email": [
            "barker.348@osu.edu"
        ]
    },
    {
        "page": "70",
        "name": [],
        "position": [],
        "office_address": [],
        "email": []
    },
    {
        "page": "71",
        "name": [],
        "position": [],
        "office_address": [],
        "email": []
    },
    {
        "page": "72",
        "name": [
            "Nikki Strader"
        ],
        "position": [
            "Manager, Academic Advising, Computer Science and Engineering"
        ],
        "office_address": [
            "Dreese Laboratories",
            "2015 Neil Ave"
        ],
        "email": [
            "strader.1@osu.edu"
        ]
    },
    {
        "page": "64",
        "name": [
            "Gregory Ryslik"
        ],
        "position": [
            "Assistant Professor, Computer Science and Engineering"
        ],
        "office_address": [
            "Dreese Laboratories",
            "2015 Neil Ave"
        ],
        "email": [
            "ryslik.1@osu.edu"
        ]
    },
    {
        "page": "74",
        "name": [],
        "position": [],
        "office_address": [],
        "email": []
    },
    {
        "page": "73",
        "name": [],
        "position": [],
        "office_address": [],
        "email": []
    },
    {
        "page": "77",
        "name": [
            "Yang Wang"
        ],
        "position": [
            "Associate Professor, Computer Science and Engineering"
        ],
        "office_address": [
            "Dreese Laboratories",
            "2015 Neil Ave"
        ],
        "email": [
            "wang.7564@osu.edu"
        ]
    },
    {
        "page": "78",
        "name": [],
        "position": [],
        "office_address": [],
        "email": []
    },
    {
        "page": "79",
        "name": [],
        "position": [],
        "office_address": [],
        "email": []
    },
    {
        "page": "75",
        "name": [
            "Melissa Toretch"
        ],
        "position": [
            "Senior Academic Advisor, Computer Science and Engineering"
        ],
        "office_address": [
            "Dreese Laboratories",
            "2015 Neil Ave"
        ],
        "email": [
            "toretch.1@osu.edu"
        ]
    },
    {
        "page": "81",
        "name": [
            "Diego Zaccai"
        ],
        "position": [
            "Assistant Professor, Computer Science and Engineering"
        ],
        "office_address": [
            "Dreese Laboratories",
            "2015 Neil Ave"
        ],
        "email": [
            "zaccai.1@osu.edu"
        ]
    },
    {
        "page": "82",
        "name": [],
        "position": [],
        "office_address": [],
        "email": []
    },
    {
        "page": "84",
        "name": [],
        "position": [],
        "office_address": [],
        "email": []
    },
    {
        "page": "85",
        "name": [
            "Matt Boggus"
        ],
        "position": [
            "Assistant Professor, Computer Science and Engineering"
        ],
        "office_address": [
            "Dreese Laboratories",
            "2015 Neil Ave"
        ],
        "email": [
            "boggus.2@osu.edu"
        ]
    },
    {
        "page": "86",
        "name": [
            "Paolo Bucci"
        ],
        "position": [
            "Senior Lecturer, Computer Science and Engineering"
        ],
        "office_address": [
            "672 Dreese Laboratories",
            "2015 Neil Ave"
        ],
        "email": [
            "bucci.2@osu.edu"
        ]
    },
    {
        "page": "83",
        "name": [],
        "position": [],
        "office_address": [],
        "email": []
    },
    {
        "page": "67",
        "name": [],
        "position": [],
        "office_address": [],
        "email": []
    },
    {
        "page": "87",
        "name": [
            "Hanqi Guo"
        ],
        "position": [
            "Associate Professor, Computer Science and Engineering"
        ],
        "office_address": [
            "Dreese Laboratories",
            "2015 Neil Ave"
        ],
        "email": [
            "guo.2154@osu.edu"
        ]
    },
    {
        "page": "88",
        "name": [
            "Timothy Long"
        ],
        "position": [
            "Faculty Emeritus, Computer Science and Engineering"
        ],
        "office_address": [],
        "email": [
            "long.19@osu.edu"
        ]
    },
    {
        "page": "89",
        "name": [
            "Raghu Machiraju"
        ],
        "position": [
            "Professor, Biomedical Informatics",
            "Associate Chair, Computer Science and Engineering",
            "Professor, Computer Science and Engineering",
            "Professor, Pathology"
        ],
        "office_address": [
            "Dreese Laboratories",
            "2015 Neil Ave"
        ],
        "email": [
            "machiraju.1@osu.edu"
        ]
    },
    {
        "page": "9",
        "name": [
            "Jennifer Bentley"
        ],
        "position": [
            "Senior Lecturer, Computer Science and Engineering"
        ],
        "office_address": [
            "Dreese Laboratories",
            "2015 Neil Ave"
        ],
        "email": [
            "bentley.262@osu.edu"
        ]
    },
    {
        "page": "90",
        "name": [],
        "position": [],
        "office_address": [],
        "email": []
    },
    {
        "page": "91",
        "name": [],
        "position": [],
        "office_address": [],
        "email": []
    },
    {
        "page": "92",
        "name": [],
        "position": [],
        "office_address": [],
        "email": []
    },
    {
        "page": "93",
        "name": [],
        "position": [],
        "office_address": [],
        "email": []
    },
    {
        "page": "95",
        "name": [],
        "position": [],
        "office_address": [],
        "email": []
    },
    {
        "page": "98",
        "name": [
            "Kannan Athreya"
        ],
        "position": [
            "Professor, Computer Science and Engineering"
        ],
        "office_address": [
            "Dreese Laboratories",
            "2015 Neil Ave"
        ],
        "email": [
            "athreya.14@osu.edu"
        ]
    },
    {
        "page": "97",
        "name": [
            "Anish Arora"
        ],
        "position": [
            "Professor, Computer Science and Engineering",
            "Chair, Computer Science and Engineering"
        ],
        "office_address": [
            "Dreese Laboratories",
            "2015 Neil Ave"
        ],
        "email": [
            "arora.9@osu.edu"
        ]
    }
]