[
    {
        "page": "0",
        "job_title": [
            "Financial Analyst"
        ],
        "location": [
            "Louisville, KY, US\n                    On-Site"
        ],
        "salary": [
            "direct hire"
        ],
        "employment_type": [
            "Finance"
        ]
    },
    {
        "page": "100",
        "job_title": [
            "Senior IT Systems Analyst Specialist"
        ],
        "location": [
            "Columbus, OH, US\n                    On-Site"
        ],
        "salary": [
            "$ 40.00 - 50.00 hourly"
        ],
        "employment_type": [
            "Finance"
        ]
    },
    {
        "page": "105",
        "job_title": [
            "IT Technician"
        ],
        "location": [
            "Louisville, KY, US\n                    On-Site"
        ],
        "salary": [
            "$ 20.00 - 40.00 hourly"
        ],
        "employment_type": [
            "Software, Telecommunications"
        ]
    },
    {
        "page": "106",
        "job_title": [
            "IT Technician"
        ],
        "location": [
            "Louisville, KY, US\n                    On-Site"
        ],
        "salary": [
            "$ 20.00 - 40.00 hourly"
        ],
        "employment_type": [
            "Software, Telecommunications"
        ]
    },
    {
        "page": "101",
        "job_title": [
            "IT Systems Analyst Advisor"
        ],
        "location": [
            "Columbus, OH, US\n                    On-Site"
        ],
        "salary": [
            "$ 50.00 - 60.00 hourly"
        ],
        "employment_type": [
            "Finance"
        ]
    },
    {
        "page": "107",
        "job_title": [
            "IT Technician"
        ],
        "location": [
            "Louisville, KY, US\n                    On-Site"
        ],
        "salary": [
            "$ 20.00 - 40.00 hourly"
        ],
        "employment_type": [
            "Software, Telecommunications"
        ]
    },
    {
        "page": "108",
        "job_title": [
            "Software Engineer"
        ],
        "location": [
            "Columbus, OH, US\n                    On-Site"
        ],
        "salary": [
            "$ 50.00 - 60.00 hourly"
        ],
        "employment_type": [
            "Software"
        ]
    },
    {
        "page": "110",
        "job_title": [
            "Senior Information Security Analyst"
        ],
        "location": [
            "Columbus, OH, US\n                    On-Site"
        ],
        "salary": [
            "$ 85000.00 - 105000.00 yearly"
        ],
        "employment_type": [
            "Software"
        ]
    },
    {
        "page": "113",
        "job_title": [
            "Junior Financial Analyst"
        ],
        "location": [
            "West Hartford, CT, US\n                    On-Site"
        ],
        "salary": [
            "$ 40.00 - 48.00 hourly"
        ],
        "employment_type": [
            "Construction"
        ]
    },
    {
        "page": "115",
        "job_title": [
            "Senior Workday Financials Systems Analyst"
        ],
        "location": [
            "San Juan Capistrano, CA, US\n                    Hybrid"
        ],
        "salary": [
            "$ 90000.00 - 140000.00 yearly"
        ],
        "employment_type": [
            "Healthcare Services"
        ]
    },
    {
        "page": "118",
        "job_title": [
            "Human Resource Manager"
        ],
        "location": [
            "Phoenix, AZ, US\n                    On-Site"
        ],
        "salary": [
            "$ 85000.00 - 95000.00 yearly"
        ],
        "employment_type": [
            "Manufacturing"
        ]
    },
    {
        "page": "119",
        "job_title": [
            "Sr. Client Experience Manager"
        ],
        "location": [
            "Los Angeles, CA, US\n                    On-Site"
        ],
        "salary": [
            "$ 72000.00 - 81000.00 yearly"
        ],
        "employment_type": [
            "Healthcare Services, Organizations"
        ]
    },
    {
        "page": "123",
        "job_title": [
            "Systems Administrator"
        ],
        "location": [
            "San Diego, CA, US\n                    On-Site"
        ],
        "salary": [
            "$ 45.00 - 55.00 hourly"
        ],
        "employment_type": [
            "Manufacturing"
        ]
    },
    {
        "page": "129",
        "job_title": [
            "Entry Level Accounting"
        ],
        "location": [
            "Irvine, CA, US\n                    On-Site"
        ],
        "salary": [
            "$ 23.00 - 26.00 hourly"
        ],
        "employment_type": [
            "Manufacturing"
        ]
    },
    {
        "page": "131",
        "job_title": [
            "Warehouse Manager"
        ],
        "location": [
            "Phoenix, AZ, US\n                    On-Site"
        ],
        "salary": [
            "$ 90000.00 - 110000.00 yearly"
        ],
        "employment_type": [
            "Consumer Services"
        ]
    },
    {
        "page": "135",
        "job_title": [
            "Senior Cost Accountant"
        ],
        "location": [
            "Brentwood, TN, US\n                    On-Site"
        ],
        "salary": [
            "$ 110000.00 - 120000.00 yearly"
        ],
        "employment_type": [
            "Manufacturing"
        ]
    },
    {
        "page": "136",
        "job_title": [
            "Financial Reporting Manager"
        ],
        "location": [
            "Memphis, TN, US\n                    On-Site"
        ],
        "salary": [
            "$ 125000.00 - 135000.00 yearly"
        ],
        "employment_type": [
            "Consumer Services"
        ]
    },
    {
        "page": "137",
        "job_title": [
            "Regional Accounting Manager"
        ],
        "location": [
            "Dallas, TX, US\n                    On-Site"
        ],
        "salary": [
            "$ 115000.00 - 140000.00 yearly"
        ],
        "employment_type": [
            "Manufacturing"
        ]
    },
    {
        "page": "10",
        "job_title": [
            "Front Desk Administrative Assistant"
        ],
        "location": [
            "Menlo Park, CA, US\n                    On-Site"
        ],
        "salary": [
            "$ 20.00 - 25.00 hourly"
        ],
        "employment_type": [
            "Healthcare Services"
        ]
    },
    {
        "page": "11",
        "job_title": [
            "Payroll Analyst"
        ],
        "location": [
            "Los Angeles, CA, US\n                    Hybrid"
        ],
        "salary": [
            "$ 80000.00 - 80000.00 yearly"
        ],
        "employment_type": [
            "Manufacturing"
        ]
    },
    {
        "page": "12",
        "job_title": [
            "Medical Receptionist- Cleveland Area"
        ],
        "location": [
            "Blue Ash, OH, US\n                    On-Site"
        ],
        "salary": [
            "$ 17.00 - 20.00 yearly"
        ],
        "employment_type": [
            "Hospitals & Physicians Clinics"
        ]
    },
    {
        "page": "14",
        "job_title": [
            "Customer Success Manager"
        ],
        "location": [
            "Jersey City, NJ, US\n                    On-Site"
        ],
        "salary": [
            "$ 60.00 - 70.00 hourly"
        ],
        "employment_type": [
            "Software"
        ]
    },
    {
        "page": "16",
        "job_title": [
            "Senior Azure Infrastructure Engineer"
        ],
        "location": [
            "Plano , TX, US\n                    Hybrid"
        ],
        "salary": [
            "$ 63.00 - 75.00 hourly"
        ],
        "employment_type": [
            "Manufacturing"
        ]
    },
    {
        "page": "18",
        "job_title": [
            "Payroll Analyst"
        ],
        "location": [
            "Los Angeles, CA, US\n                    On-Site"
        ],
        "salary": [
            "$ 75000.00 - 80000.00 yearly"
        ],
        "employment_type": [
            "Finance"
        ]
    },
    {
        "page": "2",
        "job_title": [
            "Staff Accountant"
        ],
        "location": [
            "New Haven, CT, US\n                    On-Site"
        ],
        "salary": [
            "$ 24.00 - 28.00 hourly"
        ],
        "employment_type": [
            "Finance"
        ]
    },
    {
        "page": "19",
        "job_title": [
            "IT Systems Analyst Advisor"
        ],
        "location": [
            "Columbus, OH, US\n                    On-Site"
        ],
        "salary": [
            "$ 50.00 - 60.00 hourly"
        ],
        "employment_type": [
            "Finance"
        ]
    },
    {
        "page": "17",
        "job_title": [
            "Service Desk Engineer"
        ],
        "location": [
            "Glastonbury, CT, US\n                    On-Site"
        ],
        "salary": [
            "$ 30.00 - 40.00 hourly"
        ],
        "employment_type": [
            "Consumer Services"
        ]
    },
    {
        "page": "20",
        "job_title": [
            "IT Systems Analyst Advisor"
        ],
        "location": [
            "Columbus, OH, US\n                    On-Site"
        ],
        "salary": [
            "$ 50.00 - 60.00 hourly"
        ],
        "employment_type": [
            "Finance"
        ]
    },
    {
        "page": "15",
        "job_title": [
            "Retail ERP Analyst"
        ],
        "location": [
            "Las Vegas, NV, US\n                    Hybrid"
        ],
        "salary": [
            "$ 30.00 - 40.00 hourly"
        ],
        "employment_type": [
            "Retail"
        ]
    },
    {
        "page": "21",
        "job_title": [
            "Part Time Contract Tax Analyst"
        ],
        "location": [
            "Boston, MA, US\n                    Hybrid"
        ],
        "salary": [
            "$ 30.00 - 33.00 hourly"
        ],
        "employment_type": [
            "Education"
        ]
    },
    {
        "page": "23",
        "job_title": [
            "Senior ForgeRock Engineer"
        ],
        "location": [
            "McLean, VA, US\n                    Remote"
        ],
        "salary": [
            "$ 1.00 - 1.00 hourly"
        ],
        "employment_type": [
            "Software"
        ]
    },
    {
        "page": "27",
        "job_title": [
            "Coupa Administrator"
        ],
        "location": [
            "Los Angeles, CA, US\n                    Hybrid"
        ],
        "salary": [
            "$ 100000.00 - 125000.00 yearly"
        ],
        "employment_type": [
            "Finance"
        ]
    },
    {
        "page": "26",
        "job_title": [
            "Junior Financial Analyst"
        ],
        "location": [
            "West Hartford, CT, US\n                    On-Site"
        ],
        "salary": [
            "$ 40.00 - 48.00 hourly"
        ],
        "employment_type": [
            "Construction"
        ]
    },
    {
        "page": "25",
        "job_title": [
            "Junior Financial Analyst"
        ],
        "location": [
            "West Hartford, CT, US\n                    On-Site"
        ],
        "salary": [
            "$ 40.00 - 48.00 hourly"
        ],
        "employment_type": [
            "Construction"
        ]
    },
    {
        "page": "3",
        "job_title": [
            "Construction Project Accountant"
        ],
        "location": [
            "Blue Ash, OH, US\n                    On-Site"
        ],
        "salary": [
            "$ 85000.00 - 95000.00 yearly"
        ],
        "employment_type": [
            "Construction"
        ]
    },
    {
        "page": "22",
        "job_title": [
            "Treasury Manager"
        ],
        "location": [
            "Columbus, OH, US\n                    On-Site"
        ],
        "salary": [
            "$ 100000.00 - 130000.00 yearly"
        ],
        "employment_type": [
            "Manufacturing"
        ]
    },
    {
        "page": "29",
        "job_title": [ 
            "Endpoint Engineer"
        ],
        "location": [
            "Dallas, TX, US\n                    Hybrid"
        ],
        "salary": [
            "$ 55.00 - 70.00 hourly"
        ],
        "employment_type": [
            "Business Services"
        ]
    },
    {
        "page": "28",
        "job_title": [
            "Sr. Azure Network Engineer"
        ],
        "location": [
            "Dallas, TX, US\n                    On-Site"
        ],
        "salary": [
            "$ 55.00 - 70.00 hourly"
        ],
        "employment_type": [
            "Business Services"
        ]
    },
    {
        "page": "30",
        "job_title": [
            "Microsoft Cybersecurity Analyst"
        ],
        "location": [
            "Dallas, TX, US\n                    Hybrid"
        ],
        "salary": [
            "$ 60.00 - 64.00 hourly"
        ],
        "employment_type": [
            "Business Services"
        ]
    },
    {
        "page": "35",
        "job_title": [
            "Staff Accountant"
        ],
        "location": [
            "Charlotte, NC, US\n                    On-Site"
        ],
        "salary": [
            "$ 50000.00 - 65000.00 yearly"
        ],
        "employment_type": [
            "Manufacturing"
        ]
    },
    {
        "page": "32",
        "job_title": [
            "IT Infrastructure Operations Engineer"
        ],
        "location": [
            "Mequon, WI, US\n                    Hybrid"
        ],
        "salary": [
            "$ 50.00 - 60.00 hourly"
        ],
        "employment_type": [
            "Business Services"
        ]
    },
    {
        "page": "36",
        "job_title": [
            "Staff Accountant"
        ],
        "location": [
            "Charlotte, NC, US\n                    On-Site"
        ],
        "salary": [
            "$ 50000.00 - 65000.00 yearly"
        ],
        "employment_type": [
            "Manufacturing"
        ]
    },
    {
        "page": "37",
        "job_title": [
            "Staff Accountant"
        ],
        "location": [
            "Charlotte, NC, US\n                    On-Site"
        ],
        "salary": [
            "$ 50000.00 - 65000.00 yearly"
        ],
        "employment_type": [
            "Manufacturing"
        ]
    },
    {
        "page": "34",
        "job_title": [
            "Entry Level Accounting"
        ],
        "location": [
            "Irvine, CA, US\n                    On-Site"
        ],
        "salary": [
            "$ 23.00 - 26.00 hourly"
        ],
        "employment_type": [
            "Manufacturing"
        ]
    },
    {
        "page": "38",
        "job_title": [
            "Manager of Internal Audit"
        ],
        "location": [
            "Memphis, TN, US\n                    On-Site"
        ],
        "salary": [
            "$ 90000.00 - 105000.00 yearly"
        ],
        "employment_type": [
            "Manufacturing"
        ]
    },
    {
        "page": "33",
        "job_title": [
            "Entry Level Accounting"
        ],
        "location": [
            "Irvine, CA, US\n                    On-Site"
        ],
        "salary": [
            "$ 23.00 - 26.00 hourly"
        ],
        "employment_type": [
            "Manufacturing"
        ]
    },
    {
        "page": "39",
        "job_title": [
            "Accounting Tax Manager"
        ],
        "location": [
            "Daytona Beach, FL, US\n                    Remote"
        ],
        "salary": [
            "$ 125000.00 yearly"
        ],
        "employment_type": [
            "Finance"
        ]
    },
    {
        "page": "40",
        "job_title": [
            "Accounting Tax Manager"
        ],
        "location": [
            "Daytona Beach, FL, US\n                    Remote"
        ],
        "salary": [
            "$ 125000.00 yearly"
        ],
        "employment_type": [
            "Finance"
        ]
    },
    {
        "page": "47",
        "job_title": [
            "VP of Marketing"
        ],
        "location": [
            "Phoenix, AZ, US\n                    On-Site"
        ],
        "salary": [
            "$ 180000.00 - 200000.00 yearly"
        ],
        "employment_type": [
            "Software"
        ]
    },
    {
        "page": "43",
        "job_title": [
            "VP of Software Development"
        ],
        "location": [
            "Scottsdale, AZ, US\n                    On-Site"
        ],
        "salary": [
            "$ 180000.00 - 225000.00 yearly"
        ],
        "employment_type": [
            "Business Services, Professional Scientific and Technical Services"
        ]
    },
    {
        "page": "4",
        "job_title": [
            "Staff Accountant"
        ],
        "location": [
            "Melbourne, FL, US\n                    On-Site"
        ],
        "salary": [
            "$ 65000.00 - 75000.00 yearly"
        ],
        "employment_type": [
            "Finance"
        ]
    },
    {
        "page": "5",
        "job_title": [
            "VP, Finance"
        ],
        "location": [
            "Palo Alto, CA, US\n                    Remote"
        ],
        "salary": [
            "$ 260000.00 - 275000.00 yearly"
        ],
        "employment_type": [
            "Software"
        ]
    },
    {
        "page": "41",
        "job_title": [
            "IS Business Risk & Control Analyst"
        ],
        "location": [
            "Columbus, OH, US\n                    On-Site"
        ],
        "salary": [
            "$ 35.00 - 40.00 hourly"
        ],
        "employment_type": [
            "Finance and Insurance"
        ]
    },
    {
        "page": "53",
        "job_title": [
            "Bookkeeper"
        ],
        "location": [
            "Lexington, KY, US\n                    On-Site"
        ],
        "salary": [
            "$ 40000.00 - 50000.00 yearly"
        ],
        "employment_type": [
            "Finance"
        ]
    },
    {
        "page": "54",
        "job_title": [
            "Accounting Manager"
        ],
        "location": [
            "Louisville, KY, US\n                    On-Site"
        ],
        "salary": [
            "direct hire"
        ],
        "employment_type": [
            "Finance"
        ]
    },
    {
        "page": "55",
        "job_title": [
            "Accounting Manager"
        ],
        "location": [
            "Louisville, KY, US\n                    On-Site"
        ],
        "salary": [
            "direct hire"
        ],
        "employment_type": [
            "Finance"
        ]
    },
    {
        "page": "63",
        "job_title": [
            "Senior Financial Analyst"
        ],
        "location": [
            "Charlotte, NC, US\n                    On-Site"
        ],
        "salary": [
            "$ 80000.00 - 100000.00 yearly"
        ],
        "employment_type": [
            "Manufacturing"
        ]
    },
    {
        "page": "64",
        "job_title": [
            "Accounts Payable Clerk"
        ],
        "location": [
            "Lexington, KY, US\n                    On-Site"
        ],
        "salary": [
            "$ 35000.00 - 45000.00 yearly"
        ],
        "employment_type": [
            "Finance"
        ]
    },
    {
        "page": "6",
        "job_title": [
            "POTS Voice Analyst, Remote"
        ],
        "location": [
            "Charlotte, NC, US\n                    On-Site"
        ],
        "salary": [
            "$ 23.00 - 23.00 hourly"
        ],
        "employment_type": [
            "Telecommunications"
        ]
    },
    {
        "page": "62",
        "job_title": [
            "Senior Financial Analyst"
        ],
        "location": [
            "Charlotte, NC, US\n                    On-Site"
        ],
        "salary": [
            "$ 80000.00 - 100000.00 yearly"
        ],
        "employment_type": [
            "Manufacturing"
        ]
    },
    {
        "page": "65",
        "job_title": [
            "Accounts Payable Clerk"
        ],
        "location": [
            "Lexington, KY, US\n                    On-Site"
        ],
        "salary": [
            "$ 35000.00 - 45000.00 yearly"
        ],
        "employment_type": [
            "Finance"
        ]
    },
    {
        "page": "56",
        "job_title": [
            "Accounting Manager"
        ],
        "location": [
            "Louisville, KY, US\n                    On-Site"
        ],
        "salary": [
            "direct hire"
        ],
        "employment_type": [
            "Finance"
        ]
    },
    {
        "page": "68",
        "job_title": [
            "Payroll Specialist"
        ],
        "location": [
            "Lexington, KY, US\n                    On-Site"
        ],
        "salary": [
            "$ 45000.00 - 50000.00 yearly"
        ],
        "employment_type": [
            "Finance"
        ]
    },
    {
        "page": "66",
        "job_title": [
            "Accounting Clerk"
        ],
        "location": [
            "Lexington, KY, US\n                    On-Site"
        ],
        "salary": [
            "$ 40000.00 - 55000.00 yearly"
        ],
        "employment_type": [
            "Finance"
        ]
    },
    {
        "page": "7",
        "job_title": [
            "Senior Financial Analyst Consultant"
        ],
        "location": [
            "Irvine, CA, US\n                    On-Site"
        ],
        "salary": [
            "$ 45.00 - 65.00 hourly"
        ],
        "employment_type": [
            "Finance"
        ]
    },
    {
        "page": "69",
        "job_title": [
            "Payroll Specialist"
        ],
        "location": [
            "Lexington, KY, US\n                    On-Site"
        ],
        "salary": [
            "$ 45000.00 - 50000.00 yearly"
        ],
        "employment_type": [
            "Finance"
        ]
    },
    {
        "page": "67",
        "job_title": [
            "Accounting Clerk"
        ],
        "location": [
            "Lexington, KY, US\n                    On-Site"
        ],
        "salary": [
            "$ 40000.00 - 55000.00 yearly"
        ],
        "employment_type": [
            "Finance"
        ]
    },
    {
        "page": "71",
        "job_title": [
            "Accounts Receivable Clerk"
        ],
        "location": [
            "Lexington, KY, US\n                    On-Site"
        ],
        "salary": [
            "$ 40000.00 - 55000.00 yearly"
        ],
        "employment_type": [
            "Finance"
        ]
    },
    {
        "page": "73",
        "job_title": [
            "Accounting Manager"
        ],
        "location": [
            "Charlotte, NC, US\n                    Hybrid"
        ],
        "salary": [
            "$ 125000.00 - 135000.00 yearly"
        ],
        "employment_type": [
            "Manufacturing"
        ]
    },
    {
        "page": "70",
        "job_title": [
            "Accounts Receivable Clerk"
        ],
        "location": [
            "Lexington, KY, US\n                    On-Site"
        ],
        "salary": [
            "$ 40000.00 - 55000.00 yearly"
        ],
        "employment_type": [
            "Finance"
        ]
    },
    {
        "page": "72",
        "job_title": [
            "Accounting Manager"
        ],
        "location": [
            "Charlotte, NC, US\n                    Hybrid"
        ],
        "salary": [
            "$ 125000.00 - 135000.00 yearly"
        ],
        "employment_type": [
            "Manufacturing"
        ]
    },
    {
        "page": "75",
        "job_title": [
            "Senior Internal Audit"
        ],
        "location": [
            "Lexington, KY, US\n                    Hybrid"
        ],
        "salary": [
            "$ 85000.00 - 95000.00 yearly"
        ],
        "employment_type": [
            "Finance"
        ]
    },
    {
        "page": "77",
        "job_title": [
            "Accounts Payable Clerk"
        ],
        "location": [
            "Lexington, KY, US\n                    On-Site"
        ],
        "salary": [
            "$ 40000.00 - 48000.00 yearly"
        ],
        "employment_type": [
            "Finance"
        ]
    },
    {
        "page": "78",
        "job_title": [
            "Accounts Payable Clerk"
        ],
        "location": [
            "Lexington, KY, US\n                    On-Site"
        ],
        "salary": [
            "$ 40000.00 - 48000.00 yearly"
        ],
        "employment_type": [
            "Finance"
        ]
    },
    {
        "page": "79",
        "job_title": [
            "Accounts Payable Clerk"
        ],
        "location": [
            "Lexington, KY, US\n                    On-Site"
        ],
        "salary": [
            "$ 40000.00 - 48000.00 yearly"
        ],
        "employment_type": [
            "Finance"
        ]
    },
    {
        "page": "74",
        "job_title": [
            "Accounting Manager"
        ],
        "location": [
            "Charlotte, NC, US\n                    Hybrid"
        ],
        "salary": [
            "$ 125000.00 - 135000.00 yearly"
        ],
        "employment_type": [
            "Manufacturing"
        ]
    },
    {
        "page": "80",
        "job_title": [
            "Senior Accountant"
        ],
        "location": [
            "Charlotte, NC, US\n                    Hybrid"
        ],
        "salary": [
            "$ 70000.00 - 110000.00 yearly"
        ],
        "employment_type": [
            "Manufacturing"
        ]
    },
    {
        "page": "81",
        "job_title": [
            "Senior Accountant"
        ],
        "location": [
            "Charlotte, NC, US\n                    On-Site"
        ],
        "salary": [
            "$ 75000.00 - 90000.00 yearly"
        ],
        "employment_type": [
            "Manufacturing"
        ]
    },
    {
        "page": "82",
        "job_title": [
            "Senior Accountant"
        ],
        "location": [
            "Charlotte, NC, US\n                    On-Site"
        ],
        "salary": [
            "$ 75000.00 - 90000.00 yearly"
        ],
        "employment_type": [
            "Manufacturing"
        ]
    },
    {
        "page": "84",
        "job_title": [
            "Join Our Talent Community"
        ],
        "location": [
            "All Locations, US"
        ],
        "salary": [
            "$ 0.00 - 0.00 yearly"
        ],
        "employment_type": [
            "Business Services"
        ]
    },
    {
        "page": "85",
        "job_title": [
            "Admin Security Specialist"
        ],
        "location": [
            "Elizabethtown, KY, US\n                    On-Site"
        ],
        "salary": [
            "$ 80000.00 - 95000.00 yearly"
        ],
        "employment_type": [
            "Business Services"
        ]
    },
    {
        "page": "76",
        "job_title": [
            "Senior Internal Audit"
        ],
        "location": [
            "Lexington, KY, US\n                    Hybrid"
        ],
        "salary": [
            "$ 85000.00 - 95000.00 yearly"
        ],
        "employment_type": [
            "Finance"
        ]
    },
    {
        "page": "83",
        "job_title": [
            "Short Contract Billing Specialist"
        ],
        "location": [
            "Lexington, KY, US\n                    On-Site"
        ],
        "salary": [
            "$ 16.00 - 18.00 hourly"
        ],
        "employment_type": [
            "Finance"
        ]
    },
    {
        "page": "8",
        "job_title": [
            "Oracle Global Order Promising Analyst"
        ],
        "location": [
            "Columbus, OH, US\n                    On-Site"
        ],
        "salary": [
            "$ 120000.00 - 170000.00 yearly"
        ],
        "employment_type": [
            "Energy - Utilities & Waste"
        ]
    },
    {
        "page": "86",
        "job_title": [
            "Admin Security Specialist"
        ],
        "location": [
            "Elizabethtown, KY, US\n                    On-Site"
        ],
        "salary": [
            "$ 80000.00 - 95000.00 yearly"
        ],
        "employment_type": [
            "Business Services"
        ]
    },
    {
        "page": "87",
        "job_title": [
            "Senior Accountant"
        ],
        "location": [
            "Charlotte, NC, US\n                    On-Site"
        ],
        "salary": [
            "$ 75000.00 - 95000.00 yearly"
        ],
        "employment_type": [
            "Business Services, Consumer Services"
        ]
    },
    {
        "page": "9",
        "job_title": [
            "Insurance Follow-up Specialist"
        ],
        "location": [
            "Cincinnati, OH, US\n                    Hybrid"
        ],
        "salary": [
            "$ 18.00 - 23.00 hourly"
        ],
        "employment_type": [
            "Hospitals & Physicians Clinics"
        ]
    },
    {
        "page": "91",
        "job_title": [
            "Business Process Architect"
        ],
        "location": [
            "San Diego, CA, US\n                    Hybrid"
        ],
        "salary": [
            "$ 75.00 - 100.00 hourly"
        ],
        "employment_type": [
            "Software"
        ]
    },
    {
        "page": "90",
        "job_title": [
            "Finance Manager"
        ],
        "location": [
            "Culver City, CA, US\n                    On-Site"
        ],
        "salary": [
            "$ 100000.00 - 125000.00 yearly"
        ],
        "employment_type": [
            "Media & Internet"
        ]
    },
    {
        "page": "92",
        "job_title": [
            "Accounting Analyst x 90K - 110K x South Bay"
        ],
        "location": [
            "Los Angeles, CA, US\n                    On-Site"
        ],
        "salary": [
            "$ 68000.00 - 113000.00 yearly"
        ],
        "employment_type": [
            "Manufacturing"
        ]
    },
    {
        "page": "88",
        "job_title": [
            "Business Systems Analyst, Retail"
        ],
        "location": [
            "Los Angeles, CA, US\n                    On-Site"
        ],
        "salary": [
            "$ 120.00 - 140.00 yearly"
        ],
        "employment_type": [
            "Retail"
        ]
    },
    {
        "page": "93",
        "job_title": [
            "Sr. Financial Data Analyst x  100K - 110K + bonus + equity x East LA"
        ],
        "location": [
            "Los Angeles, CA, US\n                    On-Site"
        ],
        "salary": [
            "$ 100000.00 - 110000.00 yearly"
        ],
        "employment_type": [
            "Energy - Utilities & Waste"
        ]
    },
    {
        "page": "89",
        "job_title": [
            "Sr. Financial Analyst - 110K - 130K + bonus - Southeast LA"
        ],
        "location": [
            "Los Angeles, CA, US\n                    On-Site"
        ],
        "salary": [
            "$ 115000.00 - 150000.00 yearly"
        ],
        "employment_type": [
            "Manufacturing"
        ]
    },
    {
        "page": "97",
        "job_title": [
            "Accounting Analyst"
        ],
        "location": [
            "Los Angeles, CA, US\n                    On-Site"
        ],
        "salary": [
            "$ 75000.00 - 85000.00 yearly"
        ],
        "employment_type": [
            "Finance"
        ]
    },
    {
        "page": "94",
        "job_title": [
            "InfoSec Analyst"
        ],
        "location": [
            "Santa Rosa, CA, US\n                    On-Site"
        ],
        "salary": [
            "$ 80000.00 - 117300.00 yearly"
        ],
        "employment_type": [
            "Finance"
        ]
    },
    {
        "page": "99",
        "job_title": [
            "Business Systems Analyst"
        ],
        "location": [
            "Richmond, VA, US\n                    On-Site"
        ],
        "salary": [
            "$ 45.00 - 50.00 hourly"
        ],
        "employment_type": [
            "Business Services"
        ]
    },
    {
        "page": "98",
        "job_title": [
            "Interim Financial Analyst"
        ],
        "location": [
            "West Hartford, CT, US\n                    On-Site"
        ],
        "salary": [
            "$ 40.00 - 48.00 hourly"
        ],
        "employment_type": [
            "Construction"
        ]
    },
    {
        "page": "95",
        "job_title": [
            "Financial Services Business Systems Analyst"
        ],
        "location": [
            "Los Angeles, CA, US\n                    On-Site"
        ],
        "salary": [
            "$ 45.00 - 60.00 hourly"
        ],
        "employment_type": [
            "Finance, Manufacturing, Retail"
        ]
    }
]