[
    {
        "page": "0",
        "title": [
            "South Of Everywhere"
        ],
        "author": [
            "Henry Wagons"
        ],
        "format": [
            "Vinyl"
        ],
        "publisher": [
            "SPUNK"
        ],
        "price": [
            "$49.99"
        ]
    },
    {
        "page": "1",
        "title": [
            "Laura Tingle Tote Bag"
        ],
        "author": [],
        "format": [
            "parliament house of cards"
        ],
        "publisher": [
            "2471713511912"
        ],
        "price": [
            "$42.99"
        ]
    },
    {
        "page": "10",
        "title": [
            "Black Mamba Boy"
        ],
        "author": [
            "Nadifa Mohamed"
        ],
        "format": [
            "Paperback"
        ],
        "publisher": [
            "HarperCollins Publishers"
        ],
        "price": [
            "$24.99"
        ]
    },
    {
        "page": "100",
        "title": [
            "Italian Folktales"
        ],
        "author": [
            "Italo Calvino"
        ],
        "format": [
            "Paperback"
        ],
        "publisher": [
            "Penguin Books Ltd"
        ],
        "price": [
            "$34.99"
        ]
    },
    {
        "page": "101",
        "title": [
            "Little Birds"
        ],
        "author": [
            "Anais Nin"
        ],
        "format": [
            "Paperback"
        ],
        "publisher": [
            "Penguin Books Ltd"
        ],
        "price": [
            "$22.99"
        ]
    },
    {
        "page": "102",
        "title": [
            "Story of the Eye"
        ],
        "author": [
            "Georges Bataille"
        ],
        "format": [
            "Paperback"
        ],
        "publisher": [
            "Penguin Books Ltd"
        ],
        "price": [
            "$27.99"
        ]
    },
    {
        "page": "103",
        "title": [
            "The Complete Cosmicomics"
        ],
        "author": [
            "Italo Calvino"
        ],
        "format": [
            "Paperback"
        ],
        "publisher": [
            "Penguin Books Ltd"
        ],
        "price": [
            "$22.99"
        ]
    },
    {
        "page": "104",
        "title": [
            "Why Read the Classics?"
        ],
        "author": [
            "Italo Calvino"
        ],
        "format": [
            "Paperback"
        ],
        "publisher": [
            "Penguin Books Ltd"
        ],
        "price": [
            "$22.99"
        ]
    },
    {
        "page": "105",
        "title": [
            "Under the Jaguar Sun"
        ],
        "author": [
            "Italo Calvino"
        ],
        "format": [
            "Paperback"
        ],
        "publisher": [
            "Penguin Books Ltd"
        ],
        "price": [
            "$22.99"
        ]
    },
    {
        "page": "107",
        "title": [
            "Numbers in the Dark"
        ],
        "author": [
            "Italo Calvino"
        ],
        "format": [
            "Paperback"
        ],
        "publisher": [
            "Penguin Books Ltd"
        ],
        "price": [
            "$22.99"
        ]
    },
    {
        "page": "109",
        "title": [
            "Collection of Sand: Essays"
        ],
        "author": [
            "Italo Calvino"
        ],
        "format": [
            "Paperback"
        ],
        "publisher": [
            "Penguin Books Ltd"
        ],
        "price": [
            "$22.99"
        ]
    },
    {
        "page": "11",
        "title": [
            "No Logo"
        ],
        "author": [
            "Naomi Klein"
        ],
        "format": [
            "Paperback"
        ],
        "publisher": [
            "HarperCollins Publishers"
        ],
        "price": [
            "$24.99"
        ]
    },
    {
        "page": "110",
        "title": [
            "Letters 1941-1985"
        ],
        "author": [
            "Italo Calvino"
        ],
        "format": [
            "Paperback"
        ],
        "publisher": [
            "Penguin Books Ltd"
        ],
        "price": [
            "$54.99"
        ]
    },
    {
        "page": "111",
        "title": [
            "All My Dangerous Friends"
        ],
        "author": [
            "Sonya Hartnett"
        ],
        "format": [
            "Paperback"
        ],
        "publisher": [
            "Penguin Books Australia"
        ],
        "price": [
            "$22.99"
        ]
    },
    {
        "page": "112",
        "title": [
            "Reached"
        ],
        "author": [
            "Ally Condie"
        ],
        "format": [
            "Paperback"
        ],
        "publisher": [
            "Penguin Random House Children's UK"
        ],
        "price": [
            "$19.99"
        ]
    },
    {
        "page": "113",
        "title": [
            "Matched Book 1: Matched"
        ],
        "author": [
            "Ally Condie"
        ],
        "format": [
            "Paperback"
        ],
        "publisher": [
            "Penguin Random House Children's UK"
        ],
        "price": [
            "$19.99"
        ]
    },
    {
        "page": "115",
        "title": [
            "Atlantia (Book 1)"
        ],
        "author": [
            "Ally Condie"
        ],
        "format": [
            "Paperback"
        ],
        "publisher": [
            "Penguin Random House Children's UK"
        ],
        "price": [
            "$29.99"
        ]
    },
    {
        "page": "116",
        "title": [
            "The Last Voyage of Poe Blythe"
        ],
        "author": [
            "Ally Condie"
        ],
        "format": [
            "Paperback"
        ],
        "publisher": [
            "Penguin Random House Children's UK"
        ],
        "price": [
            "$21.99"
        ]
    },
    {
        "page": "117",
        "title": [
            "Summerlost"
        ],
        "author": [
            "Ally Condie"
        ],
        "format": [
            "Paperback"
        ],
        "publisher": [
            "Penguin Random House Children's UK"
        ],
        "price": [
            "$21.99"
        ]
    },
    {
        "page": "118",
        "title": [
            "The Written World and the Unwritten World"
        ],
        "author": [
            "Italo Calvino"
        ],
        "format": [
            "Paperback"
        ],
        "publisher": [
            "Penguin Books Ltd"
        ],
        "price": [
            "$24.99"
        ]
    },
    {
        "page": "119",
        "title": [
            "Citizen: An American Lyric"
        ],
        "author": [
            "Claudia Rankine"
        ],
        "format": [
            "Paperback"
        ],
        "publisher": [
            "Penguin Books Ltd"
        ],
        "price": [
            "$22.99"
        ]
    },
    {
        "page": "12",
        "title": [
            "The Lorax"
        ],
        "author": [
            "Dr. Seuss"
        ],
        "format": [
            "Hardback"
        ],
        "publisher": [
            "HarperCollins Publishers"
        ],
        "price": [
            "$29.99"
        ]
    },
    {
        "page": "106",
        "title": [
            "The Path to the Spiders' Nests"
        ],
        "author": [
            "Italo Calvino"
        ],
        "format": [
            "Paperback"
        ],
        "publisher": [
            "Penguin Books Ltd"
        ],
        "price": [
            "$24.99"
        ]
    },
    {
        "page": "108",
        "title": [
            "Fantastic Tales: Visionary And Everyday"
        ],
        "author": [
            "Italo Calvino"
        ],
        "format": [
            "Paperback"
        ],
        "publisher": [
            "Penguin Books Ltd"
        ],
        "price": [
            "$35.99"
        ]
    },
    {
        "page": "114",
        "title": [
            "Crossed"
        ],
        "author": [
            "Ally Condie"
        ],
        "format": [
            "Paperback"
        ],
        "publisher": [
            "Penguin Books Ltd"
        ],
        "price": [
            "$19.99"
        ]
    },
    {
        "page": "122",
        "title": [
            "No Is Not Enough: Defeating the New Shock Politics"
        ],
        "author": [
            "Naomi Klein"
        ],
        "format": [
            "Paperback"
        ],
        "publisher": [
            "Penguin Books Ltd"
        ],
        "price": [
            "$22.99"
        ]
    },
    {
        "page": "123",
        "title": [
            "No One Is Too Small to Make a Difference"
        ],
        "author": [
            "Greta Thunberg"
        ],
        "format": [
            "Paperback"
        ],
        "publisher": [
            "Penguin Books Ltd"
        ],
        "price": [
            "$7.99"
        ]
    },
    {
        "page": "125",
        "title": [
            "The Last Tree on Easter Island"
        ],
        "author": [
            "Jared Diamond"
        ],
        "format": [
            "Paperback"
        ],
        "publisher": [
            "Penguin Books Ltd"
        ],
        "price": [
            "$9.99"
        ]
    },
    {
        "page": "121",
        "title": [
            "Reality Is Not What It Seems: The Journey to Quantum Gravity"
        ],
        "author": [
            "Carlo Rovelli"
        ],
        "format": [
            "Paperback"
        ],
        "publisher": [
            "Penguin Books Ltd"
        ],
        "price": [
            "$24.99"
        ]
    },
    {
        "page": "126",
        "title": [
            "Matched"
        ],
        "author": [
            "Ally Condie,Allyson Braithwaite Condie"
        ],
        "format": [
            "Paperback"
        ],
        "publisher": [
            "Penguin Putnam Inc"
        ],
        "price": [
            "$31.99"
        ]
    },
    {
        "page": "127",
        "title": [
            "Crossed"
        ],
        "author": [
            "Ally Condie"
        ],
        "format": [
            "Paperback"
        ],
        "publisher": [
            "Penguin Putnam Inc"
        ],
        "price": [
            "$29.99"
        ]
    },
    {
        "page": "128",
        "title": [
            "Reached"
        ],
        "author": [
            "Ally Condie"
        ],
        "format": [
            "Paperback"
        ],
        "publisher": [
            "Penguin Putnam Inc"
        ],
        "price": [
            "$31.99"
        ]
    },
    {
        "page": "129",
        "title": [
            "The Son of Summer Stars"
        ],
        "author": [
            "Meredith Ann Pierce"
        ],
        "format": [
            "Paperback"
        ],
        "publisher": [
            "Penguin Putnam Inc"
        ],
        "price": [
            "$17.99"
        ]
    },
    {
        "page": "120",
        "title": [
            "Think Again: How to Reason and Argue"
        ],
        "author": [
            "Walter Sinnott-Armstrong"
        ],
        "format": [
            "Paperback"
        ],
        "publisher": [
            "Penguin Books Ltd"
        ],
        "price": [
            "$22.99"
        ]
    },
    {
        "page": "131",
        "title": [
            "Blood Kin: A Novel"
        ],
        "author": [
            "Ceridwen Dovey"
        ],
        "format": [
            "Paperback"
        ],
        "publisher": [
            "Penguin Putnam Inc"
        ],
        "price": [
            "$54.99"
        ]
    },
    {
        "page": "132",
        "title": [
            "Everything I Never Told You: A Novel"
        ],
        "author": [
            "Celeste Ng"
        ],
        "format": [
            "Paperback"
        ],
        "publisher": [
            "Penguin Putnam Inc"
        ],
        "price": [
            "$35.99"
        ]
    },
    {
        "page": "133",
        "title": [
            "Mr Scobie's Riddle"
        ],
        "author": [
            "Elizabeth Jolley"
        ],
        "format": [
            "Paperback"
        ],
        "publisher": [
            "Penguin Books Australia"
        ],
        "price": [
            "$27.99"
        ]
    },
    {
        "page": "130",
        "title": [
            "Holding the Man film tie in"
        ],
        "author": [
            "Timothy Conigrave"
        ],
        "format": [
            "Paperback"
        ],
        "publisher": [
            "Penguin Books Australia"
        ],
        "price": [
            "$22.99"
        ]
    },
    {
        "page": "134",
        "title": [
            "Of a Boy: Popular Penguins"
        ],
        "author": [
            "Sonya Hartnett"
        ],
        "format": [
            "Paperback"
        ],
        "publisher": [
            "Penguin Books Australia"
        ],
        "price": [
            "$14.99"
        ]
    },
    {
        "page": "124",
        "title": [
            "Hot Money"
        ],
        "author": [
            "Naomi Klein"
        ],
        "format": [
            "Paperback"
        ],
        "publisher": [
            "Penguin Books Ltd"
        ],
        "price": [
            "$9.99"
        ]
    },
    {
        "page": "13",
        "title": [
            "The Well Gardened Mind"
        ],
        "author": [
            "Sue Stuart-Smith"
        ],
        "format": [
            "Paperback"
        ],
        "publisher": [
            "HarperCollins Publishers"
        ],
        "price": [
            "$24.99"
        ]
    },
    {
        "page": "136",
        "title": [
            "Pureheart"
        ],
        "author": [
            "Cassandra Golds"
        ],
        "format": [
            "Paperback"
        ],
        "publisher": [
            "Penguin Books Australia"
        ],
        "price": [
            "$22.99"
        ]
    },
    {
        "page": "137",
        "title": [
            "The Silver Donkey"
        ],
        "author": [
            "Sonya Hartnett"
        ],
        "format": [
            "Paperback"
        ],
        "publisher": [
            "Penguin Books Australia"
        ],
        "price": [
            "$19.99"
        ]
    },
    {
        "page": "139",
        "title": [
            "Specky Magee and the Best of Oz"
        ],
        "author": [
            "Felice Arena,Garry Lyon"
        ],
        "format": [
            "Paperback"
        ],
        "publisher": [
            "Penguin Books Australia"
        ],
        "price": [
            "$16.99"
        ]
    },
    {
        "page": "14",
        "title": [
            "An Ember in the Ashes (Book 1)"
        ],
        "author": [
            "Sabaa Tahir"
        ],
        "format": [
            "Paperback"
        ],
        "publisher": [
            "HarperCollins Publishers"
        ],
        "price": [
            "$19.99"
        ]
    },
    {
        "page": "140",
        "title": [
            "Sporty Kids: Tennis!"
        ],
        "author": [
            "Felice Arena"
        ],
        "format": [
            "Paperback"
        ],
        "publisher": [
            "Penguin Books Australia"
        ],
        "price": [
            "$12.99"
        ]
    },
    {
        "page": "135",
        "title": [
            "The Well"
        ],
        "author": [
            "Elizabeth Jolley"
        ],
        "format": [
            "Paperback"
        ],
        "publisher": [
            "Penguin Books Australia"
        ],
        "price": [
            "$14.99"
        ]
    },
    {
        "page": "141",
        "title": [
            "Sporty Kids: Handball!"
        ],
        "author": [
            "Felice Arena"
        ],
        "format": [
            "Paperback"
        ],
        "publisher": [
            "Penguin Books Australia"
        ],
        "price": [
            "$12.99"
        ]
    },
    {
        "page": "142",
        "title": [
            "Sporty Kids: Netball!"
        ],
        "author": [
            "Felice Arena"
        ],
        "format": [
            "Paperback"
        ],
        "publisher": [
            "Penguin Books Australia"
        ],
        "price": [
            "$12.99"
        ]
    },
    {
        "page": "144",
        "title": [
            "History Mysteries: Diamond Jack"
        ],
        "author": [
            "Mark Greenwood"
        ],
        "format": [
            "Paperback"
        ],
        "publisher": [
            "Random House Australia"
        ],
        "price": [
            "$12.99"
        ]
    },
    {
        "page": "138",
        "title": [
            "Specky Magee & the Battle of the Young Guns"
        ],
        "author": [
            "Felice Arena,Garry Lyon"
        ],
        "format": [
            "Paperback"
        ],
        "publisher": [
            "Penguin Books Australia"
        ],
        "price": [
            "$16.99"
        ]
    },
    {
        "page": "145",
        "title": [
            "History Mysteries: The Lost Explorer"
        ],
        "author": [
            "Mark Greenwood"
        ],
        "format": [
            "Paperback"
        ],
        "publisher": [
            "Random House Australia"
        ],
        "price": [
            "$12.99"
        ]
    },
    {
        "page": "146",
        "title": [
            "History Mysteries: Lasseter's Gold"
        ],
        "author": [
            "Mark Greenwood"
        ],
        "format": [
            "Paperback"
        ],
        "publisher": [
            "Random House Australia"
        ],
        "price": [
            "$12.99"
        ]
    },
    {
        "page": "147",
        "title": [
            "Come Down, Cat!"
        ],
        "author": [
            "Sonya Hartnett"
        ],
        "format": [
            "Paperback"
        ],
        "publisher": [
            "Penguin Books Australia"
        ],
        "price": [
            "$16.99"
        ]
    },
    {
        "page": "148",
        "title": [
            "The Baker IDI Blood Pressure Diet and Lifestyle Plan"
        ],
        "author": [
            "Baker Heart and Diabetes Institute"
        ],
        "format": [
            "Paperback"
        ],
        "publisher": [
            "Penguin Books Australia"
        ],
        "price": [
            "$34.99"
        ]
    },
    {
        "page": "149",
        "title": [
            "Of a Boy"
        ],
        "author": [
            "Sonya Hartnett"
        ],
        "format": [
            "Paperback"
        ],
        "publisher": [
            "Penguin Books Australia"
        ],
        "price": [
            "$22.99"
        ]
    },
    {
        "page": "15",
        "title": [
            "We Should All Be Feminists"
        ],
        "author": [
            "Chimamanda Ngozi Adichie"
        ],
        "format": [
            "Paperback"
        ],
        "publisher": [
            "HarperCollins Publishers"
        ],
        "price": [
            "$9.99"
        ]
    },
    {
        "page": "150",
        "title": [
            "Murder in Mississippi"
        ],
        "author": [
            "John Safran"
        ],
        "format": [
            "Paperback"
        ],
        "publisher": [
            "Penguin Books Australia"
        ],
        "price": [
            "$22.99"
        ]
    },
    {
        "page": "151",
        "title": [
            "You're Just Too Good To Be True"
        ],
        "author": [
            "Sofija Stefanovic"
        ],
        "format": [
            "Paperback"
        ],
        "publisher": [
            "Penguin Books Australia"
        ],
        "price": [
            "$12.99"
        ]
    },
    {
        "page": "152",
        "title": [
            "Golden Boys"
        ],
        "author": [
            "Sonya Hartnett"
        ],
        "format": [
            "Paperback"
        ],
        "publisher": [
            "Penguin Books Australia"
        ],
        "price": [
            "$22.99"
        ]
    },
    {
        "page": "153",
        "title": [
            "Forest"
        ],
        "author": [
            "Sonya Hartnett"
        ],
        "format": [
            "Paperback"
        ],
        "publisher": [
            "Penguin Books Australia"
        ],
        "price": [
            "$19.99"
        ]
    },
    {
        "page": "154",
        "title": [
            "Stripes of the Sidestep Wolf"
        ],
        "author": [
            "Sonya Hartnett"
        ],
        "format": [
            "Paperback"
        ],
        "publisher": [
            "Penguin Books Australia"
        ],
        "price": [
            "$22.99"
        ]
    },
    {
        "page": "155",
        "title": [
            "Sleeping Dogs"
        ],
        "author": [
            "Sonya Hartnett"
        ],
        "format": [
            "Paperback"
        ],
        "publisher": [
            "Penguin Books Australia"
        ],
        "price": [
            "$22.99"
        ]
    },
    {
        "page": "156",
        "title": [
            "Before You Forget"
        ],
        "author": [
            "Julia Lawrinson"
        ],
        "format": [
            "Paperback"
        ],
        "publisher": [
            "Penguin Books Australia"
        ],
        "price": [
            "$22.99"
        ]
    },
    {
        "page": "157",
        "title": [
            "Valentine"
        ],
        "author": [
            "Jodi McAlister"
        ],
        "format": [
            "Paperback"
        ],
        "publisher": [
            "Penguin Books Australia"
        ],
        "price": [
            "$19.99"
        ]
    },
    {
        "page": "158",
        "title": [
            "Cousins"
        ],
        "author": [
            "Patricia Grace"
        ],
        "format": [
            "Paperback"
        ],
        "publisher": [
            "Penguin Group (NZ)"
        ],
        "price": [
            "$24.99"
        ]
    },
    {
        "page": "160",
        "title": [
            "Hamlet is Not OK"
        ],
        "author": [
            "R.A. Spratt"
        ],
        "format": [
            "Paperback"
        ],
        "publisher": [
            "Penguin Random House Australia"
        ],
        "price": [
            "$16.99"
        ]
    },
    {
        "page": "161",
        "title": [
            "A Shadow's Breath"
        ],
        "author": [
            "Nicole Hayes"
        ],
        "format": [
            "Paperback"
        ],
        "publisher": [
            "Random House Australia"
        ],
        "price": [
            "$22.99"
        ]
    },
    {
        "page": "162",
        "title": [
            "I Am Out With Lanterns"
        ],
        "author": [
            "Emily Gale"
        ],
        "format": [
            "Paperback"
        ],
        "publisher": [
            "Random House Australia"
        ],
        "price": [
            "$19.99"
        ]
    },
    {
        "page": "163",
        "title": [
            "Loose Units"
        ],
        "author": [
            "Paul F. Verhoeven"
        ],
        "format": [
            "Paperback"
        ],
        "publisher": [
            "Random House Australia"
        ],
        "price": [
            "$34.99"
        ]
    },
    {
        "page": "164",
        "title": [
            "Stone Girl"
        ],
        "author": [
            "Eleni Hale"
        ],
        "format": [
            "Paperback"
        ],
        "publisher": [
            "Penguin Books Australia"
        ],
        "price": [
            "$19.99"
        ]
    },
    {
        "page": "143",
        "title": [
            "History Mysteries: The Last Tiger"
        ],
        "author": [
            "Mark Greenwood"
        ],
        "format": [
            "Paperback"
        ],
        "publisher": [
            "Random House Australia"
        ],
        "price": [
            "$12.99"
        ]
    },
    {
        "page": "159",
        "title": [
            "The Little Coffee Shop Of Kabul"
        ],
        "author": [
            "Deborah Rodriguez"
        ],
        "format": [
            "Paperback"
        ],
        "publisher": [
            "Penguin Books Australia"
        ],
        "price": [
            "$22.99"
        ]
    },
    {
        "page": "167",
        "title": [
            "Scar Town"
        ],
        "author": [
            "Tristan Bancks"
        ],
        "format": [
            "Paperback"
        ],
        "publisher": [
            "Penguin Books Australia"
        ],
        "price": [
            "$17.99"
        ]
    },
    {
        "page": "16",
        "title": [
            "Say Nothing: A True Story of Murder and Memory in Northern Ireland"
        ],
        "author": [
            "Patrick Radden Keefe"
        ],
        "format": [
            "Paperback"
        ],
        "publisher": [
            "HarperCollins Publishers"
        ],
        "price": [
            "$27.99"
        ]
    },
    {
        "page": "169",
        "title": [
            "Island on the Edge of the World"
        ],
        "author": [
            "Deborah Rodriguez"
        ],
        "format": [
            "Paperback"
        ],
        "publisher": [
            "Penguin Books Australia"
        ],
        "price": [
            "$22.99"
        ]
    },
    {
        "page": "165",
        "title": [
            "Out of Alice"
        ],
        "author": [
            "Kerry McGinnis"
        ],
        "format": [
            "Paperback"
        ],
        "publisher": [
            "Penguin Books Australia"
        ],
        "price": [
            "$22.99"
        ]
    },
    {
        "page": "166",
        "title": [
            "OTHER WORLDS 2: Beast World"
        ],
        "author": [
            "George Ivanoff"
        ],
        "format": [
            "Paperback"
        ],
        "publisher": [
            "Random House Australia"
        ],
        "price": [
            "$14.99"
        ]
    },
    {
        "page": "17",
        "title": [
            "A Torch Against the Night (An Ember in the Ashes, Book 2)"
        ],
        "author": [
            "Sabaa Tahir"
        ],
        "format": [
            "Paperback"
        ],
        "publisher": [
            "HarperCollins Publishers"
        ],
        "price": [
            "$19.99"
        ]
    },
    {
        "page": "168",
        "title": [
            "Misrule"
        ],
        "author": [
            "Jodi McAlister"
        ],
        "format": [
            "Paperback"
        ],
        "publisher": [
            "Penguin Books Australia"
        ],
        "price": [
            "$19.99"
        ]
    },
    {
        "page": "172",
        "title": [
            "Meet Me in Venice"
        ],
        "author": [
            "Barbara Hannay"
        ],
        "format": [
            "Paperback"
        ],
        "publisher": [
            "Penguin Books Australia"
        ],
        "price": [
            "$32.99"
        ]
    },
    {
        "page": "173",
        "title": [
            "Captive Prince (Captive Prince, Book 1)"
        ],
        "author": [
            "C.S. Pacat"
        ],
        "format": [
            "Paperback"
        ],
        "publisher": [
            "Penguin Books Australia"
        ],
        "price": [
            "$22.99"
        ]
    },
    {
        "page": "174",
        "title": [
            "Atlantia"
        ],
        "author": [
            "Ally Condie"
        ],
        "format": [
            "Paperback"
        ],
        "publisher": [
            "Penguin Putnam Inc"
        ],
        "price": [
            "$24.99"
        ]
    },
    {
        "page": "170",
        "title": [
            "The Moroccan Daughter"
        ],
        "author": [
            "Deborah Rodriguez"
        ],
        "format": [
            "Paperback"
        ],
        "publisher": [
            "Random House Australia"
        ],
        "price": [
            "$32.99"
        ]
    },
    {
        "page": "175",
        "title": [
            "The Last Voyage of Poe Blythe"
        ],
        "author": [
            "Ally Condie"
        ],
        "format": [
            "Paperback"
        ],
        "publisher": [
            "Penguin Putnam Inc"
        ],
        "price": [
            "$26.99"
        ]
    },
    {
        "page": "176",
        "title": [
            "Animal Kisses: A Touch and Feel Book"
        ],
        "author": [
            "Barney Saltzberg"
        ],
        "format": [
            "Board book"
        ],
        "publisher": [
            "Harcourt Brace International"
        ],
        "price": [
            "$19.99"
        ]
    },
    {
        "page": "171",
        "title": [
            "The Moroccan Daughter"
        ],
        "author": [
            "Deborah Rodriguez"
        ],
        "format": [
            "Paperback"
        ],
        "publisher": [
            "Random House Australia"
        ],
        "price": [
            "$22.99"
        ]
    },
    {
        "page": "178",
        "title": [
            "The Castle of Crossed Destinies"
        ],
        "author": [
            "Italo Calvino"
        ],
        "format": [
            "Paperback"
        ],
        "publisher": [
            "Mariner Books"
        ],
        "price": [
            "$41.99"
        ]
    },
    {
        "page": "179",
        "title": [
            "Italian Folktales"
        ],
        "author": [
            "Italo Calvino"
        ],
        "format": [
            "Paperback"
        ],
        "publisher": [
            "Cengage Learning, Inc"
        ],
        "price": [
            "$72.99"
        ]
    },
    {
        "page": "177",
        "title": [
            "Peekaboo Kisses"
        ],
        "author": [],
        "format": [
            "Board book"
        ],
        "publisher": [],
        "price": [
            "$23.99"
        ]
    },
    {
        "page": "180",
        "title": [
            "Marcovaldo: or the Seasons in the City"
        ],
        "author": [
            "Italo Calvino"
        ],
        "format": [
            "Paperback"
        ],
        "publisher": [
            "Harcourt Brace International"
        ],
        "price": [
            "$47.99"
        ]
    },
    {
        "page": "181",
        "title": [
            "Mr Palomar"
        ],
        "author": [
            "Italo Calvino"
        ],
        "format": [
            "Paperback"
        ],
        "publisher": [
            "Mariner Books"
        ],
        "price": [
            "$36.99"
        ]
    },
    {
        "page": "183",
        "title": [
            "Bundle: Managerial Accounting: Asia-Pacific Edition with Student  Resource Access 12 Months + Managerial Accounting: MindTap Printed Access Card 12 Months"
        ],
        "author": [
            "Maryanne M. Mowen,Don R. Hansen,Dan L Heitger,Lanita Winata,Sophia Su"
        ],
        "format": [
            "Mixed media product"
        ],
        "publisher": [
            "Cengage Learning Australia"
        ],
        "price": [
            "$184.95"
        ]
    },
    {
        "page": "185",
        "title": [
            "Very Short Introductions for Curious Young Minds: The Invisible World of Germs"
        ],
        "author": [
            "Isabel Thomas"
        ],
        "format": [
            "Paperback"
        ],
        "publisher": [
            "Oxford University Press"
        ],
        "price": [
            "$21.99"
        ]
    },
    {
        "page": "18",
        "title": [
            "The Ice Monster"
        ],
        "author": [
            "David Walliams"
        ],
        "format": [
            "Paperback"
        ],
        "publisher": [
            "HarperCollins Publishers"
        ],
        "price": [
            "$14.99"
        ]
    },
    {
        "page": "182",
        "title": [
            "The Uses of Literature: Essays"
        ],
        "author": [
            "Italo Calvino"
        ],
        "format": [
            "Paperback"
        ],
        "publisher": [
            "Mariner Books"
        ],
        "price": [
            "$52.99"
        ]
    },
    {
        "page": "186",
        "title": [
            "Timaeus and Critias"
        ],
        "author": [
            "Plato"
        ],
        "format": [
            "Paperback"
        ],
        "publisher": [
            "Oxford University Press"
        ],
        "price": [
            "$28.99"
        ]
    },
    {
        "page": "187",
        "title": [
            "God and the Land: The Metaphysics of Farming in Hesiod and Vergil. With a translation of Hesiod's Works and Days by David Grene"
        ],
        "author": [
            "Stephanie Nelson (Lecturer in the Humanities, Lecturer in the Humanities, Boston University)"
        ],
        "format": [
            "Hardback"
        ],
        "publisher": [
            "Oxford University Press Inc"
        ],
        "price": [
            "$327.99"
        ]
    },
    {
        "page": "19",
        "title": [
            "The Day The Crayons Quit"
        ],
        "author": [
            "Drew Daywalt"
        ],
        "format": [
            "Board book"
        ],
        "publisher": [
            "HarperCollins Publishers"
        ],
        "price": [
            "$16.99"
        ]
    },
    {
        "page": "189",
        "title": [
            "The Oxford Handbook of the Aztecs"
        ],
        "author": [],
        "format": [
            "Paperback"
        ],
        "publisher": [
            "Oxford University Press Inc"
        ],
        "price": [
            "$214.99"
        ]
    },
    {
        "page": "188",
        "title": [
            "God and the Land: The Metaphysics of Farming in Hesiod and Vergil"
        ],
        "author": [
            "Stephanie Nelson (Assistant Professor of Classics, Assistant Professor of Classics, Boston University),David Grene"
        ],
        "format": [
            "Paperback"
        ],
        "publisher": [
            "Oxford University Press Inc"
        ],
        "price": [
            "$62.99"
        ]
    },
    {
        "page": "191",
        "title": [
            "The Oxford Handbook of the Aztecs"
        ],
        "author": [],
        "format": [
            "Hardback"
        ],
        "publisher": [
            "Oxford University Press Inc"
        ],
        "price": [
            "$360.99"
        ]
    },
    {
        "page": "192",
        "title": [
            "Feminism Is..."
        ],
        "author": [
            "DK"
        ],
        "format": [
            "Paperback"
        ],
        "publisher": [
            "Dorling Kindersley Ltd"
        ],
        "price": [
            "$34.99"
        ]
    },
    {
        "page": "193",
        "title": [
            "Chernobyl Prayer: Voices from Chernobyl"
        ],
        "author": [
            "Svetlana Alexievich"
        ],
        "format": [
            "Paperback"
        ],
        "publisher": [
            "Penguin Books Ltd"
        ],
        "price": [
            "$22.99"
        ]
    },
    {
        "page": "194",
        "title": [
            "Six Memos for the Next Millennium"
        ],
        "author": [
            "Italo Calvino"
        ],
        "format": [
            "Paperback"
        ],
        "publisher": [
            "Penguin Books Ltd"
        ],
        "price": [
            "$22.99"
        ]
    },
    {
        "page": "195",
        "title": [
            "Utterly Amazing Earth: Packed with Pop-ups, Flaps, and Explosive Facts!"
        ],
        "author": [
            "DK"
        ],
        "format": [
            "Hardback"
        ],
        "publisher": [
            "Dorling Kindersley Ltd"
        ],
        "price": [
            "$41.99"
        ]
    },
    {
        "page": "196",
        "title": [
            "Knowledge Encyclopedia Human Body!"
        ],
        "author": [
            "DK"
        ],
        "format": [
            "Hardback"
        ],
        "publisher": [
            "Dorling Kindersley Ltd"
        ],
        "price": [
            "$54.99"
        ]
    },
    {
        "page": "2",
        "title": [
            "Readings Fiction Book Subscription (11 Months)"
        ],
        "author": [],
        "format": [
            "Paperback"
        ],
        "publisher": [
            "Readings"
        ],
        "price": [
            "$467.00"
        ]
    },
    {
        "page": "20",
        "title": [
            "Great Expeditions: 50 Journeys That Changed Our World"
        ],
        "author": [
            "Mark Steward,Alan Greenwood"
        ],
        "format": [
            "Paperback"
        ],
        "publisher": [
            "HarperCollins Publishers"
        ],
        "price": [
            "$35.99"
        ]
    },
    {
        "page": "21",
        "title": [
            "Love from the Crayons"
        ],
        "author": [
            "Drew Daywalt"
        ],
        "format": [
            "Hardback"
        ],
        "publisher": [
            "HarperCollins Publishers"
        ],
        "price": [
            "$24.99"
        ]
    },
    {
        "page": "22",
        "title": [
            "The Beast of Buckingham Palace"
        ],
        "author": [
            "David Walliams"
        ],
        "format": [
            "Paperback"
        ],
        "publisher": [
            "HarperCollins Publishers"
        ],
        "price": [
            "$14.99"
        ]
    },
    {
        "page": "23",
        "title": [
            "Green is for Christmas"
        ],
        "author": [
            "Drew Daywalt"
        ],
        "format": [
            "Hardback"
        ],
        "publisher": [
            "HarperCollins Publishers"
        ],
        "price": [
            "$18.99"
        ]
    },
    {
        "page": "24",
        "title": [
            "Green is for Christmas"
        ],
        "author": [
            "Drew Daywalt"
        ],
        "format": [
            "Hardback"
        ],
        "publisher": [
            "HarperCollins Publishers"
        ],
        "price": [
            "$24.99"
        ]
    },
    {
        "page": "25",
        "title": [
            "The Crayons' Book of Colours"
        ],
        "author": [
            "Drew Daywalt"
        ],
        "format": [
            "Board book"
        ],
        "publisher": [
            "HarperCollins Publishers"
        ],
        "price": [
            "$16.99"
        ]
    },
    {
        "page": "26",
        "title": [
            "The Crayons' Book of Numbers"
        ],
        "author": [
            "Drew Daywalt"
        ],
        "format": [
            "Board book"
        ],
        "publisher": [
            "HarperCollins Publishers"
        ],
        "price": [
            "$16.99"
        ]
    },
    {
        "page": "27",
        "title": [
            "The Crayons Trick or Treat"
        ],
        "author": [
            "Drew Daywalt"
        ],
        "format": [
            "Hardback"
        ],
        "publisher": [
            "HarperCollins Publishers"
        ],
        "price": [
            "$21.99"
        ]
    },
    {
        "page": "28",
        "title": [
            "The Crayons Trick or Treat"
        ],
        "author": [
            "Drew Daywalt"
        ],
        "format": [
            "Hardback"
        ],
        "publisher": [
            "HarperCollins Publishers"
        ],
        "price": [
            "$24.99"
        ]
    },
    {
        "page": "29",
        "title": [
            "Happy Easter from the Crayons"
        ],
        "author": [
            "Drew Daywalt"
        ],
        "format": [
            "Hardback"
        ],
        "publisher": [
            "HarperCollins Publishers"
        ],
        "price": [
            "$21.99"
        ]
    },
    {
        "page": "3",
        "title": [
            "Sometimes I Sit And Think Sometimes I Just Sit (Vinyl)"
        ],
        "author": [
            "Courtney Barnett"
        ],
        "format": [
            "Audio"
        ],
        "publisher": [],
        "price": [
            "$34.99"
        ]
    },
    {
        "page": "30",
        "title": [
            "The Crayons Go Back to School"
        ],
        "author": [
            "Drew Daywalt"
        ],
        "format": [
            "Hardback"
        ],
        "publisher": [
            "HarperCollins Publishers"
        ],
        "price": [
            "$21.99"
        ]
    },
    {
        "page": "31",
        "title": [
            "Little Monsters"
        ],
        "author": [
            "David Walliams"
        ],
        "format": [
            "Paperback"
        ],
        "publisher": [
            "HarperCollins Publishers"
        ],
        "price": [
            "$16.99"
        ]
    },
    {
        "page": "33",
        "title": [
            "The Namesake"
        ],
        "author": [
            "Jhumpa Lahiri"
        ],
        "format": [
            "Paperback"
        ],
        "publisher": [
            "HarperCollins Publishers"
        ],
        "price": [
            "$24.99"
        ]
    },
    {
        "page": "184",
        "title": [
            "Managerial Accounting: Asia-Pacific Edition with Online Study Tools 12 m onths"
        ],
        "author": [
            "Maryanne M. Mowen,Don R. Hansen,Dan L Heitger,Lanita Winata,Sophia Su"
        ],
        "format": [
            "Mixed media product"
        ],
        "publisher": [
            "Cengage Learning Australia"
        ],
        "price": [
            "$164.95"
        ]
    },
    {
        "page": "190",
        "title": [
            "The European Union and the Regions"
        ],
        "author": [],
        "format": [
            "Hardback"
        ],
        "publisher": [
            "Oxford University Press"
        ],
        "price": [
            "$341.99"
        ]
    },
    {
        "page": "34",
        "title": [
            "Super Sleuth"
        ],
        "author": [
            "David Walliams"
        ],
        "format": [
            "Paperback"
        ],
        "publisher": [
            "HarperCollins Publishers"
        ],
        "price": [
            "$22.99"
        ]
    },
    {
        "page": "32",
        "title": [
            "Turtle Moon"
        ],
        "author": [
            "Hannah Gold, Levi Pinfold (illus.)"
        ],
        "format": [
            "Paperback"
        ],
        "publisher": [
            "HarperCollins"
        ],
        "price": [
            "$17.99"
        ]
    },
    {
        "page": "35",
        "title": [
            "The Cinnamon Bun Book Store"
        ],
        "author": [
            "Laurie Gilmore"
        ],
        "format": [
            "Paperback"
        ],
        "publisher": [
            "HarperCollins Publishers"
        ],
        "price": [
            "$24.99"
        ]
    },
    {
        "page": "38",
        "title": [
            "David Walliams Annual 2025"
        ],
        "author": [
            "David Walliams"
        ],
        "format": [
            "Hardback"
        ],
        "publisher": [
            "HarperCollins Publishers"
        ],
        "price": [
            "$22.99"
        ]
    },
    {
        "page": "37",
        "title": [
            "Honeybee"
        ],
        "author": [
            "Dawn O'Porter"
        ],
        "format": [
            "Paperback"
        ],
        "publisher": [
            "HarperCollins Publishers"
        ],
        "price": [
            "$34.99"
        ]
    },
    {
        "page": "39",
        "title": [
            "Happy Mother's Day from the Crayons"
        ],
        "author": [
            "Drew Daywalt"
        ],
        "format": [
            "Hardback"
        ],
        "publisher": [
            "HarperCollins Publishers"
        ],
        "price": [
            "$24.99"
        ]
    },
    {
        "page": "4",
        "title": [
            "Tell Me How You Really Feel (Vinyl)"
        ],
        "author": [
            "Courtney Barnett"
        ],
        "format": [
            "Audio"
        ],
        "publisher": [],
        "price": [
            "$39.99"
        ]
    },
    {
        "page": "36",
        "title": [
            "A Thousand Feasts"
        ],
        "author": [
            "Nigel Slater"
        ],
        "format": [
            "Hardback"
        ],
        "publisher": [
            "HarperCollins Publishers"
        ],
        "price": []
    },
    {
        "page": "40",
        "title": [
            "The Path to the Spiders' Nests: Revised Edition"
        ],
        "author": [
            "Italo Calvino"
        ],
        "format": [
            "Paperback"
        ],
        "publisher": [
            "HarperCollins Publishers Inc"
        ],
        "price": [
            "$42.99"
        ]
    },
    {
        "page": "41",
        "title": [
            "Pilgrim at Tinker Creek"
        ],
        "author": [
            "Annie Dillard"
        ],
        "format": [
            "Paperback"
        ],
        "publisher": [
            "HarperCollins Publishers Inc"
        ],
        "price": [
            "$40.99"
        ]
    },
    {
        "page": "43",
        "title": [
            "Did God Kill Jesus?: Why the Cross is All About Love and Grace, Not Perpetuating Shame and Guilt"
        ],
        "author": [
            "Tony Jones"
        ],
        "format": [
            "Hardback"
        ],
        "publisher": [
            "HarperCollins Publishers Inc"
        ],
        "price": [
            "$60.99"
        ]
    },
    {
        "page": "45",
        "title": [
            "Positive: A Memoir"
        ],
        "author": [
            "Paige Rawl,Ali Benjamin,Jay Asher"
        ],
        "format": [
            "Hardback"
        ],
        "publisher": [
            "HarperCollins"
        ],
        "price": [
            "$42.99"
        ]
    },
    {
        "page": "46",
        "title": [
            "Queer, There, and Everywhere: 23 People Who Changed the World"
        ],
        "author": [
            "Sarah Prager"
        ],
        "format": [
            "Paperback"
        ],
        "publisher": [
            "HarperCollins Publishers Inc"
        ],
        "price": [
            "$16.99"
        ]
    },
    {
        "page": "42",
        "title": [
            "Nimona"
        ],
        "author": [
            "ND Stevenson"
        ],
        "format": [
            "Paperback"
        ],
        "publisher": [
            "HarperCollins Publishers Inc"
        ],
        "price": [
            "$27.99"
        ]
    },
    {
        "page": "44",
        "title": [
            "Did God Kill Jesus?: Searching For Love In History's Most Famous Execution"
        ],
        "author": [
            "Tony Jones"
        ],
        "format": [
            "Paperback"
        ],
        "publisher": [
            "HarperCollins Publishers Inc"
        ],
        "price": [
            "$34.99"
        ]
    },
    {
        "page": "47",
        "title": [
            "Resist: 35 Profiles of Ordinary People Who Rose Up Against Tyranny and Injustice"
        ],
        "author": [
            "Veronica Chambers"
        ],
        "format": [
            "Hardback"
        ],
        "publisher": [
            "HarperCollins Publishers Inc"
        ],
        "price": [
            "$38.99"
        ]
    },
    {
        "page": "49",
        "title": [
            "Two Steps Forward"
        ],
        "author": [
            "Graeme Simsion,Anne Buist"
        ],
        "format": [
            "Paperback"
        ],
        "publisher": [
            "HarperLuxe"
        ],
        "price": [
            "$51.99"
        ]
    },
    {
        "page": "50",
        "title": [
            "The World Between Blinks #2: Rebellion of the Lost"
        ],
        "author": [
            "Amie Kaufman,Ryan Graudin"
        ],
        "format": [
            "Hardback"
        ],
        "publisher": [
            "Quill Tree Books"
        ],
        "price": [
            "$37.99"
        ]
    },
    {
        "page": "48",
        "title": [
            "Two Steps Forward"
        ],
        "author": [
            "Graeme Simsion,Anne Buist"
        ],
        "format": [
            "Paperback"
        ],
        "publisher": [
            "William Morrow & Company"
        ],
        "price": [
            "$47.99"
        ]
    },
    {
        "page": "51",
        "title": [
            "Parachutes"
        ],
        "author": [
            "Kelly Yang"
        ],
        "format": [
            "Paperback"
        ],
        "publisher": [
            "HarperCollins Publishers Inc"
        ],
        "price": [
            "$24.99"
        ]
    },
    {
        "page": "52",
        "title": [
            "The Last Bear"
        ],
        "author": [
            "Hannah Gold"
        ],
        "format": [
            "Paperback"
        ],
        "publisher": [
            "HarperCollins"
        ],
        "price": [
            "$20.99"
        ]
    },
    {
        "page": "53",
        "title": [
            "The Lost Whale"
        ],
        "author": [
            "Hannah Gold"
        ],
        "format": [
            "Hardback"
        ],
        "publisher": [
            "HarperCollins"
        ],
        "price": [
            "$35.99"
        ]
    },
    {
        "page": "54",
        "title": [
            "The Lost Whale"
        ],
        "author": [
            "Hannah Gold"
        ],
        "format": [
            "Paperback"
        ],
        "publisher": [
            "HarperCollins Publishers Inc"
        ],
        "price": [
            "$20.99"
        ]
    },
    {
        "page": "55",
        "title": [
            "Finding Bear"
        ],
        "author": [
            "Hannah Gold"
        ],
        "format": [
            "Hardback"
        ],
        "publisher": [
            "HarperCollins Publishers Inc"
        ],
        "price": [
            "$42.99"
        ]
    },
    {
        "page": "57",
        "title": [
            "Sluggers' Car Wash"
        ],
        "author": [
            "Stuart J. Murphy"
        ],
        "format": [
            "Paperback"
        ],
        "publisher": [
            "HarperCollins Publishers Inc"
        ],
        "price": [
            "$19.99"
        ]
    },
    {
        "page": "5",
        "title": [
            "Things Take Time, Take Time (Vinyl)"
        ],
        "author": [],
        "format": [
            "Audio"
        ],
        "publisher": [],
        "price": [
            "$44.99"
        ]
    },
    {
        "page": "56",
        "title": [
            "Invisible Cities [50th Anniversary Edition]"
        ],
        "author": [
            "Italo Calvino"
        ],
        "format": [
            "Hardback"
        ],
        "publisher": [
            "HarperCollins Publishers Inc"
        ],
        "price": [
            "$58.99"
        ]
    },
    {
        "page": "58",
        "title": [
            "The Castle Of Crossed Destinies"
        ],
        "author": [
            "Italo Calvino"
        ],
        "format": [
            "Paperback"
        ],
        "publisher": [
            "Vintage"
        ],
        "price": [
            "$35.99"
        ]
    },
    {
        "page": "59",
        "title": [
            "Adam, One Afternoon"
        ],
        "author": [
            "Italo Calvino"
        ],
        "format": [
            "Paperback"
        ],
        "publisher": [
            "Vintage"
        ],
        "price": [
            "$27.99"
        ]
    },
    {
        "page": "60",
        "title": [
            "The Love of a Good Woman"
        ],
        "author": [
            "Alice Munro"
        ],
        "format": [
            "Paperback"
        ],
        "publisher": [
            "Vintage"
        ],
        "price": [
            "$27.99"
        ]
    },
    {
        "page": "62",
        "title": [
            "Invisible Cities"
        ],
        "author": [
            "Italo Calvino"
        ],
        "format": [
            "Paperback"
        ],
        "publisher": [
            "Vintage"
        ],
        "price": [
            "$22.99"
        ]
    },
    {
        "page": "64",
        "title": [
            "Our Ancestors"
        ],
        "author": [
            "Italo Calvino"
        ],
        "format": [
            "Paperback"
        ],
        "publisher": [
            "Vintage"
        ],
        "price": [
            "$22.99"
        ]
    },
    {
        "page": "6",
        "title": [
            "The Bronze Horseman"
        ],
        "author": [
            "Paullina Simons"
        ],
        "format": [
            "Paperback"
        ],
        "publisher": [
            "HarperCollins Publishers"
        ],
        "price": [
            "$22.99"
        ]
    },
    {
        "page": "65",
        "title": [
            "Mr Palomar"
        ],
        "author": [
            "Italo Calvino"
        ],
        "format": [
            "Paperback"
        ],
        "publisher": [
            "Vintage"
        ],
        "price": [
            "$27.99"
        ]
    },
    {
        "page": "67",
        "title": [
            "Platform"
        ],
        "author": [
            "Michel Houellebecq"
        ],
        "format": [
            "Paperback"
        ],
        "publisher": [
            "Vintage"
        ],
        "price": [
            "$26.99"
        ]
    },
    {
        "page": "68",
        "title": [
            "Sixty Lights"
        ],
        "author": [
            "Gail Jones"
        ],
        "format": [
            "Paperback"
        ],
        "publisher": [
            "Vintage"
        ],
        "price": [
            "$32.99"
        ]
    },
    {
        "page": "69",
        "title": [
            "Dreams of Speaking"
        ],
        "author": [
            "Gail Jones"
        ],
        "format": [
            "Paperback"
        ],
        "publisher": [
            "Vintage Publishing"
        ],
        "price": [
            "$43.99"
        ]
    },
    {
        "page": "66",
        "title": [
            "If on a Winter's Night a Traveller"
        ],
        "author": [
            "Italo Calvino"
        ],
        "format": [
            "Paperback"
        ],
        "publisher": [
            "Vintage"
        ],
        "price": [
            "$22.99"
        ]
    },
    {
        "page": "7",
        "title": [
            "The Namesake"
        ],
        "author": [
            "Jhumpa Lahiri"
        ],
        "format": [
            "Paperback"
        ],
        "publisher": [
            "HarperCollins Publishers"
        ],
        "price": [
            "$24.99"
        ]
    },
    {
        "page": "70",
        "title": [
            "Runaway"
        ],
        "author": [
            "Alice Munro"
        ],
        "format": [
            "Paperback"
        ],
        "publisher": [
            "Vintage"
        ],
        "price": [
            "$22.99"
        ]
    },
    {
        "page": "72",
        "title": [
            "The View from Castle Rock"
        ],
        "author": [
            "Alice Munro"
        ],
        "format": [
            "Paperback"
        ],
        "publisher": [
            "Vintage"
        ],
        "price": [
            "$22.99"
        ]
    },
    {
        "page": "73",
        "title": [
            "A Concise Chinese-English Dictionary for Lovers"
        ],
        "author": [
            "Xiaolu Guo"
        ],
        "format": [
            "Paperback"
        ],
        "publisher": [
            "Vintage"
        ],
        "price": [
            "$27.99"
        ]
    },
    {
        "page": "74",
        "title": [
            "Sorry"
        ],
        "author": [
            "Gail Jones"
        ],
        "format": [
            "Paperback"
        ],
        "publisher": [
            "Vintage Publishing"
        ],
        "price": [
            "$43.99"
        ]
    },
    {
        "page": "75",
        "title": [
            "Persepolis I and II (Film tie-in)"
        ],
        "author": [
            "Marjane Satrapi"
        ],
        "format": [
            "Paperback"
        ],
        "publisher": [
            "Vintage"
        ],
        "price": [
            "$22.99"
        ]
    },
    {
        "page": "76",
        "title": [
            "Too Much Happiness"
        ],
        "author": [
            "Alice Munro"
        ],
        "format": [
            "Paperback"
        ],
        "publisher": [
            "Vintage"
        ],
        "price": [
            "$22.99"
        ]
    },
    {
        "page": "77",
        "title": [
            "Maximum Ride: Manga Volume 1"
        ],
        "author": [
            "James Patterson"
        ],
        "format": [
            "Paperback"
        ],
        "publisher": [
            "Cornerstone"
        ],
        "price": [
            "$22.99"
        ]
    },
    {
        "page": "63",
        "title": [
            "The Literature Machine: Essays"
        ],
        "author": [
            "Italo Calvino"
        ],
        "format": [
            "Paperback"
        ],
        "publisher": [
            "Vintage"
        ],
        "price": [
            "$35.99"
        ]
    },
    {
        "page": "61",
        "title": [
            "Marcovaldo"
        ],
        "author": [
            "Italo Calvino"
        ],
        "format": [
            "Paperback"
        ],
        "publisher": [
            "Vintage"
        ],
        "price": [
            "$22.99"
        ]
    },
    {
        "page": "79",
        "title": [
            "The Panopticon"
        ],
        "author": [
            "Dr Jenni Fagan"
        ],
        "format": [
            "Paperback"
        ],
        "publisher": [
            "Cornerstone"
        ],
        "price": [
            "$27.99"
        ]
    },
    {
        "page": "71",
        "title": [
            "The Wife"
        ],
        "author": [
            "Meg Wolitzer"
        ],
        "format": [
            "Paperback"
        ],
        "publisher": [
            "Vintage"
        ],
        "price": [
            "$27.99"
        ]
    },
    {
        "page": "8",
        "title": [
            "Tender: Volume I, a Cook and His Vegetable Patch"
        ],
        "author": [
            "Nigel Slater"
        ],
        "format": [
            "Hardback"
        ],
        "publisher": [
            "HarperCollins Publishers"
        ],
        "price": [
            "$49.99"
        ]
    },
    {
        "page": "78",
        "title": [
            "The Uncoupling"
        ],
        "author": [
            "Meg Wolitzer"
        ],
        "format": [
            "Paperback"
        ],
        "publisher": [
            "Vintage"
        ],
        "price": [
            "$24.99"
        ]
    },
    {
        "page": "80",
        "title": [
            "Fifty Shades of Grey: The #1 Sunday Times bestseller"
        ],
        "author": [
            "E. L. James"
        ],
        "format": [
            "Paperback"
        ],
        "publisher": [
            "Cornerstone"
        ],
        "price": [
            "$22.99"
        ]
    },
    {
        "page": "81",
        "title": [
            "We Need New Names"
        ],
        "author": [
            "NoViolet Bulawayo"
        ],
        "format": [
            "Paperback"
        ],
        "publisher": [
            "Vintage Publishing"
        ],
        "price": [
            "$27.99"
        ]
    },
    {
        "page": "82",
        "title": [
            "The Bloody Chamber and Other Stories"
        ],
        "author": [
            "Angela Carter"
        ],
        "format": [
            "Paperback"
        ],
        "publisher": [
            "Vintage"
        ],
        "price": [
            "$14.99"
        ]
    },
    {
        "page": "83",
        "title": [
            "Young Skins"
        ],
        "author": [
            "Colin Barrett"
        ],
        "format": [
            "Paperback"
        ],
        "publisher": [
            "Vintage Publishing"
        ],
        "price": [
            "$27.99"
        ]
    },
    {
        "page": "84",
        "title": [
            "The Passion"
        ],
        "author": [
            "Jeanette Winterson"
        ],
        "format": [
            "Paperback"
        ],
        "publisher": [
            "Vintage Publishing"
        ],
        "price": [
            "$22.99"
        ]
    },
    {
        "page": "86",
        "title": [
            "Fairy Tales"
        ],
        "author": [
            "Hans Christian Andersen"
        ],
        "format": [
            "Paperback"
        ],
        "publisher": [
            "Penguin Books Ltd"
        ],
        "price": [
            "$22.99"
        ]
    },
    {
        "page": "87",
        "title": [
            "Timaeus and Critias"
        ],
        "author": [
            "Plato"
        ],
        "format": [
            "Paperback"
        ],
        "publisher": [
            "Penguin Books Ltd"
        ],
        "price": [
            "$22.99"
        ]
    },
    {
        "page": "88",
        "title": [
            "The Complete MAUS"
        ],
        "author": [
            "Art Spiegelman"
        ],
        "format": [
            "Paperback"
        ],
        "publisher": [
            "Penguin Books Ltd"
        ],
        "price": [
            "$36.99"
        ]
    },
    {
        "page": "89",
        "title": [
            "On the Shoulders of Giants: The Great Works of Physics and Astronomy"
        ],
        "author": [
            "Stephen Hawking"
        ],
        "format": [
            "Paperback"
        ],
        "publisher": [
            "Penguin Books Ltd"
        ],
        "price": [
            "$60.99"
        ]
    },
    {
        "page": "91",
        "title": [
            "The Shock Doctrine: The Rise of Disaster Capitalism"
        ],
        "author": [
            "Naomi Klein"
        ],
        "format": [
            "Paperback"
        ],
        "publisher": [
            "Penguin Books Ltd"
        ],
        "price": [
            "$26.99"
        ]
    },
    {
        "page": "85",
        "title": [
            "The Catcher in the Rye"
        ],
        "author": [
            "J. D. Salinger"
        ],
        "format": [
            "Paperback"
        ],
        "publisher": [
            "Penguin Books Ltd"
        ],
        "price": [
            "$22.99"
        ]
    },
    {
        "page": "9",
        "title": [
            "The Boy in the Dress"
        ],
        "author": [
            "David Walliams"
        ],
        "format": [
            "Paperback"
        ],
        "publisher": [
            "HarperCollins Publishers"
        ],
        "price": [
            "$14.99"
        ]
    },
    {
        "page": "90",
        "title": [
            "Lolita"
        ],
        "author": [
            "Vladimir Nabokov"
        ],
        "format": [
            "Paperback"
        ],
        "publisher": [
            "Penguin Books Ltd"
        ],
        "price": [
            "$22.99"
        ]
    },
    {
        "page": "92",
        "title": [
            "Waterline"
        ],
        "author": [
            "Ross Raisin"
        ],
        "format": [
            "Paperback"
        ],
        "publisher": [
            "Penguin Books Ltd"
        ],
        "price": [
            "$43.99"
        ]
    },
    {
        "page": "94",
        "title": [
            "Pride and Prejudice"
        ],
        "author": [
            "Jane Austen"
        ],
        "format": [
            "Hardback"
        ],
        "publisher": [
            "Penguin Books Ltd"
        ],
        "price": [
            "$35.00"
        ]
    },
    {
        "page": "93",
        "title": [
            "Going Solo: Popular Penguins"
        ],
        "author": [
            "Roald Dahl"
        ],
        "format": [
            "Paperback"
        ],
        "publisher": [
            "Penguin Books Ltd"
        ],
        "price": [
            "$14.99"
        ]
    },
    {
        "page": "95",
        "title": [
            "Butterfly"
        ],
        "author": [
            "Sonya Hartnett"
        ],
        "format": [
            "Paperback"
        ],
        "publisher": [
            "Penguin Books Ltd"
        ],
        "price": [
            "$43.99"
        ]
    },
    {
        "page": "96",
        "title": [
            "Junky"
        ],
        "author": [
            "William S. Burroughs"
        ],
        "format": [
            "Paperback"
        ],
        "publisher": [
            "Penguin Books Ltd"
        ],
        "price": [
            "$14.99"
        ]
    },
    {
        "page": "98",
        "title": [
            "Lost Empire: FARGO Adventures #2"
        ],
        "author": [
            "Clive Cussler,Grant Blackwood"
        ],
        "format": [
            "Paperback"
        ],
        "publisher": [
            "Penguin Books Ltd"
        ],
        "price": [
            "$32.99"
        ]
    },
    {
        "page": "99",
        "title": [
            "First Love and Other Novellas"
        ],
        "author": [
            "Samuel Beckett"
        ],
        "format": [
            "Paperback"
        ],
        "publisher": [
            "Penguin Books Ltd"
        ],
        "price": [
            "$24.99"
        ]
    },
    {
        "page": "97",
        "title": [
            "Regeneration"
        ],
        "author": [
            "Pat Barker"
        ],
        "format": [
            "Paperback"
        ],
        "publisher": [
            "Penguin Books Ltd"
        ],
        "price": [
            "$14.99"
        ]
    }
]