[
    {
        "page": "0",
        "title": [
            "40 Ways to Inject Creativity into Your Classroom with Adobe Spark"
        ],
        "author": [
            "Ben Forta",
            "Monica Burns"
        ],
        "format": [
            "Paperback"
        ],
        "isbn": [
            "9781733481410"
        ],
        "publication_date": [
            "01-09-2017"
        ],
        "category": [
            "Education"
        ]
    },
    {
        "page": "1",
        "title": [
            "A Bear Called Blue"
        ],
        "author": [
            "Frances Stickley",
            "Lucy Fleming"
        ],
        "format": [
            "Paperback"
        ],
        "isbn": [
            "9781839131530"
        ],
        "publication_date": [
            "02-07-2024"
        ],
        "category": [
            "Picture books",
            "Picture storybooks"
        ]
    },
    {
        "page": "10",
        "title": [
            "A Hero's Hope"
        ],
        "author": [
            "Alex Williams",
            "Rachel Le Mesurier"
        ],
        "format": [
            "Hardback"
        ],
        "isbn": [
            "9781990158636"
        ],
        "publication_date": [
            "12-07-2022"
        ],
        "category": [
            "Historical Fiction"
        ]
    },
    {
        "page": "101",
        "title": [
            "Breath of a Ghost"
        ],
        "author": [
            "Anita Horrocks"
        ],
        "format": [
            "Paperback"
        ],
        "isbn": [
            "9780773674530"
        ],
        "publication_date": [
            "01-08-1996"
        ],
        "category": [
            "General fiction (Children's / Teenage)"
        ]
    },
    {
        "page": "100",
        "title": [
            "Break"
        ],
        "author": [
            "Kayla Miller"
        ],
        "format": [
            "Paperback"
        ],
        "isbn": [
            "9781760655198"
        ],
        "publication_date": [
            "05-03-2024"
        ],
        "category": [
            "Comic strip fiction / graphic novels (Children's / Teenage)"
        ]
    },
    {
        "page": "102",
        "title": [
            "Britannica's 5-Minute Really True Stories for Family Time"
        ],
        "author": [
            "Britannica Group"
        ],
        "format": [
            "Hardback"
        ],
        "isbn": [
            "9781913750374"
        ],
        "publication_date": [
            "30-11-2021"
        ],
        "category": [
            "Natural history (Childrens/Teenage)",
            "General knowledge & trivia (Children's / Teenage)"
        ]
    },
    {
        "page": "104",
        "title": [
            "Broken"
        ],
        "author": [
            "Marianne Curley"
        ],
        "format": [
            "Paperback"
        ],
        "isbn": [
            "9781408822616"
        ],
        "publication_date": [
            "13-03-2014"
        ],
        "category": [
            "Fantasy romance (Teenage)",
            "Fantasy & magical realism (Children's / Teenage)"
        ]
    },
    {
        "page": "105",
        "title": [
            "Bruno"
        ],
        "author": [
            "Nicolas Hubesch",
            "Catharina Valckx"
        ],
        "format": [
            "+ years old",
            "Paperback"
        ],
        "isbn": [
            "9781776571253"
        ],
        "publication_date": [
            "Paperback"
        ],
        "category": [
            "General fiction (Children's / Teenage)",
            "Picture books"
        ]
    },
    {
        "page": "107",
        "title": [
            "Burn: The Rephaim Book Four"
        ],
        "author": [
            "Paula Weston"
        ],
        "format": [
            "Paperback"
        ],
        "isbn": [
            "9781925240078"
        ],
        "publication_date": [
            "24-06-2015"
        ],
        "category": [
            "General fiction (Children's / Teenage)",
            "Fantasy romance (Teenage)"
        ]
    },
    {
        "page": "106",
        "title": [
            "Bullshit Jobs"
        ],
        "author": [
            "David Graeber"
        ],
        "format": [
            "Paperback"
        ],
        "isbn": [
            "9780141983479"
        ],
        "publication_date": [
            "19-02-2019"
        ],
        "category": [
            "Business & management",
            "Advice on careers & achieving success"
        ]
    },
    {
        "page": "108",
        "title": [
            "Burning Sunlight"
        ],
        "author": [
            "Anthea Simmons"
        ],
        "format": [
            "Paperback"
        ],
        "isbn": [
            "9781839130441"
        ],
        "publication_date": [
            "07-04-2021"
        ],
        "category": [
            "School stories (Children's / Teenage)",
            "The environment"
        ]
    },
    {
        "page": "11",
        "title": [
            "A Hero's Hope"
        ],
        "author": [
            "Alex Williams",
            "Rachel Le Mesurier"
        ],
        "format": [
            "Paperback"
        ],
        "isbn": [
            "9781990158674"
        ],
        "publication_date": [
            "12-07-2022"
        ],
        "category": [
            "Historical Fiction"
        ]
    },
    {
        "page": "109",
        "title": [
            "Camp"
        ],
        "author": [
            "Kayla Miller"
        ],
        "format": [
            "Paperback"
        ],
        "isbn": [
            "9781760654924"
        ],
        "publication_date": [
            "04-01-2022"
        ],
        "category": [
            "Comic strip fiction / graphic novels (Children's / Teenage)"
        ]
    },
    {
        "page": "110",
        "title": [
            "Can We Save the Tiger?"
        ],
        "author": [
            "Vicky White",
            "Martin Jenkins"
        ],
        "format": [
            "+ years old",
            "Paperback"
        ],
        "isbn": [
            "9781406356380"
        ],
        "publication_date": [
            "Paperback"
        ],
        "category": [
            "Natural history (Childrens/Teenage)"
        ]
    },
    {
        "page": "111",
        "title": [
            "Captain Cal 4: Captain Cal & the Great Space Race"
        ],
        "author": [
            "Jan Dallimore",
            "Richard Morden"
        ],
        "format": [
            "Paperback"
        ],
        "isbn": [
            "9781921167843"
        ],
        "publication_date": [
            "01-08-2007"
        ],
        "category": [
            "Science fiction (Children's / Teenage)"
        ]
    },
    {
        "page": "103",
        "title": [
            "Britannica's Word of the Day"
        ],
        "author": [
            "Patrick and Renee Kelly",
            "Sue Macy"
        ],
        "format": [
            "Hardback"
        ],
        "isbn": [
            "9781913750350"
        ],
        "publication_date": [
            "05-07-2022"
        ],
        "category": [
            "Educational: English language & literacy",
            "General knowledge & trivia (Children's / Teenage)"
        ]
    },
    {
        "page": "114",
        "title": [
            "Cassandra: Animal Psychic : Cassandra Steps Out"
        ],
        "author": [
            "H\u00e9l\u00e8ne Canac",
            "Isabelle Bottier"
        ],
        "format": [
            "+ years old",
            "Hardback"
        ],
        "isbn": [
            "9781541543973"
        ],
        "publication_date": [
            "Hardback"
        ],
        "category": [
            "General fiction (Children's / Teenage)"
        ]
    },
    {
        "page": "115",
        "title": [
            "Cat Paws"
        ],
        "author": [
            "PIE International Staff"
        ],
        "format": [
            "Hardback"
        ],
        "isbn": [
            "9784756250810"
        ],
        "publication_date": [
            "01-10-2018"
        ],
        "category": [
            "Humour"
        ]
    },
    {
        "page": "113",
        "title": [
            "Capturing the Essence"
        ],
        "author": [
            "William T. Cooper"
        ],
        "format": [
            "Hardback"
        ],
        "isbn": [
            "9781486318612"
        ],
        "publication_date": [
            "03-06-2024"
        ],
        "category": [
            "Art treatments & subjects",
            "Art techniques & principles"
        ]
    },
    {
        "page": "112",
        "title": [
            "Captain Cook and the Endeavour"
        ],
        "author": [
            "Mike Lefroy"
        ],
        "format": [
            "Paperback"
        ],
        "isbn": [
            "9781742031286"
        ],
        "publication_date": [
            "01-05-2010"
        ],
        "category": [
            "Science & technology: general interest (Children's / Teenage)",
            "Transport (Children's / Teenage)"
        ]
    },
    {
        "page": "116",
        "title": [
            "Catch a Falling Star"
        ],
        "author": [
            "Meg McKinlay"
        ],
        "format": [
            "Paperback"
        ],
        "isbn": [
            "9781925381207"
        ],
        "publication_date": [
            "01-03-2019"
        ],
        "category": [
            "General fiction (Children's / Teenage)"
        ]
    },
    {
        "page": "117",
        "title": [
            "Caves of Challenge"
        ],
        "author": [
            "Jennakay Francis"
        ],
        "format": [
            "Paperback"
        ],
        "isbn": [
            "9798201509101"
        ],
        "publication_date": [
            "16-04-2022"
        ],
        "category": [
            "Fantasy & magical realism (Children's / Teenage)"
        ]
    },
    {
        "page": "118",
        "title": [
            "Cell Phones and Smartphones"
        ],
        "author": [
            "Ceej Rowland",
            "Blake Hoena"
        ],
        "format": [
            "Paperback"
        ],
        "isbn": [
            "9781728420172"
        ],
        "publication_date": [
            "03-08-2021"
        ],
        "category": [
            "Educational: Technology",
            "Educational: IT & computing"
        ]
    },
    {
        "page": "119",
        "title": [
            "Chain of Gold"
        ],
        "author": [
            "Cassandra Clare"
        ],
        "format": [
            "Paperback"
        ],
        "isbn": [
            "9781406390988"
        ],
        "publication_date": [
            "03-02-2021"
        ],
        "category": [
            "Fantasy romance (Teenage)",
            "Fantasy & magical realism (Children's / Teenage)"
        ]
    },
    {
        "page": "12",
        "title": [
            "A is for Australian Animals"
        ],
        "author": [
            "Frane Lessac"
        ],
        "format": [
            "Hardback"
        ],
        "isbn": [
            "9781925381009"
        ],
        "publication_date": [
            "01-08-2017"
        ],
        "category": [
            "Wildlife (Children's / Teenage)",
            "Natural history (Childrens/Teenage)"
        ]
    },
    {
        "page": "120",
        "title": [
            "Chain of Iron"
        ],
        "author": [
            "Cassandra Clare"
        ],
        "format": [
            "Paperback"
        ],
        "isbn": [
            "9781529500776"
        ],
        "publication_date": [
            "02-03-2021"
        ],
        "category": [
            "Romance & relationships stories (Children's / Teenage)",
            "Fantasy & magical realism (Children's / Teenage)"
        ]
    },
    {
        "page": "121",
        "title": [
            "Cherished Encounter"
        ],
        "author": [
            "Crystal Mary Lindsey"
        ],
        "format": [
            "Paperback"
        ],
        "isbn": [
            "9780648322559"
        ],
        "publication_date": [
            "30-06-2018"
        ],
        "category": [
            "Fantasy",
            "Religious & spiritual fiction"
        ]
    },
    {
        "page": "123",
        "title": [
            "Child of Ascendants"
        ],
        "author": [
            "Will Greenway"
        ],
        "format": [
            "Paperback"
        ],
        "isbn": [
            "9798215366943"
        ],
        "publication_date": [
            "30-12-2022"
        ],
        "category": [
            "Fantasy"
        ]
    },
    {
        "page": "122",
        "title": [
            "Chicagoland Book 1: The Drained Brains Caper"
        ],
        "author": [
            "Robbins Trina",
            "Page Tyler"
        ],
        "format": [
            "Paperback"
        ],
        "isbn": [
            "9780761356356"
        ],
        "publication_date": [
            "01-08-2010"
        ],
        "category": [
            "Comic strip fiction / graphic novels (Children's / Teenage)"
        ]
    },
    {
        "page": "125",
        "title": [
            "Choosing Crumble"
        ],
        "author": [
            "Tony Ross",
            "Michael Rosen"
        ],
        "format": [
            "Paperback"
        ],
        "isbn": [
            "9781849395281"
        ],
        "publication_date": [
            "02-01-2014"
        ],
        "category": [
            "General fiction (Children's / Teenage)"
        ]
    },
    {
        "page": "124",
        "title": [
            "Chook Doolan: The Newest Pet"
        ],
        "author": [
            "Lucinda Gifford",
            "James Roy"
        ],
        "format": [
            "+ years old",
            "Paperback"
        ],
        "isbn": [
            "9781922244949"
        ],
        "publication_date": [
            "Paperback"
        ],
        "category": [
            "General fiction (Children's / Teenage)"
        ]
    },
    {
        "page": "128",
        "title": [
            "Circle of Flight: the Ellie Chronicles 3"
        ],
        "author": [
            "John Marsden"
        ],
        "format": [
            "Paperback"
        ],
        "isbn": [
            "9780330404389"
        ],
        "publication_date": [
            "01-12-2010"
        ],
        "category": [
            "General fiction (Children's / Teenage)"
        ]
    },
    {
        "page": "129",
        "title": [
            "City of Ashes"
        ],
        "author": [
            "Cassandra Clare"
        ],
        "format": [
            "Hardback"
        ],
        "isbn": [
            "9781529514162"
        ],
        "publication_date": [
            "29-08-2023"
        ],
        "category": [
            "Uncategorized"
        ]
    },
    {
        "page": "126",
        "title": [
            "Chris Haughton's Little Library"
        ],
        "author": [
            "Chris Haughton"
        ],
        "format": [
            "+ years old",
            "Mixed media product"
        ],
        "isbn": [
            "9781529512052"
        ],
        "publication_date": [
            "Mixed media product"
        ],
        "category": [
            "Picture books",
            "Picture storybooks"
        ]
    },
    {
        "page": "130",
        "title": [
            "Clarkesworld Year Nine"
        ],
        "author": [
            "Sean Wallace",
            "Neil Clarke"
        ],
        "format": [
            "Paperback"
        ],
        "isbn": [
            "9781890464967"
        ],
        "publication_date": [
            "23-03-2018"
        ],
        "category": [
            "Anthologies (non-poetry)",
            "Science fiction"
        ]
    },
    {
        "page": "127",
        "title": [
            "Circle"
        ],
        "author": [
            "Jeannie Baker"
        ],
        "format": [
            "Paperback"
        ],
        "isbn": [
            "9781406382907"
        ],
        "publication_date": [
            "01-05-2020"
        ],
        "category": [
            "Educational: Sciences",
            "Wildlife (Children's / Teenage)"
        ]
    },
    {
        "page": "132",
        "title": [
            "Clemency"
        ],
        "author": [
            "Charles G Turner, III"
        ],
        "format": [
            "Paperback"
        ],
        "isbn": [
            "9781458203588"
        ],
        "publication_date": [
            "22-05-2012"
        ],
        "category": [
            "Adventure"
        ]
    },
    {
        "page": "13",
        "title": [
            "A Journey Through Greek Myths"
        ],
        "author": [
            "Sander Berg",
            "Marchella Ward"
        ],
        "format": [
            "Hardback"
        ],
        "isbn": [
            "9781911171577"
        ],
        "publication_date": [
            "06-10-2020"
        ],
        "category": [
            "Historical fiction (Children's / Teenage)"
        ]
    },
    {
        "page": "131",
        "title": [
            "Clash"
        ],
        "author": [
            "Kayla Miller"
        ],
        "format": [
            "Paperback"
        ],
        "isbn": [
            "9781760655174"
        ],
        "publication_date": [
            "04-10-2022"
        ],
        "category": [
            "Comic strip fiction / graphic novels (Children's / Teenage)"
        ]
    },
    {
        "page": "136",
        "title": [
            "Coding Camp Chaos"
        ],
        "author": [
            "Jong-Hyun Hong",
            "Friend Podoal"
        ],
        "format": [
            "Paperback"
        ],
        "isbn": [
            "9798765623442"
        ],
        "publication_date": [
            "02-07-2024"
        ],
        "category": [
            "Comic strip fiction / graphic novels (Children's / Teenage)"
        ]
    },
    {
        "page": "133",
        "title": [
            "Click"
        ],
        "author": [
            "Kayla Miller"
        ],
        "format": [
            "Paperback"
        ],
        "isbn": [
            "9781760654870"
        ],
        "publication_date": [
            "18-10-2021"
        ],
        "category": [
            "Comic strip fiction / graphic novels (Children's / Teenage)"
        ]
    },
    {
        "page": "137",
        "title": [
            "Collaborating with the Enemy"
        ],
        "author": [
            "Adam Kahane"
        ],
        "format": [
            "Paperback"
        ],
        "isbn": [
            "9781626568228"
        ],
        "publication_date": [
            "05-06-2017"
        ],
        "category": [
            "Business & management",
            "Office systems & equipment"
        ]
    },
    {
        "page": "138",
        "title": [
            "Concrete Rose"
        ],
        "author": [
            "Angie Thomas"
        ],
        "format": [
            "Paperback"
        ],
        "isbn": [
            "9781406384444"
        ],
        "publication_date": [
            "20-01-2021"
        ],
        "category": [
            "General fiction (Children's / Teenage)",
            "Crime & Mystery"
        ]
    },
    {
        "page": "135",
        "title": [
            "Cockington Green Gardens"
        ],
        "author": [
            "John Miller",
            "Isla Paterson"
        ],
        "format": [
            "Hardback"
        ],
        "isbn": [
            "9781922603623"
        ],
        "publication_date": [
            "01-07-2024"
        ],
        "category": [
            "Encyclopaedias & reference works",
            "Reference works"
        ]
    },
    {
        "page": "134",
        "title": [
            "Cloudwish"
        ],
        "author": [
            "Fiona Wood"
        ],
        "format": [
            "25-08-2015"
        ],
        "isbn": [
            "9781743533123"
        ],
        "publication_date": [
            "Pan Macmillan Australia"
        ],
        "category": [
            "General fiction (Children's / Teenage)"
        ]
    },
    {
        "page": "139",
        "title": [
            "Conquest"
        ],
        "author": [
            "Max Overton"
        ],
        "format": [
            "Paperback"
        ],
        "isbn": [
            "9798201486716"
        ],
        "publication_date": [
            "22-07-2022"
        ],
        "category": [
            "Historical Fiction"
        ]
    },
    {
        "page": "14",
        "title": [
            "A Knot in Time"
        ],
        "author": [
            "Will Greenway"
        ],
        "format": [
            "Paperback"
        ],
        "isbn": [
            "9798215906521"
        ],
        "publication_date": [
            "30-12-2022"
        ],
        "category": [
            "Fantasy"
        ]
    },
    {
        "page": "142",
        "title": [
            "Conservation Collection AU - Critically Endangered"
        ],
        "author": [
            "Hannah Rowland"
        ],
        "format": [
            "Paperback"
        ],
        "isbn": [
            "9781922912893"
        ],
        "publication_date": [
            "18-05-2023"
        ],
        "category": [
            "Natural history"
        ]
    },
    {
        "page": "141",
        "title": [
            "Conservation Collection AU - Critically Endangered"
        ],
        "author": [
            "Sophie Corso",
            "Hannah Rowland"
        ],
        "format": [
            "Paperback"
        ],
        "isbn": [
            "9781922628664"
        ],
        "publication_date": [
            "06-09-2021"
        ],
        "category": [
            "Natural history"
        ]
    },
    {
        "page": "143",
        "title": [
            "Convergence Problems"
        ],
        "author": [
            "Wole Talabi"
        ],
        "format": [
            "Hardback"
        ],
        "isbn": [
            "9780756418830"
        ],
        "publication_date": [
            "13-02-2024"
        ],
        "category": [
            "Short stories"
        ]
    },
    {
        "page": "144",
        "title": [
            "Cooking Up a Storm"
        ],
        "author": [
            "Sam Stern",
            "Susan Stern"
        ],
        "format": [
            "Paperback"
        ],
        "isbn": [
            "9781406352979"
        ],
        "publication_date": [
            "06-02-2014"
        ],
        "category": [
            "Practical interests (Children's / Teenage)",
            "Cooking & food (Children's / Teenage)"
        ]
    },
    {
        "page": "140",
        "title": [
            "Conservation Collection AU - Critically Endangered"
        ],
        "author": [
            "Sophie Corso",
            "Hannah Rowland"
        ],
        "format": [
            "+ years old",
            "Paperback"
        ],
        "isbn": [
            "9781922368706"
        ],
        "publication_date": [
            "Paperback"
        ],
        "category": [
            "Natural history"
        ]
    },
    {
        "page": "148",
        "title": [
            "Cracking the Code"
        ],
        "author": [
            "Sally Damiani",
            "Stephen Damiani"
        ],
        "format": [
            "Paperback"
        ],
        "isbn": [
            "9780857984661"
        ],
        "publication_date": [
            "01-04-2015"
        ],
        "category": [
            "Sociology & anthropology",
            "Sociology: family & relationships"
        ]
    },
    {
        "page": "145",
        "title": [
            "Cool Green: Amazing, Remarkable Trees"
        ],
        "author": [
            "Lulu Delacre"
        ],
        "format": [
            "Hardback"
        ],
        "isbn": [
            "9781536220407"
        ],
        "publication_date": [
            "07-03-2023"
        ],
        "category": [
            "Natural history (Childrens/Teenage)"
        ]
    },
    {
        "page": "146",
        "title": [
            "Cornelius"
        ],
        "author": [
            "Leo Lionni"
        ],
        "format": [
            "Paperback"
        ],
        "isbn": [
            "9780679860402"
        ],
        "publication_date": [
            "15-11-2012"
        ],
        "category": [
            "Animal stories (Children's / Teenage)",
            "Picture books"
        ]
    },
    {
        "page": "147",
        "title": [
            "Courting Darkness"
        ],
        "author": [
            "Robin LaFevers"
        ],
        "format": [
            "Paperback"
        ],
        "isbn": [
            "9781783448265"
        ],
        "publication_date": [
            "21-02-2019"
        ],
        "category": [
            "Fantasy romance (Teenage)",
            "Fantasy & magical realism (Children's / Teenage)"
        ]
    },
    {
        "page": "15",
        "title": [
            "A Library Book for Bear"
        ],
        "author": [
            "Bonny Becker",
            "Kady MacDonald Denton"
        ],
        "format": [
            "Paperback"
        ],
        "isbn": [
            "9781536217872"
        ],
        "publication_date": [
            "10-08-2021"
        ],
        "category": [
            "Personal & social issues (Children's / Teenage)"
        ]
    },
    {
        "page": "150",
        "title": [
            "Crinkly Book of Aussie Animals: From the Bush"
        ],
        "author": [
            "Jill Brailsford",
            "Walker Books Australia Pty Ltd"
        ],
        "format": [
            "Rag book"
        ],
        "isbn": [
            "9781922077356"
        ],
        "publication_date": [
            "01-07-2013"
        ],
        "category": [
            "General fiction (Children's / Teenage)",
            "Picture books"
        ]
    },
    {
        "page": "151",
        "title": [
            "Crocodile Tears"
        ],
        "author": [
            "Anthony Horowitz"
        ],
        "format": [
            "Paperback"
        ],
        "isbn": [
            "9781406360264"
        ],
        "publication_date": [
            "01-05-2015"
        ],
        "category": [
            "Adventure stories (Children's / Teenage)"
        ]
    },
    {
        "page": "152",
        "title": [
            "Crossovers"
        ],
        "author": [
            "Win Scott Eckert"
        ],
        "format": [
            "Paperback"
        ],
        "isbn": [
            "9781935558101"
        ],
        "publication_date": [
            "30-04-2010"
        ],
        "category": [
            "Literature: history & criticism",
            "Literary studies: fiction"
        ]
    },
    {
        "page": "153",
        "title": [
            "Crow"
        ],
        "author": [
            "Ted Hughes"
        ],
        "format": [
            "Paperback"
        ],
        "isbn": [
            "9780571099153"
        ],
        "publication_date": [
            "03-09-2001"
        ],
        "category": [
            "Poetry",
            "Poetry by individual poets"
        ]
    },
    {
        "page": "154",
        "title": [
            "Crown of Midnight"
        ],
        "author": [
            "Sarah J. Maas"
        ],
        "format": [
            "Paperback"
        ],
        "isbn": [
            "9781408834947"
        ],
        "publication_date": [
            "21-08-2013"
        ],
        "category": [
            "Fantasy & magical realism (Children's / Teenage)"
        ]
    },
    {
        "page": "155",
        "title": [
            "Cub and Brown"
        ],
        "author": [
            "Evie Barrow",
            "Edwina Wyatt"
        ],
        "format": [
            "Paperback"
        ],
        "isbn": [
            "9781760658823"
        ],
        "publication_date": [
            "30-07-2024"
        ],
        "category": [
            "General fiction (Children's / Teenage)"
        ]
    },
    {
        "page": "156",
        "title": [
            "Curious About Crocodiles"
        ],
        "author": [
            "Owen Davey"
        ],
        "format": [
            "Hardback"
        ],
        "isbn": [
            "9781838740375"
        ],
        "publication_date": [
            "29-09-2021"
        ],
        "category": [
            "Wildlife (Children's / Teenage)",
            "Natural history (Childrens/Teenage)"
        ]
    },
    {
        "page": "149",
        "title": [
            "Crafting with Cookie Molds"
        ],
        "author": [
            "Anne L Watson"
        ],
        "format": [
            "Paperback"
        ],
        "isbn": [
            "9781620356272"
        ],
        "publication_date": [
            "16-09-2024"
        ],
        "category": [
            "Handicrafts",
            "Carving & modelling"
        ]
    },
    {
        "page": "157",
        "title": [
            "Dagon and Other Macabre Tales"
        ],
        "author": [
            "Howard Phillips Lovecraft",
            "S. T. Joshi"
        ],
        "format": [
            "Hardback"
        ],
        "isbn": [
            "9780870540394"
        ],
        "publication_date": [
            "01-01-1987"
        ],
        "category": [
            "Horror & ghost stories"
        ]
    },
    {
        "page": "158",
        "title": [
            "Damodaran on Valuation 2e: Security Analysis for Investment and Corporate Finance + Study Guide"
        ],
        "author": [
            "Aswath Damodaran"
        ],
        "format": [
            "Other book format"
        ],
        "isbn": [
            "9781742466873"
        ],
        "publication_date": [
            "22-01-2010"
        ],
        "category": [
            "Finance & accounting"
        ]
    },
    {
        "page": "161",
        "title": [
            "Dark Prince"
        ],
        "author": [
            "Jennakay Francis"
        ],
        "format": [
            "Paperback"
        ],
        "isbn": [
            "9798201663797"
        ],
        "publication_date": [
            "01-03-2022"
        ],
        "category": [
            "Fantasy"
        ]
    },
    {
        "page": "159",
        "title": [
            "Dangerous"
        ],
        "author": [
            "Monica Burns"
        ],
        "format": [
            "Paperback"
        ],
        "isbn": [
            "9780997159271"
        ],
        "publication_date": [
            "25-02-2019"
        ],
        "category": [
            "Fantasy romance"
        ]
    },
    {
        "page": "160",
        "title": [
            "Dangerous"
        ],
        "author": [
            "Shannon Hale"
        ],
        "format": [
            "Paperback"
        ],
        "isbn": [
            "9781408838853"
        ],
        "publication_date": [
            "10-04-2014"
        ],
        "category": [
            "Fantasy & magical realism (Children's / Teenage)"
        ]
    },
    {
        "page": "162",
        "title": [
            "Dark Triumph"
        ],
        "author": [
            "Robin LaFevers"
        ],
        "format": [
            "Paperback"
        ],
        "isbn": [
            "9781783448241"
        ],
        "publication_date": [
            "05-03-2019"
        ],
        "category": [
            "Fantasy & magical realism (Children's / Teenage)"
        ]
    },
    {
        "page": "16",
        "title": [
            "A Mammoth in the Fridge"
        ],
        "author": [
            "Michael Escoffier",
            "Matthieu Maudet"
        ],
        "format": [
            "Paperback"
        ],
        "isbn": [
            "9781877579158"
        ],
        "publication_date": [
            "01-05-2012"
        ],
        "category": [
            "Picture books",
            "Picture storybooks"
        ]
    },
    {
        "page": "163",
        "title": [
            "Darwin's Armada"
        ],
        "author": [
            "Iain McCalman"
        ],
        "format": [
            "Paperback"
        ],
        "isbn": [
            "9780393338775"
        ],
        "publication_date": [
            "16-11-2010"
        ],
        "category": [
            "Science: general issues"
        ]
    },
    {
        "page": "165",
        "title": [
            "Death Rites and Hawaiian Royalty"
        ],
        "author": [
            "Ralph Thomas Kam"
        ],
        "format": [
            "Paperback"
        ],
        "isbn": [
            "9781476668468"
        ],
        "publication_date": [
            "22-11-2017"
        ],
        "category": [
            "History",
            "History of the Americas"
        ]
    },
    {
        "page": "164",
        "title": [
            "Death Rites and Hawaiian Royalty"
        ],
        "author": [
            "Ralph Thomas Kam"
        ],
        "format": [
            "Paperback"
        ],
        "isbn": [
            "9781476668468"
        ],
        "publication_date": [
            "22-11-2017"
        ],
        "category": [
            "History",
            "History of the Americas"
        ]
    },
    {
        "page": "167",
        "title": [
            "Deeper Learning with QR Codes and Augmented Reality"
        ],
        "author": [
            "Monica Burns"
        ],
        "format": [
            "Paperback"
        ],
        "isbn": [
            "9781506331775"
        ],
        "publication_date": [
            "08-03-2016"
        ],
        "category": [
            "Educational equipment & technology",
            "Education"
        ]
    },
    {
        "page": "168",
        "title": [
            "Defiance"
        ],
        "author": [
            "Oliver Lange"
        ],
        "format": [
            "Hardback"
        ],
        "isbn": [
            "9780812829938"
        ],
        "publication_date": [
            "01-01-1984"
        ],
        "category": [
            "Uncategorized"
        ]
    },
    {
        "page": "17",
        "title": [
            "A Manor of Murder"
        ],
        "author": [
            "Wendy Laing"
        ],
        "format": [
            "Paperback"
        ],
        "isbn": [
            "9781922440846"
        ],
        "publication_date": [
            "17-11-2020"
        ],
        "category": [
            "Crime & Mystery"
        ]
    },
    {
        "page": "166",
        "title": [
            "Deep Dream"
        ],
        "author": [
            "Indrapramit Das"
        ],
        "format": [
            "Paperback"
        ],
        "isbn": [
            "9780262549080"
        ],
        "publication_date": [
            "05-11-2024"
        ],
        "category": [
            "Society & culture: general",
            "Social forecasting"
        ]
    },
    {
        "page": "172",
        "title": [
            "Detective Gordon: A Case for Buffy"
        ],
        "author": [
            "Gitte Spee",
            "Ulf Nilsson"
        ],
        "format": [
            "Paperback"
        ],
        "isbn": [
            "9781776571796"
        ],
        "publication_date": [
            "01-08-2018"
        ],
        "category": [
            "Adventure stories (Children's / Teenage)",
            "Crime & mystery fiction (Children's / Teenage)"
        ]
    },
    {
        "page": "173",
        "title": [
            "Detour"
        ],
        "author": [
            "Jennifer St Clair"
        ],
        "format": [
            "Paperback"
        ],
        "isbn": [
            "9798201367367"
        ],
        "publication_date": [
            "14-08-2021"
        ],
        "category": [
            "Fantasy"
        ]
    },
    {
        "page": "174",
        "title": [
            "Devils and Demons"
        ],
        "author": [
            "Marvin Kaye"
        ],
        "format": [
            "16-09-1987"
        ],
        "isbn": [
            "9780385185639"
        ],
        "publication_date": [
            "The Doubleday Religious Publishing Group"
        ],
        "category": [
            "Horror & ghost stories"
        ]
    },
    {
        "page": "170",
        "title": [
            "Demon Dentist"
        ],
        "author": [
            "David Walliams",
            "Tony Ross"
        ],
        "format": [
            "Paperback"
        ],
        "isbn": [
            "9780007453580"
        ],
        "publication_date": [
            "27-04-2015"
        ],
        "category": [
            "Humorous stories (Children's / Teenage)"
        ]
    },
    {
        "page": "171",
        "title": [
            "Designing Mobile Payment Experiences"
        ],
        "author": [
            "Skip Allums"
        ],
        "format": [
            "Paperback"
        ],
        "isbn": [
            "9781449366193"
        ],
        "publication_date": [
            "16-09-2014"
        ],
        "category": [
            "Business & management",
            "Banking"
        ]
    },
    {
        "page": "169",
        "title": [
            "Demolition"
        ],
        "author": [
            "Brian Lovelock",
            "Sally Sutton"
        ],
        "format": [
            "Paperback"
        ],
        "isbn": [
            "9781921720796"
        ],
        "publication_date": [
            "01-09-2014"
        ],
        "category": [
            "General fiction (Children's / Teenage)",
            "Picture books"
        ]
    },
    {
        "page": "175",
        "title": [
            "Diagnostic and Statistical Manual of Mental Disorders, Fifth Edition, Text Revision (DSM-5-TR)"
        ],
        "author": [
            "American Psychiatric Association"
        ],
        "format": [
            "Paperback"
        ],
        "isbn": [
            "9780890425763"
        ],
        "publication_date": [
            "18-04-2022"
        ],
        "category": [
            "Other branches of medicine",
            "Psychiatry"
        ]
    },
    {
        "page": "176",
        "title": [
            "Diary of a Wimpy Kid : The Getaway"
        ],
        "author": [
            "Jeff Kinney"
        ],
        "format": [
            "Paperback"
        ],
        "isbn": [
            "9780143782797"
        ],
        "publication_date": [
            "07-11-2017"
        ],
        "category": [
            "Humorous stories (Children's / Teenage)",
            "General fiction (Children's / Teenage)"
        ]
    },
    {
        "page": "177",
        "title": [
            "Dinner for Vampires"
        ],
        "author": [
            "Bethany Joy Lenz"
        ],
        "format": [
            "Hardback"
        ],
        "isbn": [
            "9781668067307"
        ],
        "publication_date": [
            "22-10-2024"
        ],
        "category": [
            "Memoirs"
        ]
    },
    {
        "page": "178",
        "title": [
            "Dirty Laundry"
        ],
        "author": [
            "Alex Williams",
            "Cori Nevruz"
        ],
        "format": [
            "Paperback"
        ],
        "isbn": [
            "9781777151799"
        ],
        "publication_date": [
            "13-07-2021"
        ],
        "category": [
            "Thriller / suspense"
        ]
    },
    {
        "page": "18",
        "title": [
            "A Monster Calls"
        ],
        "author": [
            "Siobhan Dowd",
            "Patrick Ness"
        ],
        "format": [
            "Paperback"
        ],
        "isbn": [
            "9781406339345"
        ],
        "publication_date": [
            "02-02-2012"
        ],
        "category": [
            "General fiction (Children's / Teenage)"
        ]
    },
    {
        "page": "179",
        "title": [
            "Dirty Laundry"
        ],
        "author": [
            "Alex Williams",
            "Cori Nevruz"
        ],
        "format": [
            "Hardback"
        ],
        "isbn": [
            "9781990158766"
        ],
        "publication_date": [
            "10-05-2022"
        ],
        "category": [
            "Thriller / suspense"
        ]
    },
    {
        "page": "181",
        "title": [
            "Dolls of Hope"
        ],
        "author": [
            "Shirley Parenteau"
        ],
        "format": [
            "Paperback"
        ],
        "isbn": [
            "9781536200263"
        ],
        "publication_date": [
            "01-05-2018"
        ],
        "category": [
            "General fiction (Children's / Teenage)"
        ]
    },
    {
        "page": "180",
        "title": [
            "Do Not Forget Australia"
        ],
        "author": [
            "Sonia Kretschmar",
            "Sally Murphy"
        ],
        "format": [
            "Hardback"
        ],
        "isbn": [
            "9781921529863"
        ],
        "publication_date": [
            "01-03-2012"
        ],
        "category": [
            "Picture books",
            "Picture storybooks"
        ]
    },
    {
        "page": "183",
        "title": [
            "Doodle Bites"
        ],
        "author": [
            "Polly Dunbar"
        ],
        "format": [
            "Paperback"
        ],
        "isbn": [
            "9781406340464"
        ],
        "publication_date": [
            "01-10-2012"
        ],
        "category": [
            "Picture books",
            "Picture storybooks"
        ]
    },
    {
        "page": "182",
        "title": [
            "Don't Let the Pigeon Drive the Bus!"
        ],
        "author": [
            "Mo Willems"
        ],
        "format": [
            "Paperback"
        ],
        "isbn": [
            "9781529509960"
        ],
        "publication_date": [
            "06-04-2023"
        ],
        "category": [
            "Picture books"
        ]
    },
    {
        "page": "185",
        "title": [
            "Dot Unplugged"
        ],
        "author": [
            "Candlewick Press",
            "The Jim Henson Company"
        ],
        "format": [
            "+ years old",
            "Hardback"
        ],
        "isbn": [
            "9781536209839"
        ],
        "publication_date": [
            "Hardback"
        ],
        "category": [
            "General fiction (Children's / Teenage)"
        ]
    },
    {
        "page": "186",
        "title": [
            "Downsizing Made Simple"
        ],
        "author": [
            "Rachel Lane",
            "Noel Whittaker"
        ],
        "format": [
            "Paperback"
        ],
        "isbn": [
            "9780645821659"
        ],
        "publication_date": [
            "29-11-2023"
        ],
        "category": [
            "Self-help & personal development"
        ]
    },
    {
        "page": "187",
        "title": [
            "Dr Roopa's Body Books: The Super Skeleton"
        ],
        "author": [
            "Viola Wang",
            "Dr Roopa Farooki"
        ],
        "format": [
            "Hardback"
        ],
        "isbn": [
            "9781529504521"
        ],
        "publication_date": [
            "30-07-2024"
        ],
        "category": [
            "Educational: Sciences",
            "Personal & social issues: body & health (Children's / Teenage)"
        ]
    },
    {
        "page": "188",
        "title": [
            "Dragon Fantastic"
        ],
        "author": [
            "Martin H. Greenberg",
            "Martin Greenberg"
        ],
        "format": [
            "05-05-1992"
        ],
        "isbn": [
            "9780886775117"
        ],
        "publication_date": [
            "English"
        ],
        "category": [
            "Fiction"
        ]
    },
    {
        "page": "189",
        "title": [
            "Dragonkeeper 4: Blood Brothers"
        ],
        "author": [
            "Carole Wilkinson"
        ],
        "format": [
            "Paperback"
        ],
        "isbn": [
            "9781922179210"
        ],
        "publication_date": [
            "01-10-2013"
        ],
        "category": [
            "Fantasy & magical realism (Children's / Teenage)"
        ]
    },
    {
        "page": "191",
        "title": [
            "DragonMaster"
        ],
        "author": [
            "Jennakay Francis"
        ],
        "format": [
            "Paperback"
        ],
        "isbn": [
            "9798201870942"
        ],
        "publication_date": [
            "15-04-2022"
        ],
        "category": [
            "Fantasy & magical realism (Children's / Teenage)"
        ]
    },
    {
        "page": "184",
        "title": [
            "Doomed"
        ],
        "author": [
            "Tracy Deebs"
        ],
        "format": [
            "Paperback"
        ],
        "isbn": [
            "9780802735447"
        ],
        "publication_date": [
            "10-12-2013"
        ],
        "category": [
            "Adventure stories (Children's / Teenage)",
            "Science fiction (Children's / Teenage)"
        ]
    },
    {
        "page": "192",
        "title": [
            "Dragons of Mere Odain"
        ],
        "author": [
            "Jennakay Francis"
        ],
        "format": [
            "Paperback"
        ],
        "isbn": [
            "9798201460013"
        ],
        "publication_date": [
            "15-04-2022"
        ],
        "category": [
            "Fantasy & magical realism (Children's / Teenage)"
        ]
    },
    {
        "page": "19",
        "title": [
            "A Mouse Called Julian"
        ],
        "author": [
            "Joe Todd-Stanton"
        ],
        "format": [
            "Paperback"
        ],
        "isbn": [
            "9781912497478"
        ],
        "publication_date": [
            "01-05-2021"
        ],
        "category": [
            "Picture books",
            "Picture storybooks"
        ]
    },
    {
        "page": "194",
        "title": [
            "Dry"
        ],
        "author": [
            "Jarrod Shusterman",
            "Neal Shusterman"
        ],
        "format": [
            "Paperback"
        ],
        "isbn": [
            "9781406386851"
        ],
        "publication_date": [
            "01-10-2018"
        ],
        "category": [
            "General fiction (Children's / Teenage)",
            "Thrillers (Children's / Teenage)"
        ]
    },
    {
        "page": "195",
        "title": [
            "Ducks Overboard!"
        ],
        "author": [
            "Markus Motum"
        ],
        "format": [
            "+ years old",
            "Hardback"
        ],
        "isbn": [
            "9781406393118"
        ],
        "publication_date": [
            "Hardback"
        ],
        "category": [
            "Wildlife (Children's / Teenage)",
            "Natural history (Childrens/Teenage)"
        ]
    },
    {
        "page": "190",
        "title": [
            "Dragonkeeper 5: Shadow Sister"
        ],
        "author": [
            "Carole Wilkinson"
        ],
        "format": [
            "+ years old",
            "Paperback"
        ],
        "isbn": [
            "9781925126327"
        ],
        "publication_date": [
            "Paperback"
        ],
        "category": [
            "General fiction (Children's / Teenage)"
        ]
    },
    {
        "page": "197",
        "title": [
            "Eagle Strike"
        ],
        "author": [
            "Anthony Horowitz"
        ],
        "format": [
            "Paperback"
        ],
        "isbn": [
            "9781406360226"
        ],
        "publication_date": [
            "02-04-2015"
        ],
        "category": [
            "Adventure stories (Children's / Teenage)"
        ]
    },
    {
        "page": "2",
        "title": [
            "A Bear's Guide to Beekeeping"
        ],
        "author": [
            "Alex Griffiths",
            "Pip Cornell"
        ],
        "format": [
            "Paperback"
        ],
        "isbn": [
            "9781839130274"
        ],
        "publication_date": [
            "07-03-2023"
        ],
        "category": [
            "Picture books",
            "Picture storybooks"
        ]
    },
    {
        "page": "196",
        "title": [
            "Dukker's Revenge"
        ],
        "author": [
            "Jennakay Francis"
        ],
        "format": [
            "Paperback"
        ],
        "isbn": [
            "9798201794385"
        ],
        "publication_date": [
            "16-04-2022"
        ],
        "category": [
            "Fantasy & magical realism (Children's / Teenage)"
        ]
    },
    {
        "page": "20",
        "title": [
            "A Muse of Fire"
        ],
        "author": [
            "Sean O'Brien"
        ],
        "format": [
            "Paperback"
        ],
        "isbn": [
            "9798201600389"
        ],
        "publication_date": [
            "17-09-2021"
        ],
        "category": [
            "Science fiction",
            "Space opera"
        ]
    },
    {
        "page": "21",
        "title": [
            "A Practical Present for Philippa Pheasant"
        ],
        "author": [
            "Briony May Smith"
        ],
        "format": [
            "Hardback"
        ],
        "isbn": [
            "9781406391312"
        ],
        "publication_date": [
            "06-09-2022"
        ],
        "category": [
            "Picture books",
            "Picture storybooks"
        ]
    },
    {
        "page": "22",
        "title": [
            "A Safe and Welcome Nest"
        ],
        "author": [
            "Judith B Glad"
        ],
        "format": [
            "Paperback"
        ],
        "isbn": [
            "9798201302764"
        ],
        "publication_date": [
            "24-07-2021"
        ],
        "category": [
            "Religious & spiritual fiction"
        ]
    },
    {
        "page": "193",
        "title": [
            "Dreaming in Code: Ada Byron Lovelace, Computer Pioneer"
        ],
        "author": [
            "Emily Arnold McCully"
        ],
        "format": [
            "+ years old",
            "Paperback"
        ],
        "isbn": [
            "9781536228236"
        ],
        "publication_date": [
            "Paperback"
        ],
        "category": [
            "Uncategorized"
        ]
    },
    {
        "page": "23",
        "title": [
            "A Spy in the Jam Factory"
        ],
        "author": [
            "Jenny Taylor",
            "Chrissie Sains"
        ],
        "format": [
            "Paperback"
        ],
        "isbn": [
            "9781529510690"
        ],
        "publication_date": [
            "04-04-2024"
        ],
        "category": [
            "Humorous stories (Children's / Teenage)",
            "Personal & social issues: disability & special needs (Children's / Teenage)"
        ]
    },
    {
        "page": "24",
        "title": [
            "A Stroke of the Pen"
        ],
        "author": [
            "Terry Pratchett"
        ],
        "format": [
            "Paperback"
        ],
        "isbn": [
            "9780063376205"
        ],
        "publication_date": [
            "08-10-2024"
        ],
        "category": [
            "Fiction"
        ]
    },
    {
        "page": "25",
        "title": [
            "A Synagogue Just Like Home"
        ],
        "author": [
            "Alice Blumenthal McGinty",
            "Laurel Molk"
        ],
        "format": [
            "Hardback"
        ],
        "isbn": [
            "9781529505542"
        ],
        "publication_date": [
            "03-08-2022"
        ],
        "category": [
            "Picture books",
            "Picture storybooks"
        ]
    },
    {
        "page": "28",
        "title": [
            "A Wind of Bitter Tears"
        ],
        "author": [
            "Roger Marsh"
        ],
        "format": [
            "Paperback"
        ],
        "isbn": [
            "9781922603968"
        ],
        "publication_date": [
            "01-08-2022"
        ],
        "category": [
            "Warfare & defence"
        ]
    },
    {
        "page": "3",
        "title": [
            "A Better Best Friend"
        ],
        "author": [
            "Olivier Tallec"
        ],
        "format": [
            "Hardback"
        ],
        "isbn": [
            "9781776575732"
        ],
        "publication_date": [
            "30-04-2024"
        ],
        "category": [
            "Personal & social issues (Children's / Teenage)"
        ]
    },
    {
        "page": "26",
        "title": [
            "A Trick of the Light"
        ],
        "author": [
            "Louise Penny"
        ],
        "format": [
            "Paperback"
        ],
        "isbn": [
            "9781250007346"
        ],
        "publication_date": [
            "03-07-2012"
        ],
        "category": [
            "Crime & Mystery"
        ]
    },
    {
        "page": "27",
        "title": [
            "A Weekend with Oscar"
        ],
        "author": [
            "Robyn Bavati"
        ],
        "format": [
            "Paperback"
        ],
        "isbn": [
            "9781760653002"
        ],
        "publication_date": [
            "07-07-2021"
        ],
        "category": [
            "Personal & social issues: disability & special needs (Children's / Teenage)"
        ]
    },
    {
        "page": "30",
        "title": [
            "ABC Cats: An Alpha-Cat Book"
        ],
        "author": [
            "Isabella Kung",
            "Leslea Newman"
        ],
        "format": [
            "Board book"
        ],
        "isbn": [
            "9781406397963"
        ],
        "publication_date": [
            "01-06-2022"
        ],
        "category": [
            "Picture books",
            "Picture storybooks"
        ]
    },
    {
        "page": "29",
        "title": [
            "A Wolf Called Wander"
        ],
        "author": [
            "Rosanne Parry",
            "Monica Armino"
        ],
        "format": [
            "Paperback"
        ],
        "isbn": [
            "9781783447909"
        ],
        "publication_date": [
            "02-07-2019"
        ],
        "category": [
            "Animal stories (Children's / Teenage)",
            "True stories (Children's / Teenage)"
        ]
    },
    {
        "page": "31",
        "title": [
            "Abela: the Girl Who Saw Lions"
        ],
        "author": [
            "Berlie Doherty"
        ],
        "format": [
            "+ years old",
            "Paperback"
        ],
        "isbn": [
            "9781783446469"
        ],
        "publication_date": [
            "Paperback"
        ],
        "category": [
            "Personal & social issues: racism & multiculturalism (Children's / Teenage)"
        ]
    },
    {
        "page": "32",
        "title": [
            "Accounting Information Systems, 5e Print and Interactive E-Text"
        ],
        "author": [
            "Alison Parkes",
            "Brett Considine"
        ],
        "format": [
            "Paperback"
        ],
        "isbn": [
            "9780730369134"
        ],
        "publication_date": [
            "16-11-2018"
        ],
        "category": [
            "Finance & accounting"
        ]
    },
    {
        "page": "34",
        "title": [
            "Addressed"
        ],
        "author": [
            "Annie Robson"
        ],
        "format": [
            "Paperback"
        ],
        "isbn": [
            "9780645029208"
        ],
        "publication_date": [
            "01-01-2021"
        ],
        "category": [
            "Fiction"
        ]
    },
    {
        "page": "33",
        "title": [
            "Act"
        ],
        "author": [
            "Kayla Miller"
        ],
        "format": [
            "Paperback"
        ],
        "isbn": [
            "9781760654931"
        ],
        "publication_date": [
            "05-07-2022"
        ],
        "category": [
            "Comic strip fiction / graphic novels (Children's / Teenage)"
        ]
    },
    {
        "page": "35",
        "title": [
            "Aiden Shaw's Penis and Other Stories of Censorship From Around the World"
        ],
        "author": [
            "Various",
            "Daniel Clarke"
        ],
        "format": [
            "Hardback"
        ],
        "isbn": [
            "9781910620816"
        ],
        "publication_date": [
            "06-05-2021"
        ],
        "category": [
            "Contemporary fiction",
            "Anthologies (non-poetry)"
        ]
    },
    {
        "page": "37",
        "title": [
            "All the Dear Little Animals"
        ],
        "author": [
            "Ulf Nilsson",
            "Eva Eriksson"
        ],
        "format": [
            "+ years old",
            "Paperback"
        ],
        "isbn": [
            "9781776572823"
        ],
        "publication_date": [
            "Paperback"
        ],
        "category": [
            "General fiction (Children's / Teenage)"
        ]
    },
    {
        "page": "36",
        "title": [
            "All Around The Seasons"
        ],
        "author": [
            "Saltzberg Barney"
        ],
        "format": [
            "Hardback"
        ],
        "isbn": [
            "9780763636944"
        ],
        "publication_date": [
            "09-02-2010"
        ],
        "category": [
            "Early learning / early learning concepts",
            "Picture books"
        ]
    },
    {
        "page": "38",
        "title": [
            "All the Dear Little Animals"
        ],
        "author": [
            "Ulf Nilsson",
            "Eva Eriksson"
        ],
        "format": [
            "Hardback"
        ],
        "isbn": [
            "9781776572892"
        ],
        "publication_date": [
            "01-05-2020"
        ],
        "category": [
            "Educational: English language & literacy",
            "Educational: English language: readers & reading schemes"
        ]
    },
    {
        "page": "39",
        "title": [
            "All Time High"
        ],
        "author": [
            "Sydel Sierra"
        ],
        "format": [
            "Paperback"
        ],
        "isbn": [
            "9780645899344"
        ],
        "publication_date": [
            "10-02-2024"
        ],
        "category": [
            "Self-help & personal development"
        ]
    },
    {
        "page": "4",
        "title": [
            "A Book of Feelings"
        ],
        "author": [
            "Salvatore Rubbino",
            "Amanda McCardie"
        ],
        "format": [
            "+ years old",
            "Paperback"
        ],
        "isbn": [
            "9781406365917"
        ],
        "publication_date": [
            "Paperback"
        ],
        "category": [
            "People & places (Children's / Teenage)"
        ]
    },
    {
        "page": "41",
        "title": [
            "Almanac Oct 24"
        ],
        "author": [
            "BBC"
        ],
        "format": [
            "Hardback"
        ],
        "isbn": [
            "9781785949173"
        ],
        "publication_date": [
            "03-11-2024"
        ],
        "category": [
            "Science fiction"
        ]
    },
    {
        "page": "42",
        "title": [
            "Alphabet City Zoo"
        ],
        "author": [
            "Maree Coote"
        ],
        "format": [
            "Hardback"
        ],
        "isbn": [
            "9780992491703"
        ],
        "publication_date": [
            "01-08-2014"
        ],
        "category": [
            "General fiction (Children's / Teenage)"
        ]
    },
    {
        "page": "43",
        "title": [
            "Alphamaniacs"
        ],
        "author": [
            "Melissa Sweet",
            "Paul Fleischman"
        ],
        "format": [
            "Hardback"
        ],
        "isbn": [
            "9780763690663"
        ],
        "publication_date": [
            "14-04-2020"
        ],
        "category": [
            "Educational: English language: reading & writing skills",
            "Educational: English language & literacy"
        ]
    },
    {
        "page": "44",
        "title": [
            "American Exceptionalism and American Innocence"
        ],
        "author": [
            "Roberto Sirvent",
            "Danny Haiphong"
        ],
        "format": [
            "Downloadable audio file"
        ],
        "isbn": [
            "9781721385430"
        ],
        "publication_date": [
            "02-04-2019"
        ],
        "category": [
            "Uncategorized"
        ]
    },
    {
        "page": "46",
        "title": [
            "An Imp of Aether"
        ],
        "author": [
            "W. H. Pugmire"
        ],
        "format": [
            "Paperback"
        ],
        "isbn": [
            "9781614982760"
        ],
        "publication_date": [
            "20-08-2019"
        ],
        "category": [
            "Short stories"
        ]
    },
    {
        "page": "47",
        "title": [
            "Andromeda's Choice: A Novel of the Legion of the Damned"
        ],
        "author": [
            "William C, Dietz"
        ],
        "format": [
            "Paperback"
        ],
        "isbn": [
            "9781647101268"
        ],
        "publication_date": [
            "15-01-2025"
        ],
        "category": [
            "Thriller / suspense",
            "Science fiction"
        ]
    },
    {
        "page": "48",
        "title": [
            "Anne of Green Gables Library (Boxed Set)"
        ],
        "author": [
            "L. M. Montgomery"
        ],
        "format": [
            "Paperback"
        ],
        "isbn": [
            "9781481409339"
        ],
        "publication_date": [
            "23-10-2014"
        ],
        "category": [
            "Personal & social issues: sexuality & relationships (Children's / Teenage)",
            "Classic fiction (Children's / Teenage)"
        ]
    },
    {
        "page": "49",
        "title": [
            "Anomalies"
        ],
        "author": [
            "Gregory Benford"
        ],
        "format": [
            "Paperback"
        ],
        "isbn": [
            "9780984915446"
        ],
        "publication_date": [
            "01-05-2012"
        ],
        "category": [
            "Short stories"
        ]
    },
    {
        "page": "5",
        "title": [
            "A Christmas Ghost Story"
        ],
        "author": [
            "Kim Newman"
        ],
        "format": [
            "Hardback"
        ],
        "isbn": [
            "9781835410691"
        ],
        "publication_date": [
            "21-10-2024"
        ],
        "category": [
            "Fiction"
        ]
    },
    {
        "page": "50",
        "title": [
            "Anoraks to Zitting Cisticola"
        ],
        "author": [
            "Sean Dooley"
        ],
        "format": [
            "Paperback"
        ],
        "isbn": [
            "9781741752724"
        ],
        "publication_date": [
            "01-10-2007"
        ],
        "category": [
            "Natural history",
            "Wildlife: birds & birdwatching"
        ]
    },
    {
        "page": "45",
        "title": [
            "An Amazing Australian Camping Trip"
        ],
        "author": [
            "Jackie Hosking",
            "Lesley Vamos"
        ],
        "format": [
            "Paperback"
        ],
        "isbn": [
            "9781761600241"
        ],
        "publication_date": [
            "01-10-2024"
        ],
        "category": [
            "Picture books"
        ]
    },
    {
        "page": "51",
        "title": [
            "Arabella's Alphabet Adventure"
        ],
        "author": [
            "Christopher Nielsen",
            "Suzy Zail"
        ],
        "format": [
            "Hardback"
        ],
        "isbn": [
            "9781760652425"
        ],
        "publication_date": [
            "01-03-2022"
        ],
        "category": [
            "Picture books"
        ]
    },
    {
        "page": "53",
        "title": [
            "Archie Snufflekins Oliver Valentine Cupcake Tiberius Cat"
        ],
        "author": [
            "Katie Harnett"
        ],
        "format": [
            "Hardback"
        ],
        "isbn": [
            "9781909263376"
        ],
        "publication_date": [
            "01-05-2016"
        ],
        "category": [
            "General fiction (Children's / Teenage)",
            "Picture books"
        ]
    },
    {
        "page": "52",
        "title": [
            "Archie Snufflekins Oliver Valentine Cupcake Tiberius Cat"
        ],
        "author": [
            "Katie Harnett"
        ],
        "format": [
            "Paperback"
        ],
        "isbn": [
            "9781838741013"
        ],
        "publication_date": [
            "04-10-2022"
        ],
        "category": [
            "Picture books"
        ]
    },
    {
        "page": "54",
        "title": [
            "Armstrong: The Adventurous Journey of a Mouse to the Moon"
        ],
        "author": [
            "KUHLMANN TORBEN",
            "TORBEN KUHLMANN"
        ],
        "format": [
            "+ years old",
            "Hardback"
        ],
        "isbn": [
            "9780735842625"
        ],
        "publication_date": [
            "Hardback"
        ],
        "category": [
            "Picture books"
        ]
    },
    {
        "page": "55",
        "title": [
            "Artie and the Wolf Moon"
        ],
        "author": [
            "Olivia Stephens"
        ],
        "format": [
            "Hardback"
        ],
        "isbn": [
            "9781541542488"
        ],
        "publication_date": [
            "07-09-2021"
        ],
        "category": [
            "General fiction (Children's / Teenage)"
        ]
    },
    {
        "page": "58",
        "title": [
            "Astro Kittens: Cosmic Machines"
        ],
        "author": [
            "Dominic Walliman",
            "Ben Newman"
        ],
        "format": [
            "Board book"
        ],
        "isbn": [
            "9781912497287"
        ],
        "publication_date": [
            "01-11-2019"
        ],
        "category": [
            "Educational: Technology"
        ]
    },
    {
        "page": "59",
        "title": [
            "Astro Kittens: into the Unknown"
        ],
        "author": [
            "Dominic Walliman",
            "Ben Newman"
        ],
        "format": [
            "Board book"
        ],
        "isbn": [
            "9781912497270"
        ],
        "publication_date": [
            "01-11-2019"
        ],
        "category": [
            "Educational: Technology"
        ]
    },
    {
        "page": "60",
        "title": [
            "Australia and How To Find It"
        ],
        "author": [
            "Patsy Trench"
        ],
        "format": [
            "Paperback"
        ],
        "isbn": [
            "9780993453755"
        ],
        "publication_date": [
            "30-10-2019"
        ],
        "category": [
            "Autobiography: arts & entertainment",
            "Travel & holiday"
        ]
    },
    {
        "page": "6",
        "title": [
            "A Dark, Dark Tale"
        ],
        "author": [
            "Ruth Brown"
        ],
        "format": [
            "Paperback"
        ],
        "isbn": [
            "9781842709894"
        ],
        "publication_date": [
            "06-09-2012"
        ],
        "category": [
            "General fiction (Children's / Teenage)",
            "Picture storybooks"
        ]
    },
    {
        "page": "56",
        "title": [
            "Ask the Passengers"
        ],
        "author": [
            "A.S. King"
        ],
        "format": [
            "Paperback"
        ],
        "isbn": [
            "9780316194679"
        ],
        "publication_date": [
            "29-10-2013"
        ],
        "category": [
            "General fiction (Children's / Teenage)",
            "Personal & social issues: sexuality & relationships (Children's / Teenage)"
        ]
    },
    {
        "page": "57",
        "title": [
            "Astro Cat's Stargazing"
        ],
        "author": [
            "Ben Newman"
        ],
        "format": [
            "+ years old",
            "Hardback"
        ],
        "isbn": [
            "9781911171843"
        ],
        "publication_date": [
            "Hardback"
        ],
        "category": [
            "Science & technology: general interest (Children's / Teenage)",
            "Space (Children's / Teenage)"
        ]
    },
    {
        "page": "61",
        "title": [
            "Australian GST Legislation With Overview 2022 - 25E"
        ],
        "author": [
            "CCH Editors"
        ],
        "format": [
            "Paperback"
        ],
        "isbn": [
            "9781922509659"
        ],
        "publication_date": [
            "01-04-2022"
        ],
        "category": [
            "Pensions",
            "Laws of Specific jurisdictions"
        ]
    },
    {
        "page": "62",
        "title": [
            "Australia's Dangerous Bush Creatures"
        ],
        "author": [
            "Myke Mollard"
        ],
        "format": [
            "Hardback"
        ],
        "isbn": [
            "9781925868869"
        ],
        "publication_date": [
            "26-04-2022"
        ],
        "category": [
            "Educational: English language & literacy",
            "Picture books"
        ]
    },
    {
        "page": "63",
        "title": [
            "Avaris"
        ],
        "author": [
            "Max Overton"
        ],
        "format": [
            "Paperback"
        ],
        "isbn": [
            "9798201701208"
        ],
        "publication_date": [
            "22-07-2022"
        ],
        "category": [
            "Historical Fiction"
        ]
    },
    {
        "page": "64",
        "title": [
            "Aye, and Gomorrah"
        ],
        "author": [
            "Samuel R. Delany"
        ],
        "format": [
            "Paperback"
        ],
        "isbn": [
            "9780375706714"
        ],
        "publication_date": [
            "15-04-2003"
        ],
        "category": [
            "Fiction"
        ]
    },
    {
        "page": "65",
        "title": [
            "Ballet Kids"
        ],
        "author": [
            "Holly Sterling"
        ],
        "format": [
            "Hardback"
        ],
        "isbn": [
            "9781406395242"
        ],
        "publication_date": [
            "02-11-2022"
        ],
        "category": [
            "Picture books",
            "Picture storybooks"
        ]
    },
    {
        "page": "66",
        "title": [
            "Bandoola"
        ],
        "author": [
            "William Grill"
        ],
        "format": [
            "Hardback"
        ],
        "isbn": [
            "9781838740238"
        ],
        "publication_date": [
            "01-02-2022"
        ],
        "category": [
            "Animal stories (Children's / Teenage)"
        ]
    },
    {
        "page": "40",
        "title": [
            "Alma y C\u00f3mo Obtuvo Su Nombre"
        ],
        "author": [
            "Juana Martinez-Neal"
        ],
        "format": [
            "Hardback"
        ],
        "isbn": [
            "9780763693589"
        ],
        "publication_date": [
            "01-04-2018"
        ],
        "category": [
            "General fiction (Children's / Teenage)"
        ]
    },
    {
        "page": "67",
        "title": [
            "BANISH"
        ],
        "author": [
            "Nicola Marsh"
        ],
        "format": [
            "Paperback"
        ],
        "isbn": [
            "9781743562765"
        ],
        "publication_date": [
            "01-08-2013"
        ],
        "category": [
            "Fantasy romance (Teenage)",
            "Fantasy & magical realism (Children's / Teenage)"
        ]
    },
    {
        "page": "68",
        "title": [
            "Battle for Argathia"
        ],
        "author": [
            "Jennakay Francis"
        ],
        "format": [
            "Paperback"
        ],
        "isbn": [
            "9798201725921"
        ],
        "publication_date": [
            "16-04-2022"
        ],
        "category": [
            "Fantasy & magical realism (Children's / Teenage)"
        ]
    },
    {
        "page": "7",
        "title": [
            "A Deadly Manor"
        ],
        "author": [
            "Wendy Laing"
        ],
        "format": [
            "Paperback"
        ],
        "isbn": [
            "9781922812957"
        ],
        "publication_date": [
            "31-08-2022"
        ],
        "category": [
            "Crime & Mystery"
        ]
    },
    {
        "page": "69",
        "title": [
            "Beast Feast"
        ],
        "author": [
            "Emma Yarlett"
        ],
        "format": [
            "Hardback"
        ],
        "isbn": [
            "9781406386639"
        ],
        "publication_date": [
            "01-10-2019"
        ],
        "category": [
            "Interactive & activity books & packs",
            "Pop-up & lift-the-flap books"
        ]
    },
    {
        "page": "70",
        "title": [
            "Beautiful Oops!"
        ],
        "author": [
            "Barney Saltzberg"
        ],
        "format": [
            "Hardback"
        ],
        "isbn": [
            "9780761157281"
        ],
        "publication_date": [
            "15-03-2024"
        ],
        "category": [
            "Interactive & activity books & packs",
            "Pop-up & lift-the-flap books"
        ]
    },
    {
        "page": "71",
        "title": [
            "Because of Winn-Dixie"
        ],
        "author": [
            "Kate DiCamillo"
        ],
        "format": [
            "Paperback"
        ],
        "isbn": [
            "9781536214352"
        ],
        "publication_date": [
            "01-02-2022"
        ],
        "category": [
            "General fiction (Children's / Teenage)"
        ]
    },
    {
        "page": "73",
        "title": [
            "Being Jade"
        ],
        "author": [
            "Kate Belle"
        ],
        "format": [
            "Paperback"
        ],
        "isbn": [
            "9781925030044"
        ],
        "publication_date": [
            "01-06-2014"
        ],
        "category": [
            "Contemporary fiction"
        ]
    },
    {
        "page": "75",
        "title": [
            "Being Me"
        ],
        "author": [
            "Maree B. Even"
        ],
        "format": [
            "Paperback"
        ],
        "isbn": [
            "9780648575306"
        ],
        "publication_date": [
            "27-07-2019"
        ],
        "category": [
            "Psychology"
        ]
    },
    {
        "page": "76",
        "title": [
            "Belinda Brown"
        ],
        "author": [
            "David McKee"
        ],
        "format": [
            "Hardback"
        ],
        "isbn": [
            "9781783446179"
        ],
        "publication_date": [
            "01-11-2018"
        ],
        "category": [
            "Picture books",
            "Picture storybooks"
        ]
    },
    {
        "page": "72",
        "title": [
            "Beginnings"
        ],
        "author": [
            "Gordon R. Dickson"
        ],
        "format": [
            "01-08-1988"
        ],
        "isbn": [
            "9780671654290"
        ],
        "publication_date": [
            "Baen Books"
        ],
        "category": [
            "Science fiction"
        ]
    },
    {
        "page": "77",
        "title": [
            "Belonging Street"
        ],
        "author": [
            "Mandy Coe"
        ],
        "format": [
            "Paperback"
        ],
        "isbn": [
            "9781913074807"
        ],
        "publication_date": [
            "05-11-2020"
        ],
        "category": [
            "Poetry (Children's / Teenage)"
        ]
    },
    {
        "page": "74",
        "title": [
            "Being Jade"
        ],
        "author": [
            "Kate Belle"
        ],
        "format": [
            "Paperback"
        ],
        "isbn": [
            "9781925030044"
        ],
        "publication_date": [
            "01-06-2014"
        ],
        "category": [
            "Contemporary fiction"
        ]
    },
    {
        "page": "78",
        "title": [
            "Bernie Bolton's Big Apple Christmas"
        ],
        "author": [
            "Sheryl Criswell Sturdevant (Sb)"
        ],
        "format": [
            "Paperback"
        ],
        "isbn": [
            "9798201519599"
        ],
        "publication_date": [
            "02-08-2021"
        ],
        "category": [
            "Family & home stories (Children's / Teenage)",
            "Personal & social issues: family issues (Children's / Teenage)"
        ]
    },
    {
        "page": "8",
        "title": [
            "A Feast of Frights from the Horror Zine"
        ],
        "author": [
            "Jeani Rector"
        ],
        "format": [
            "09-04-2012"
        ],
        "isbn": [
            "9780615594477"
        ],
        "publication_date": [
            "Horror Zine"
        ],
        "category": [
            "Horror & ghost stories"
        ]
    },
    {
        "page": "79",
        "title": [
            "Berserk Deluxe Volume 1"
        ],
        "author": [
            "Kentaro Miura"
        ],
        "format": [
            "Hardback"
        ],
        "isbn": [
            "9781506711980"
        ],
        "publication_date": [
            "26-03-2019"
        ],
        "category": [
            "Graphic novels: Manga"
        ]
    },
    {
        "page": "81",
        "title": [
            "Besties Find Their Groove"
        ],
        "author": [
            "Kayla Miller",
            "Jeffrey Canino"
        ],
        "format": [
            "Paperback"
        ],
        "isbn": [
            "9781760657147"
        ],
        "publication_date": [
            "04-07-2023"
        ],
        "category": [
            "Comic strip fiction / graphic novels (Children's / Teenage)"
        ]
    },
    {
        "page": "80",
        "title": [
            "Best Friends! (the Not So Little Princess)"
        ],
        "author": [
            "Wendy Finney",
            "Tony Ross"
        ],
        "format": [
            "Paperback"
        ],
        "isbn": [
            "9781783445110"
        ],
        "publication_date": [
            "01-10-2019"
        ],
        "category": [
            "General fiction (Children's / Teenage)"
        ]
    },
    {
        "page": "82",
        "title": [
            "Betcha Can't Read Just One"
        ],
        "author": [
            "Alan Dean Foster"
        ],
        "format": [
            "01-12-1993"
        ],
        "isbn": [
            "9780441248834"
        ],
        "publication_date": [
            "English"
        ],
        "category": [
            "Science fiction"
        ]
    },
    {
        "page": "83",
        "title": [
            "Beyond Done with the Crying"
        ],
        "author": [
            "Sheri McGregor"
        ],
        "format": [
            "Paperback"
        ],
        "isbn": [
            "9780997352252"
        ],
        "publication_date": [
            "09-12-2021"
        ],
        "category": [
            "Self-help & personal development"
        ]
    },
    {
        "page": "85",
        "title": [
            "Big Questions for Little Learners: Why Are There No Dinosaurs Today?"
        ],
        "author": [],
        "format": [
            "Hardback"
        ],
        "isbn": [
            "9781925584431"
        ],
        "publication_date": [
            "25-05-2021"
        ],
        "category": [
            "Sports & outdoor recreation"
        ]
    },
    {
        "page": "86",
        "title": [
            "Big Truck Little Island"
        ],
        "author": [
            "Chris Van Dusen"
        ],
        "format": [
            "Hardback"
        ],
        "isbn": [
            "9781536203936"
        ],
        "publication_date": [
            "06-09-2022"
        ],
        "category": [
            "General fiction (Children's / Teenage)"
        ]
    },
    {
        "page": "84",
        "title": [
            "Beyond Magenta"
        ],
        "author": [
            "Susan Kuklin"
        ],
        "format": [
            "Paperback"
        ],
        "isbn": [
            "9780763673680"
        ],
        "publication_date": [
            "01-03-2015"
        ],
        "category": [
            "Personal & social issues: self-awareness & self-esteem (Children's / Teenage)"
        ]
    },
    {
        "page": "87",
        "title": [
            "Bikes and Bloomers"
        ],
        "author": [
            "Kat Jungnickel"
        ],
        "format": [
            "Hardback"
        ],
        "isbn": [
            "9781906897758"
        ],
        "publication_date": [
            "04-05-2018"
        ],
        "category": [
            "History"
        ]
    },
    {
        "page": "88",
        "title": [
            "Billionaire Boy"
        ],
        "author": [
            "David Walliams",
            "Tony Ross"
        ],
        "format": [
            "Paperback"
        ],
        "isbn": [
            "9780007445349"
        ],
        "publication_date": [
            "04-08-2011"
        ],
        "category": [
            "Humorous stories (Children's / Teenage)"
        ]
    },
    {
        "page": "89",
        "title": [
            "Bittersweet"
        ],
        "author": [
            "Karan Sotoodeh"
        ],
        "format": [
            "Paperback"
        ],
        "isbn": [
            "9781922697264"
        ],
        "publication_date": [
            "19-07-2022"
        ],
        "category": [
            "Self-help & personal development",
            "Memoirs"
        ]
    },
    {
        "page": "91",
        "title": [
            "Blood Sacrifice"
        ],
        "author": [
            "Jennakay Francis"
        ],
        "format": [
            "Paperback"
        ],
        "isbn": [
            "9798201771423"
        ],
        "publication_date": [
            "16-04-2022"
        ],
        "category": [
            "Fantasy & magical realism (Children's / Teenage)"
        ]
    },
    {
        "page": "90",
        "title": [
            "Blood and Honey"
        ],
        "author": [
            "Shelby Mahurin"
        ],
        "format": [
            "Hardback"
        ],
        "isbn": [
            "9780062878052"
        ],
        "publication_date": [
            "29-10-2020"
        ],
        "category": [
            "Fantasy & magical realism (Children's / Teenage)"
        ]
    },
    {
        "page": "92",
        "title": [
            "Blow a Kiss, Catch a Kiss"
        ],
        "author": [
            "Joseph Coelho",
            "Nicola Killen"
        ],
        "format": [
            "Hardback"
        ],
        "isbn": [
            "9781839131363"
        ],
        "publication_date": [
            "04-10-2022"
        ],
        "category": [
            "Children's / Teenage poetry"
        ]
    },
    {
        "page": "94",
        "title": [
            "Bone of My Bone"
        ],
        "author": [
            "Karen Wiesner"
        ],
        "format": [
            "Paperback"
        ],
        "isbn": [
            "9798223432760"
        ],
        "publication_date": [
            "27-08-2023"
        ],
        "category": [
            "Adult & contemporary romance"
        ]
    },
    {
        "page": "9",
        "title": [
            "A Hero's Hope"
        ],
        "author": [
            "Alex Williams",
            "Rachel Le Mesurier"
        ],
        "format": [
            "Paperback"
        ],
        "isbn": [
            "9781990158506"
        ],
        "publication_date": [
            "12-07-2022"
        ],
        "category": [
            "Historical Fiction"
        ]
    },
    {
        "page": "96",
        "title": [
            "Bound Spirits"
        ],
        "author": [
            "Karen Wiesner"
        ],
        "format": [
            "Paperback"
        ],
        "isbn": [
            "9798215524886"
        ],
        "publication_date": [
            "23-11-2022"
        ],
        "category": [
            "Fantasy romance"
        ]
    },
    {
        "page": "98",
        "title": [
            "Bravelands: Thunder on the Plains #3: Realm of Lost Spirits"
        ],
        "author": [
            "Erin Hunter"
        ],
        "format": [
            "Hardback"
        ],
        "isbn": [
            "9780062967046"
        ],
        "publication_date": [
            "08-10-2024"
        ],
        "category": [
            "Fantasy & magical realism (Children's / Teenage)"
        ]
    },
    {
        "page": "93",
        "title": [
            "Boats: Fast & Slow"
        ],
        "author": [
            "Jarom Vogel",
            "Iris Volant"
        ],
        "format": [
            "+ years old",
            "Hardback"
        ],
        "isbn": [
            "9781911171522"
        ],
        "publication_date": [
            "Hardback"
        ],
        "category": [
            "Natural history (Childrens/Teenage)",
            "Transport (Children's / Teenage)"
        ]
    },
    {
        "page": "95",
        "title": [
            "Book 1: Grocery Girl"
        ],
        "author": [
            "Virginia'dele Smith"
        ],
        "format": [
            "Hardback"
        ],
        "isbn": [
            "9781957036021"
        ],
        "publication_date": [
            "03-12-2021"
        ],
        "category": [
            "Romance"
        ]
    },
    {
        "page": "99",
        "title": [
            "Break"
        ],
        "author": [
            "Kayla Miller"
        ],
        "format": [
            "Paperback"
        ],
        "isbn": [
            "9780358414223"
        ],
        "publication_date": [
            "02-01-2024"
        ],
        "category": [
            "Personal & social issues (Children's / Teenage)"
        ]
    },
    {
        "page": "97",
        "title": [
            "Boundaries"
        ],
        "author": [
            "Sally M. Walker"
        ],
        "format": [
            "Paperback"
        ],
        "isbn": [
            "9780763673314"
        ],
        "publication_date": [
            "09-09-2014"
        ],
        "category": [
            "People & places (Children's / Teenage)",
            "Educational: Social sciences"
        ]
    }
]