[
    {
        "page": "0",
        "title": [
            "1 & 2 Samuel: A Theological Commentary on the Bible"
        ],
        "author": [
            "David H. Jensen"
        ],
        "isbn_13": [
            "9781611646009"
        ],
        "publisher": [
            "Westminster John Knox Press"
        ],
        "publication_date": [
            "08/24/2015"
        ],
        "format": [
            "eBook"
        ],
        "page_count": [
            "336"
        ]
    },
    {
        "page": "1",
        "title": [
            "1 & 2 Samuel: A Theological Commentary on the Bible"
        ],
        "author": [
            "David H. Jensen"
        ],
        "isbn_13": [
            "9781611646009"
        ],
        "publisher": [
            "Westminster John Knox Press"
        ],
        "publication_date": [
            "08/24/2015"
        ],
        "format": [
            "eBook"
        ],
        "page_count": [
            "336"
        ]
    },
    {
        "page": "10",
        "title": [
            "100 Days in Heaven"
        ],
        "author": [
            "James A. Durham"
        ],
        "isbn_13": [
            "2940149299218"
        ],
        "publisher": [
            "Xulon Press"
        ],
        "publication_date": [
            "07/11/2013"
        ],
        "format": [
            "eBook"
        ],
        "page_count": [
            "290"
        ]
    },
    {
        "page": "101",
        "title": [
            "8 Weeks to Optimum Health: A Proven Program for Taking Full Advantage of Your Body's Natural Healing Power"
        ],
        "author": [
            "Andrew Weil"
        ],
        "isbn_13": [
            "9780345498021"
        ],
        "publisher": [
            "Random House Publishing Group"
        ],
        "publication_date": [
            "08/28/2007"
        ],
        "format": [],
        "page_count": [
            "320"
        ]
    },
    {
        "page": "100",
        "title": [],
        "author": [],
        "isbn_13": [
            "0079346170777"
        ],
        "publisher": [],
        "publication_date": [
            "05/01/2015"
        ],
        "format": [],
        "page_count": []
    },
    {
        "page": "102",
        "title": [
            "9 from the Nine Worlds (Magnus Chase and the Gods of Asgard Series)"
        ],
        "author": [
            "Rick Riordan"
        ],
        "isbn_13": [
            "9781368024044"
        ],
        "publisher": [
            "Disney Publishing Group"
        ],
        "publication_date": [
            "10/02/2018"
        ],
        "format": [],
        "page_count": [
           "176"
        ]
    },
    {
        "page": "103",
        "title": [
            "935 Lies: The Future of Truth and the Decline of America's Moral Integrity"
        ],
        "author": [
            "Charles Lewis"
        ],
        "isbn_13": [
            "9781610391177"
        ],
        "publisher": [
            "PublicAffairs"
        ],
        "publication_date": [
            "06/24/2014"
        ],
        "format": [
            "6.20(w) x 9.40(h) x 1.50(d)"
        ],
        "page_count": [
            "392"
        ]
    },
    {
        "page": "11",
        "title": [
            "100 Minds That Made the Market"
        ],
        "author": [
            "Kenneth L. Fisher",
            "Ken Fisher"
        ],
        "isbn_13": [
            "9780470139516"
        ],
        "publisher": [
            "Wiley"
        ],
        "publication_date": [
            "08/24/2007"
        ],
        "format": [],
        "page_count": [
            "448"
        ]
    },
    {
        "page": "12",
        "title": [
            "100 of Your Toughest Business Emails: Solved: Plug and Play Ideas From a Seasoned Corporate Communications Manager"
        ],
        "author": [
            "Megan Sharma"
        ],
        "isbn_13": [
            "9781980218791"
        ],
        "publisher": [
            "Independently Published"
        ],
        "publication_date": [
            "08/07/2017"
        ],
        "format": [
            "5.51(w) x 8.50(h) x 0.24(d)"
        ],
        "page_count": [
            "116"
        ]
    },
    {
        "page": "104",
        "title": [
            "99.9 Ways to Travel Switzerland Like a Local"
        ],
        "author": [
            "Brian Opyd (Photographer)",
            "Chantal Panozzo",
            "Wojciech Jarosz (Photographer)"
        ],
        "isbn_13": [
            "9780990315551"
        ],
        "publisher": [
            "Cross Border Content Inc."
        ],
        "publication_date": [
            "05/02/2017"
        ],
        "format": [
            "eBook"
        ],
        "page_count": [
            "326"
        ]
    },
    {
        "page": "13",
        "title": [
            "100 of Your Toughest Business Emails: Solved: Plug and Play Ideas From a Seasoned Corporate Communications Manager"
        ],
        "author": [
            "Megan Sharma"
        ],
        "isbn_13": [
            "2940154485873"
        ],
        "publisher": [
            "Megan Sharma"
        ],
        "publication_date": [
            "07/25/2017"
        ],
        "format": [
            "eBook"
        ],
        "page_count": [
            ""
        ]
    },
    {
        "page": "14",
        "title": [
            "100 Things Every Designer Needs to Know About People"
        ],
        "author": [
            "Susan M. Weinschenk",
            "Susan Weinschenk"
        ],
        "isbn_13": [
            "9780132658607"
        ],
        "publisher": [
            "Pearson Education"
        ],
        "publication_date": [
            "04/14/2011"
        ],
        "format": [
            "eBook"
        ],
        "page_count": [
            "256"
        ]
    },
    {
        "page": "17",
        "title": [
            "100 ways to increase website traffic: Traffic is king"
        ],
        "author": [
            "Eric Tung"
        ],
        "isbn_13": [
            "2940166136244"
        ],
        "publisher": [
            "Tsai Yi Hung"
        ],
        "publication_date": [
            "03/17/2022"
        ],
        "format": [
            "eBook"
        ],
        "page_count": [
            "53"
        ]
    },
    {
        "page": "15",
        "title": [
            "100 THINGS JESUS DID NOT SAY"
        ],
        "author": [
            "VINCENT CHIEDU"
        ],
        "isbn_13": [
            "2940150862241"
        ],
        "publisher": [
            "Xulon Press"
        ],
        "publication_date": [
            "08/31/2015"
        ],
        "format": [
            "eBook"
        ],
        "page_count": [
            "384"
        ]
    },
    {
        "page": "2",
        "title": [
            "1"
        ],
        "author": [
            "Katherine Bucknell"
        ],
        "isbn_13": [
            "9781623730147"
        ],
        "publisher": [
            "Odyssey Editions"
        ],
        "publication_date": [
            "04/01/2013"
        ],
        "format": [
            "eBook"
        ],
        "page_count": [
            "287"
        ]
    },
    {
        "page": "18",
        "title": [
            "1000 African Heroes"
        ],
        "author": [
            "Dallys-Tom Medali"
        ],
        "isbn_13": [
            "2940155838302"
        ],
        "publisher": [
            "Dallys-Tom Medali"
        ],
        "publication_date": [
            "09/27/2018"
        ],
        "format": [
            "eBook"
        ],
        "page_count": [
            ""
        ]
    },
    {
        "page": "19",
        "title": [
            "10,000 Things I Hate About You: A V-Card Diaries Prequel"
        ],
        "author": [
            "Lili Valente"
        ],
        "isbn_13": [
            "2940161120613"
        ],
        "publisher": [
            "Self Taught Ninja"
        ],
        "publication_date": [
            "03/30/2022"
        ],
        "format": [
            "eBook"
        ],
        "page_count": [
            ""
        ]
    },
    {
        "page": "20",
        "title": [
            "1001 Things Every College Student Needs to Know: (Like Buying Your Books Before Exams Start)"
        ],
        "author": [
            "Harry Harrison"
        ],
        "isbn_13": [
            "9781404104341"
        ],
        "publisher": [
            "Nelson, Thomas, Inc."
        ],
        "publication_date": [
            "03/18/2008"
        ],
        "format": [
            "New Edition"
        ],
        "page_count": [
            "302"
        ]
    },
    {
        "page": "16",
        "title": [
            "100 THINGS JESUS DID NOT SAY"
        ],
        "author": [
            "VINCENT CHIEDU"
        ],
        "isbn_13": [
            "2940150862241"
        ],
        "publisher": [
            "Xulon Press"
        ],
        "publication_date": [
            "08/31/2015"
        ],
        "format": [
            "eBook"
        ],
        "page_count": [
            "384"
        ]
    },
    {
        "page": "22",
        "title": [
            "101 Conceitos de Arquitetura e Urbanismo na era digital"
        ],
        "author": [
            "Juliane Fonseca",
            "Vinicius Morais",
            "Jo\u00e3o Gaspar",
            "Fernando Lima",
            "Frederico Braida"
        ],
        "isbn_13": [
            "9788561453534"
        ],
        "publisher": [
            "ProBooks"
        ],
        "publication_date": [
            "09/01/2017"
        ],
        "format": [
            "eBook"
        ],
        "page_count": [
            "256"
        ]
    },
    {
        "page": "23",
        "title": [
            "101 Conceitos de Arquitetura e Urbanismo na era digital"
        ],
        "author": [
            "Juliane Fonseca",
            "Vinicius Morais",
            "Jo\u00e3o Gaspar",
            "Fernando Lima",
            "Frederico Braida"
        ],
        "isbn_13": [
            "9788561453534"
        ],
        "publisher": [
            "ProBooks"
        ],
        "publication_date": [
            "09/01/2017"
        ],
        "format": [
            "eBook"
        ],
        "page_count": [
            "256"
        ]
    },
    {
        "page": "24",
        "title": [
            "101 Conceitos de Arquitetura e Urbanismo na era digital"
        ],
        "author": [
            "Juliane Fonseca",
            "Vinicius Morais",
            "Jo\u00e3o Gaspar",
            "Fernando Lima",
            "Frederico Braida"
        ],
        "isbn_13": [
            "9788561453534"
        ],
        "publisher": [
            "ProBooks"
        ],
        "publication_date": [
            "09/01/2017"
        ],
        "format": [
            "eBook"
        ],
        "page_count": [
            "256"
        ]
    },
    {
        "page": "21",
        "title": [
            "101 Conceitos de Arquitetura e Urbanismo na era digital"
        ],
        "author": [
            "Juliane Fonseca",
            "Vinicius Morais",
            "Jo\u00e3o Gaspar",
            "Fernando Lima",
            "Frederico Braida"
        ],
        "isbn_13": [
            "9788561453534"
        ],
        "publisher": [
            "ProBooks"
        ],
        "publication_date": [
            "09/01/2017"
        ],
        "format": [
            "eBook"
        ],
        "page_count": [
            "256"
        ]
    },
    {
        "page": "26",
        "title": [
            "101 Conceitos de Arquitetura e Urbanismo na era digital"
        ],
        "author": [
            "Juliane Fonseca",
            "Vinicius Morais",
            "Jo\u00e3o Gaspar",
            "Fernando Lima",
            "Frederico Braida"
        ],
        "isbn_13": [
            "9788561453534"
        ],
        "publisher": [
            "ProBooks"
        ],
        "publication_date": [
            "09/01/2017"
        ],
        "format": [
            "eBook"
        ],
        "page_count": [
            "256"
        ]
    },
    {
        "page": "25",
        "title": [
            "101 Conceitos de Arquitetura e Urbanismo na era digital"
        ],
        "author": [
            "Juliane Fonseca",
            "Vinicius Morais",
            "Jo\u00e3o Gaspar",
            "Fernando Lima",
            "Frederico Braida"
        ],
        "isbn_13": [
            "9788561453534"
        ],
        "publisher": [
            "ProBooks"
        ],
        "publication_date": [
            "09/01/2017"
        ],
        "format": [
            "eBook"
        ],
        "page_count": [
            "256"
        ]
    },
    {
        "page": "28",
        "title": [
            "101 My Brother Ain't So Smart Jokes"
        ],
        "author": [
            "Paul Flanagan"
        ],
        "isbn_13": [
            "2940180187024"
        ],
        "publisher": [
            "Paul Flanagan"
        ],
        "publication_date": [
            "08/29/2024"
        ],
        "format": [
            "eBook"
        ],
        "page_count": [
            ""
        ]
    },
    {
        "page": "29",
        "title": [
            "101 NOTORIOUS PIRATES"
        ],
        "author": [
            "Eric Pleska"
        ],
        "isbn_13": [
            "9781663517838"
        ],
        "publisher": [
            "Barnes & Noble Press"
        ],
        "publication_date": [
            "11/09/2020"
        ],
        "format": [],
        "page_count": [
            "204"
        ]
    },
    {
        "page": "3",
        "title": [
            "10-4 and I'm Gone"
        ],
        "author": [
            "Frederic Harrop"
        ],
        "isbn_13": [
            "9781493132928"
        ],
        "publisher": [
            "Xlibris AU"
        ],
        "publication_date": [
            "01/16/2014"
        ],
        "format": [
            "eBook"
        ],
        "page_count": [
            "146"
        ]
    },
    {
        "page": "30",
        "title": [
            "101 Pat-Downs: An Undercover Look at Airport Security and the TSA"
        ],
        "author": [
            "Shawna Malvini Redden"
        ],
        "isbn_13": [
            "9781640123625"
        ],
        "publisher": [
            "Potomac Books"
        ],
        "publication_date": [
            "06/01/2021"
        ],
        "format": [
            "6.00(w) x 9.00(h) x (d)"
        ],
        "page_count": [
            "296"
        ]
    },
    {
        "page": "27",
        "title": [
            "101 Fascinating Facts About 10 Endangered Animals In The World!: Educational Animals Book For Kids"
        ],
        "author": [
            "Melissa Young"
        ],
        "isbn_13": [
            "9781541025752"
        ],
        "publisher": [
            "CreateSpace Publishing"
        ],
        "publication_date": [
            "12/10/2016"
        ],
        "format": [
            "5.98(w) x 9.02(h) x 0.21(d)"
        ],
        "page_count": [
            "100"
        ]
    },
    {
        "page": "32",
        "title": [
            "103 Pilgrims"
        ],
        "author": [
            "Rick Pontz"
        ],
        "isbn_13": [
            "9781948261296"
        ],
        "publisher": [
            "Hugo House Publishers"
        ],
        "publication_date": [
            "02/17/2020"
        ],
        "format": [
            "6.00(w) x 9.00(h) x 0.56(d)"
        ],
        "page_count": [
            "246"
        ]
    },
    {
        "page": "34",
        "title": [
            "12 reglas para vivir: Un ant\u00eddoto al caos / 12 Rules for Life: An Antidote to Chaos"
        ],
        "author": [
            "Jordan B. Peterson"
        ],
        "isbn_13": [
            "9786070755620"
        ],
        "publisher": [
            "Planeta Publishing Corporation"
        ],
        "publication_date": [
            "03/12/2019"
        ],
        "format": [],
        "page_count": [
            "512"
        ]
    },
    {
        "page": "35",
        "title": [
            "1,200 Words You Should Know to Sound Smart: Essential Words Every Sophisticated Person Should be Able to Use"
        ],
        "author": [
            "Robert W. Bly"
        ],
        "isbn_13": [
            "9781435165472"
        ],
        "publisher": [
            "Fall River Press"
        ],
        "publication_date": [
            "02/02/2017"
        ],
        "format": [],
        "page_count": [
            "256"
        ]
    },
    {
        "page": "36",
        "title": [
            "14 Habits of Highly Productive Developers"
        ],
        "author": [
            "Briza Bueno (Illustrator)",
            "Zeno Rocha"
        ],
        "isbn_13": [
            "9781735266534"
        ],
        "publisher": [
            "Zeno Rocha"
        ],
        "publication_date": [
            "01/14/2021"
        ],
        "format": [],
        "page_count": [
            "156"
        ]
    },
    {
        "page": "33",
        "title": [
            "108 Pearls to Awaken Your Healing Potential: A Cardiologist Translates the Science of Health and Healing into Practice"
        ],
        "author": [
            "Mimi Guarneri M.D."
        ],
        "isbn_13": [
            "9781401945787"
        ],
        "publisher": [
            "Hay House Inc."
        ],
        "publication_date": [
            "01/11/2022"
        ],
        "format": [],
        "page_count": [
            "264"
        ]
    },
    {
        "page": "31",
        "title": [
            "101 Secrets For Your Twenties"
        ],
        "author": [
            "PAUL ANGONE",
            "Paul Angone"
        ],
        "isbn_13": [
            "9780802410849"
        ],
        "publisher": [
            "Moody Publishers"
        ],
        "publication_date": [
            "07/01/2013"
        ],
        "format": [],
        "page_count": [
            "208"
        ]
    },
    {
        "page": "37",
        "title": [
            "14 Words From Jesus"
        ],
        "author": [
            "Philip G. Ryken",
            "James Montgomery Boice"
        ],
        "isbn_13": [
            "2940149165414"
        ],
        "publisher": [
            "Christian Focus Publications"
        ],
        "publication_date": [
            "05/01/2013"
        ],
        "format": [
            "eBook"
        ],
        "page_count": [
            "160"
        ]
    },
    {
        "page": "38",
        "title": [
            "14 Words From Jesus"
        ],
        "author": [
            "Philip G. Ryken",
            "James Montgomery Boice"
        ],
        "isbn_13": [
            "2940149165414"
        ],
        "publisher": [
            "Christian Focus Publications"
        ],
        "publication_date": [
            "05/01/2013"
        ],
        "format": [
            "eBook"
        ],
        "page_count": [
            "160"
        ]
    },
    {
        "page": "4",
        "title": [
            "10/7: 100 Human Stories"
        ],
        "author": [
            "Joshua Cohen (Contribution by)",
            "Lee Yaron"
        ],
        "isbn_13": [
            "9781250366283"
        ],
        "publisher": [
            "St. Martin's Publishing Group"
        ],
        "publication_date": [
            "09/24/2024"
        ],
        "format": [],
        "page_count": [
            "288"
        ]
    },
    {
        "page": "40",
        "title": [
            "150+ Screen-Free Activities for Kids: The Very Best and Easiest Playtime Activities from FunAtHomeWithKids.com!"
        ],
        "author": [
            "Asia Citro"
        ],
        "isbn_13": [
            "9781440576157"
        ],
        "publisher": [
            "Adams Media"
        ],
        "publication_date": [
            "11/01/2014"
        ],
        "format": [],
        "page_count": [
            "256"
        ]
    },
    {
        "page": "41",
        "title": [
            "1789: A hist\u00f3ria de Tiradentes, contrabandistas, assassinos e poetas que sonharam a Independ\u00eancia do Brasil"
        ],
        "author": [
            "Pedro Doria"
        ],
        "isbn_13": [
            "9788595082731"
        ],
        "publisher": [
            "HarperCollins Brasil"
        ],
        "publication_date": [
            "12/20/2017"
        ],
        "format": [
            "eBook"
        ],
        "page_count": [
            "320"
        ]
    },
    {
        "page": "42",
        "title": [
            "1914-1918: A hist\u00f3ria da Primeira Guerra Mundial"
        ],
        "author": [
            "David Stevenson"
        ],
        "isbn_13": [
            "9788542809558"
        ],
        "publisher": [
            "Editora Novo S\u00e9culo"
        ],
        "publication_date": [
            "09/19/2016"
        ],
        "format": [
            "eBook"
        ],
        "page_count": [
            "752"
        ]
    },
    {
        "page": "43",
        "title": [
            "1930: Europe in the Shadow of the Beast"
        ],
        "author": [
            "Arthur Haberman"
        ],
        "isbn_13": [
            "9781771123617"
        ],
        "publisher": [
            "Wilfrid Laurier University Press"
        ],
        "publication_date": [
            "09/25/2018"
        ],
        "format": [
            "6.00(w) x 9.00(h) x (d)"
        ],
        "page_count": [
            "216"
        ]
    },
    {
        "page": "44",
        "title": [
            "1932: FDR, Hoover, and the Dawn of a New America"
        ],
        "author": [
            "Scott  Martelle"
        ],
        "isbn_13": [
            "2940159931924"
        ],
        "publisher": [
            "Tantor Audio"
        ],
        "publication_date": [
            "11/28/2023"
        ],
        "format": [],
        "page_count": []
    },
    {
        "page": "46",
        "title": [
            "1941: The Year Germany Lost the War"
        ],
        "author": [
            "Andrew Nagorski"
        ],
        "isbn_13": [
            "9781501181115"
        ],
        "publisher": [
            "Simon & Schuster"
        ],
        "publication_date": [
            "06/04/2019"
        ],
        "format": [
            "6.10(w) x 9.10(h) x 1.40(d)"
        ],
        "page_count": [
            "400"
        ]
    },
    {
        "page": "39",
        "title": [
            "15"
        ],
        "author": [
            "J.S. Kierland"
        ],
        "isbn_13": [
            "2940150394797"
        ],
        "publisher": [
            "Underground Voices"
        ],
        "publication_date": [
            "08/20/2014"
        ],
        "format": [
            "eBook"
        ],
        "page_count": [
            "252"
        ]
    },
    {
        "page": "45",
        "title": [
            "1932: FDR, Hoover, and the Dawn of a New America"
        ],
        "author": [
            "Scott  Martelle"
        ],
        "isbn_13": [
            "2940159931924"
        ],
        "publisher": [
            "Tantor Audio"
        ],
        "publication_date": [
            "11/28/2023"
        ],
        "format": [],
        "page_count": []
    },
    {
        "page": "47",
        "title": [
            "1973: Early Applause"
        ],
        "author": [
            "Tobias Maxwell"
        ],
        "isbn_13": [
            "9781627877459"
        ],
        "publisher": [
            "Libero Printemps Books"
        ],
        "publication_date": [
            "10/28/2019"
        ],
        "format": [
            "5.00(w) x 8.00(h) x 0.53(d)"
        ],
        "page_count": [
            "232"
        ]
    },
    {
        "page": "48",
        "title": [],
        "author": [],
        "isbn_13": [
            "0681410193300"
        ],
        "publisher": [],
        "publication_date": [
            "09/25/2019"
        ],
        "format": [],
        "page_count": []
    },
    {
        "page": "49",
        "title": [
            "1984"
        ],
        "author": [
            "Sandra Newman (Afterword)",
            "George Orwell",
            "Dolen Perkins-Valdez (Introduction)"
        ],
        "isbn_13": [
            "9780452262935"
        ],
        "publisher": [
            "Penguin Publishing Group"
        ],
        "publication_date": [
            "04/01/1983"
        ],
        "format": [],
        "page_count": [
            "318",
            "320"
        ]
    },
    {
        "page": "5",
        "title": [
            "10 Love Poems"
        ],
        "author": [
            "Bill Eberle",
            "Bill Eberle (Photographer)"
        ],
        "isbn_13": [
            "2940015131338"
        ],
        "publisher": [
            "wcePublishing"
        ],
        "publication_date": [
            "09/06/2012"
        ],
        "format": [
            "eBook"
        ],
        "page_count": [
            ""
        ]
    },
    {
        "page": "52",
        "title": [
            "#1nspiringT: Your Next Step in Business Development"
        ],
        "author": [
            "Bart Jenezon"
        ],
        "isbn_13": [
            "9781631954856"
        ],
        "publisher": [
            "Morgan James Publishing"
        ],
        "publication_date": [
            "07/06/2021"
        ],
        "format": [
            "eBook"
        ],
        "page_count": [
            ""
        ]
    },
    {
        "page": "50",
        "title": [
            "1984: 75th Anniversary"
        ],
        "author": [
            "Sandra Newman (Afterword)",
            "George Orwell",
            "Dolen Perkins-Valdez (Introduction)"
        ],
        "isbn_13": [
            "9780451524935"
        ],
        "publisher": [
            "Penguin Publishing Group"
        ],
        "publication_date": [
            "07/01/1950"
        ],
        "format": [],
        "page_count": [
            "352"
        ]
    },
    {
        "page": "53",
        "title": [
            "2 Samuel"
        ],
        "author": [
            "Ephraim Radner (Editor)",
            "Michael Root (Editor)",
            "Robert Barron",
            "Robert Wilken (Editor)",
            "Robert Jenson (Editor)"
        ],
        "isbn_13": [
            "9781587434198"
        ],
        "publisher": [
            "Baker Publishing Group"
        ],
        "publication_date": [
            "12/05/2017"
        ],
        "format": [],
        "page_count": [
            "240"
        ]
    },
    {
        "page": "54",
        "title": [
            "2 Vegetable Gardening Books for Beginners"
        ],
        "author": [
            "Kathy Barnett"
        ],
        "isbn_13": [
            "2940153182254"
        ],
        "publisher": [
            "Fishback Creations Company"
        ],
        "publication_date": [
            "06/08/2016"
        ],
        "format": [
            "eBook"
        ],
        "page_count": [
            ""
        ]
    },
    {
        "page": "51",
        "title": [
            "#1nspiringT: Your Next Step in Business Development"
        ],
        "author": [
            "Bart Jenezon"
        ],
        "isbn_13": [
            "9781631954832"
        ],
        "publisher": [
            "Morgan James Publishing"
        ],
        "publication_date": [
            "10/26/2021"
        ],
        "format": [
            "5.00(w) x 8.00(h) x 0.29(d)"
        ],
        "page_count": [
            "108"
        ]
    },
    {
        "page": "56",
        "title": [
            "2011 National Electrical Code Chapter-By-Chapter"
        ],
        "author": [
            "David Herres"
        ],
        "isbn_13": [
            "9780071774109"
        ],
        "publisher": [
            "McGraw Hill LLC"
        ],
        "publication_date": [
            "09/13/2011"
        ],
        "format": [
            "eBook"
        ],
        "page_count": [
            "400"
        ]
    },
    {
        "page": "55",
        "title": [
            "2001 Games (And Counting): A Sports Odyssey"
        ],
        "author": [
            "Steve Basford"
        ],
        "isbn_13": [
            "9781633376489"
        ],
        "publisher": [
            "Proving Press"
        ],
        "publication_date": [
            "07/26/2022"
        ],
        "format": [
            "6.00(w) x 9.00(h) x 0.55(d)"
        ],
        "page_count": [
            "264"
        ]
    },
    {
        "page": "57",
        "title": [
            "2011 National Electrical Code Chapter-By-Chapter"
        ],
        "author": [
            "David Herres"
        ],
        "isbn_13": [
            "9780071774109"
        ],
        "publisher": [
            "McGraw Hill LLC"
        ],
        "publication_date": [
            "09/13/2011"
        ],
        "format": [
            "eBook"
        ],
        "page_count": [
            "400"
        ]
    },
    {
        "page": "58",
        "title": [
            "2012"
        ],
        "author": [
            "Harley's War"
        ],
        "isbn_13": [
            "02/07/2012"
        ],
        "publisher": [],
        "publication_date": [
            "0760137518228"
        ],
        "format": [],
        "page_count": []
    },
    {
        "page": "59",
        "title": [
            "2014 Weird & Wacky Holiday Marketing Guide"
        ],
        "author": [
            "Jennifer Cote (Photographer)",
            "Wendy VanHatten (Editor)",
            "DocUmeant Designs (Compiler)",
            "Ginger Marks"
        ],
        "isbn_13": [
            "2940148909903"
        ],
        "publisher": [
            "DocUmeant Publishing"
        ],
        "publication_date": [
            "12/05/2013"
        ],
        "format": [
            "eBook"
        ],
        "page_count": [
            "158"
        ]
    },
    {
        "page": "60",
        "title": [
            "2022 Favorite Photos"
        ],
        "author": [
            "Steve Kaye"
        ],
        "isbn_13": [
            "9781884110320"
        ],
        "publisher": [
            "Steve Kaye"
        ],
        "publication_date": [
            "02/22/2023"
        ],
        "format": [
            "8.00(w) x 8.00(h) x 0.16(d)"
        ],
        "page_count": [
            "62"
        ]
    },
    {
        "page": "61",
        "title": [
            "21st Century Dead: A Zombie Anthology"
        ],
        "author": [
            "Christopher Golden"
        ],
        "isbn_13": [
            "9780312605841"
        ],
        "publisher": [
            "St. Martin's Publishing Group"
        ],
        "publication_date": [
            "07/17/2012"
        ],
        "format": [],
        "page_count": [
            "352"
        ]
    },
    {
        "page": "6",
        "title": [
            "10 ouvres du bac fran\u00e7ais"
        ],
        "author": [
            "Arthur Rimbaud",
            "Abb\u00e9 Pr\u00e9vost",
            "Moli\u00e8re"
        ],
        "isbn_13": [
            "9782384613465"
        ],
        "publisher": [
            "Librofilio"
        ],
        "publication_date": [
            "07/10/2024"
        ],
        "format": [
            "eBook"
        ],
        "page_count": [
            "1145"
        ]
    },
    {
        "page": "63",
        "title": [],
        "author": [],
        "isbn_13": [
            ""
        ],
        "publisher": [],
        "publication_date": [
            "Quarterly"
        ],
        "format": [
            "NOOK Magazine"
        ],
        "page_count": []
    },
    {
        "page": "64",
        "title": [
            "28-Day Plant-Powered Health Reboot: Reset Your Body, Lose Weight, Gain Energy & Feel Great"
        ],
        "author": [
            "Wendy Lopez",
            "Jessica Jones"
        ],
        "isbn_13": [
            "9781624143588"
        ],
        "publisher": [
            "Page Street Publishing"
        ],
        "publication_date": [
            "01/17/2017"
        ],
        "format": [],
        "page_count": [
            "224"
        ]
    },
    {
        "page": "65",
        "title": [
            "3 Warnings"
        ],
        "author": [
            "Marc Estrin"
        ],
        "isbn_13": [
            "2940158742453"
        ],
        "publisher": [
            "Fomite"
        ],
        "publication_date": [
            "11/04/2017"
        ],
        "format": [
            "eBook"
        ],
        "page_count": [
            "24"
        ]
    },
    {
        "page": "66",
        "title": [
            "3013: Wonderland (3013: The Series)"
        ],
        "author": [
            "Laurie Roma"
        ],
        "isbn_13": [
            "2940180947000"
        ],
        "publisher": [
            "Laurie Roma"
        ],
        "publication_date": [
            "10/28/2024"
        ],
        "format": [
            "eBook"
        ],
        "page_count": [
            ""
        ]
    },
    {
        "page": "62",
        "title": [
            "25 Reasons Why Jesus Was Born: Daily Reflections for Celebrating Advent"
        ],
        "author": [
            "Scott Jackson"
        ],
        "isbn_13": [
            "9781734896503"
        ],
        "publisher": [
            "Blessed Light Press"
        ],
        "publication_date": [
            "10/08/2020"
        ],
        "format": [
            "5.50(w) x 8.50(h) x 0.28(d)"
        ],
        "page_count": [
            "120"
        ]
    },
    {
        "page": "69",
        "title": [
            "31 Hechos Acerca de La Sabidur\u00eda"
        ],
        "author": [
            "Mike Murdock"
        ],
        "isbn_13": [
            "2940148845225"
        ],
        "publisher": [
            "Wisdom International, Inc."
        ],
        "publication_date": [
            "01/02/2014"
        ],
        "format": [
            "eBook"
        ],
        "page_count": [
            "36"
        ]
    },
    {
        "page": "67",
        "title": [
            "31 Days of Encouragement as We Grow Older"
        ],
        "author": [
            "Ruth Myers"
        ],
        "isbn_13": [
            "9781615216864"
        ],
        "publisher": [
            "The Navigators"
        ],
        "publication_date": [
            "07/08/2011"
        ],
        "format": [],
        "page_count": [
            "160",
            "1,068,242"
        ]
    },
    {
        "page": "68",
        "title": [
            "31 Days to a Happy Husband: What a Man Needs Most from His Wife"
        ],
        "author": [
            "Arlene Pellicane"
        ],
        "isbn_13": [
            "9780736946322"
        ],
        "publisher": [
            "Harvest House Publishers"
        ],
        "publication_date": [
            "08/01/2012"
        ],
        "format": [],
        "page_count": [
            "208",
            "5.50(w) x 8.50(h) x 0.46(d)"
        ]
    },
    {
        "page": "7",
        "title": [
            "10 ouvres du bac fran\u00e7ais"
        ],
        "author": [
            "Arthur Rimbaud",
            "Abb\u00e9 Pr\u00e9vost",
            "Moli\u00e8re"
        ],
        "isbn_13": [
            "9782384613465"
        ],
        "publisher": [
            "Librofilio"
        ],
        "publication_date": [
            "07/10/2024"
        ],
        "format": [
            "eBook"
        ],
        "page_count": [
            "1145"
        ]
    },
    {
        "page": "71",
        "title": [
            "318: A Chubby Chick's Tale of Weight Loss Surgery"
        ],
        "author": [
            "Jessyca Mathews"
        ],
        "isbn_13": [
            "9781504984355"
        ],
        "publisher": [
            "AuthorHouse"
        ],
        "publication_date": [
            "03/09/2016"
        ],
        "format": [
            "6.00(w) x 9.00(h) x 0.36(d)"
        ],
        "page_count": [
            "170"
        ]
    },
    {
        "page": "72",
        "title": [
            "360 Degrees of Influence: Get Everyone to Follow Your Lead on Your Way to the Top"
        ],
        "author": [
            "Harrison Monarth"
        ],
        "isbn_13": [
            "9780071773898"
        ],
        "publisher": [
            "McGraw Hill LLC"
        ],
        "publication_date": [
            "12/09/2011"
        ],
        "format": [
            "eBook"
        ],
        "page_count": [
            "288"
        ]
    },
    {
        "page": "70",
        "title": [
            "31 Hechos Acerca de La Sabidur\u00eda"
        ],
        "author": [
            "Mike Murdock"
        ],
        "isbn_13": [
            "2940148845225"
        ],
        "publisher": [
            "Wisdom International, Inc."
        ],
        "publication_date": [
            "01/02/2014"
        ],
        "format": [
            "eBook"
        ],
        "page_count": [
            "36"
        ]
    },
    {
        "page": "73",
        "title": [
            "365 Days of Crystal Magic: Simple Practices with Gemstones & Minerals"
        ],
        "author": [
            "Sandra Kynes"
        ],
        "isbn_13": [
            "9780738754178"
        ],
        "publisher": [
            "Llewellyn Worldwide, LTD."
        ],
        "publication_date": [
            "01/08/2018"
        ],
        "format": [],
        "page_count": [
            "456"
        ]
    },
    {
        "page": "74",
        "title": [
            "4 Sleuths & A Barnstormer (A Killer Foursome Mystery, #3)"
        ],
        "author": [
            "Traci Andrighetti",
            "Arlene McFarlane",
            "Diana Orgain",
            "Leslie Langtry"
        ],
        "isbn_13": [
            "2940166573728"
        ],
        "publisher": [
            "LMAO Press"
        ],
        "publication_date": [
            "01/06/2024"
        ],
        "format": [
            "eBook"
        ],
        "page_count": [
            ""
        ]
    },
    {
        "page": "75",
        "title": [
            "40 Greatest Hits"
        ],
        "author": [
            "Merle Haggard"
        ],
        "isbn_13": [
            "05/25/2004"
        ],
        "publisher": [],
        "publication_date": [
            "0015095573728"
        ],
        "format": [],
        "page_count": []
    },
    {
        "page": "76",
        "title": [
            "40oz to Freedom [LP]"
        ],
        "author": [
            "Sublime"
        ],
        "isbn_13": [
            "06/24/2016"
        ],
        "publisher": [],
        "publication_date": [
            "0602547811554"
        ],
        "format": [],
        "page_count": []
    },
    {
        "page": "78",
        "title": [
            "44 Charles Street"
        ],
        "author": [
            "Danielle Steel"
        ],
        "isbn_13": [
            "9788873396987"
        ],
        "publisher": [
            "SPERLING & KUPFER"
        ],
        "publication_date": [
            "11/13/2012"
        ],
        "format": [
            "eBook"
        ],
        "page_count": [
            ""
        ]
    },
    {
        "page": "77",
        "title": [
            "42 Faith: The Rest of the Jackie Robinson Story"
        ],
        "author": [
            "Ed Henry",
            "Larry King (Foreword by)",
            "Ed Henry (Narrated by)"
        ],
        "isbn_13": [
            "9780718088804"
        ],
        "publisher": [
            "Nelson, Thomas, Inc."
        ],
        "publication_date": [
            "04/04/2017"
        ],
        "format": [],
        "page_count": [
            "368"
        ]
    },
    {
        "page": "79",
        "title": [
            "\u1213\u1295\u1233\u12a5 \u12f5\u1212\u1295\u12ab\u1361 \u12a9\u1209 \u1233\u12d5 \u12f5\u1212\u1295\u12ab\u1367 - ONCE SAVED, ALWAYS SAVED? (Tigrinya): \u1275\u121d\u1205\u122d\u1272 \u1265\u12db\u12d5\u1263 \u1275\u12d5\u01e7"
        ],
        "author": [
            "\u12f4\u126a\u12f5 David \u1353\u12cd\u1236\u1295 Pawson"
        ],
        "isbn_13": [
            "9781913472825"
        ],
        "publisher": [
            "Anchor Recordings Ltd"
        ],
        "publication_date": [
            "04/12/2024"
        ],
        "format": [
            "5.25(w) x 8.00(h) x 0.49(d)"
        ],
        "page_count": [
            "234"
        ]
    },
    {
        "page": "8",
        "title": [
            "10 ouvres du bac fran\u00e7ais"
        ],
        "author": [
            "Arthur Rimbaud",
            "Abb\u00e9 Pr\u00e9vost",
            "Moli\u00e8re"
        ],
        "isbn_13": [
            "9782384613465"
        ],
        "publisher": [
            "Librofilio"
        ],
        "publication_date": [
            "07/10/2024"
        ],
        "format": [
            "eBook"
        ],
        "page_count": [
            "1145"
        ]
    },
    {
        "page": "80",
        "title": [
            "48 Hour Lockdown"
        ],
        "author": [
            "Carla Cassidy"
        ],
        "isbn_13": [
            "9781488067273"
        ],
        "publisher": [
            "Harlequin"
        ],
        "publication_date": [
            "04/01/2020"
        ],
        "format": [
            "eBook"
        ],
        "page_count": [
            "256"
        ]
    },
    {
        "page": "83",
        "title": [
            "5-Minute Daily Writing Prompts: 501 Prompts to Unleash Creativity and Spark Inspiration"
        ],
        "author": [
            "TARN WILSON",
            "Tarn Wilson"
        ],
        "isbn_13": [
            "9781638787907"
        ],
        "publisher": [
            "Callisto Publishing"
        ],
        "publication_date": [
            "04/26/2022"
        ],
        "format": [],
        "page_count": [
            "182"
        ]
    },
    {
        "page": "81",
        "title": [
            "48 Hours to Chaos: An Engineer Looks at Life and How the World Really Works"
        ],
        "author": [
            "John Waterman"
        ],
        "isbn_13": [
            "2940033028757"
        ],
        "publisher": [
            "John Waterman"
        ],
        "publication_date": [
            "01/31/2012"
        ],
        "format": [
            "eBook"
        ],
        "page_count": [
            ""
        ]
    },
    {
        "page": "84",
        "title": [
            "5-STAR [VER. B] ]Barnes & Noble Exclusive]"
        ],
        "author": [
            "Stray Kids"
        ],
        "isbn_13": [
            "06/02/2023"
        ],
        "publisher": [],
        "publication_date": [
            "0196922331671"
        ],
        "format": [],
        "page_count": []
    },
    {
        "page": "82",
        "title": [
            "4th Album '2 Baddies' [Photobook Ver.]"
        ],
        "author": [
            "Nct 127"
        ],
        "isbn_13": [
            "09/16/2022"
        ],
        "publisher": [],
        "publication_date": [
            "8809883962175"
        ],
        "format": [],
        "page_count": []
    },
    {
        "page": "85",
        "title": [
            "50 Dragons"
        ],
        "author": [
            "Rod Marsden"
        ],
        "isbn_13": [
            "2940164050610"
        ],
        "publisher": [
            "Night to Dawn Magazine & Books LLC"
        ],
        "publication_date": [
            "04/22/2020"
        ],
        "format": [
            "eBook"
        ],
        "page_count": [
            ""
        ]
    },
    {
        "page": "86",
        "title": [
            "50 Dragons"
        ],
        "author": [
            "Rod Marsden"
        ],
        "isbn_13": [
            "9781937769628"
        ],
        "publisher": [
            "Night to Dawn"
        ],
        "publication_date": [
            "04/19/2020"
        ],
        "format": [
            "6.00(w) x 9.00(h) x 0.64(d)"
        ],
        "page_count": [
            "284"
        ]
    },
    {
        "page": "88",
        "title": [
            "500 + Celebrities: Go Vegetarian"
        ],
        "author": [
            "Jackie Jones-Hunt PhD"
        ],
        "isbn_13": [
            "9780992866105"
        ],
        "publisher": [
            "House of Light Publishers Limited"
        ],
        "publication_date": [
            "04/10/2014"
        ],
        "format": [],
        "page_count": [
            "264"
        ]
    },
    {
        "page": "87",
        "title": [
            "50 Studies Every Doctor Should Know: The Key Studies that Form the Foundation of Evidence-Based Medicine"
        ],
        "author": [
            "Michael E. Hochman",
            "Steven D. Hochman"
        ],
        "isbn_13": [
            "9780197533666"
        ],
        "publisher": [
            "Oxford University Press"
        ],
        "publication_date": [
            "12/10/2021"
        ],
        "format": [
            "eBook"
        ],
        "page_count": [
            ""
        ]
    },
    {
        "page": "89",
        "title": [
            "501 Ways to Roll Out the Red Carpet for Your Customers: Easy-to-Implement Ideas to Inspire Loyalty, Get New Customers, and Make a Lasting Impression"
        ],
        "author": [
            "Donna Cutting"
        ],
        "isbn_13": [
            "9781632650238"
        ],
        "publisher": [
            "Red Wheel/Weiser"
        ],
        "publication_date": [
            "12/21/2015"
        ],
        "format": [
            ""
        ],
        "page_count": [
            "256"
        ]
    },
    {
        "page": "90",
        "title": [
            "52 Uncommon Dates: A Couple's Adventure Guide for Praying, Playing, and Staying Together"
        ],
        "author": [
            "Randy Southern",
            "Gary Chapman (Introduction)",
            "RANDY SOUTHERN",
            "Christopher Hudson (Editor)"
        ],
        "isbn_13": [
            "9780802411747"
        ],
        "publisher": [
            "Moody Publishers"
        ],
        "publication_date": [
            "06/01/2014"
        ],
        "format": [
            ""
        ],
        "page_count": [
            "224"
        ]
    },
    {
        "page": "9",
        "title": [],
        "author": [],
        "isbn_13": [
            "9780594079934"
        ],
        "publisher": [],
        "publication_date": [
            "04/30/2021"
        ],
        "format": [],
        "page_count": []
    },
    {
        "page": "91",
        "title": [
            "54 Miles: A Novel"
        ],
        "author": [
            "Leonard Pitts",
            "Leonard Pitts, Jr."
        ],
        "isbn_13": [
            "9781572843370"
        ],
        "publisher": [
            "Agate"
        ],
        "publication_date": [
            "07/23/2024"
        ],
        "format": [],
        "page_count": [
            "344"
        ]
    },
    {
        "page": "92",
        "title": [
            "542 Days: Recollection"
        ],
        "author": [
            "Stevie D Parker"
        ],
        "isbn_13": [
            "9798986486536"
        ],
        "publisher": [
            "Literary Dreams Publishing"
        ],
        "publication_date": [
            "10/31/2022"
        ],
        "format": [
            "5.00(w) x 8.00(h) x 0.71(d)"
        ],
        "page_count": [
            "318"
        ]
    },
    {
        "page": "93",
        "title": [
            "56 Days"
        ],
        "author": [
            "Catherine Ryan Howard"
        ],
        "isbn_13": [
            "9798200834389"
        ],
        "publisher": [
            "Blackstone Publishing"
        ],
        "publication_date": [
            "07/26/2022"
        ],
        "format": [],
        "page_count": [
            "394"
        ]
    },
    {
        "page": "94",
        "title": [
            "6 Dates to Disaster"
        ],
        "author": [
            "Cynthia T Toney"
        ],
        "isbn_13": [
            "9781944120245"
        ],
        "publisher": [
            "Write Integrity Press"
        ],
        "publication_date": [
            "12/05/2016"
        ],
        "format": [],
        "page_count": [
            "250"
        ]
    },
    {
        "page": "96",
        "title": [
            "6000 IELTS Vocabulary List"
        ],
        "author": [
            "Pacific Lava"
        ],
        "isbn_13": [
            "2940164878184"
        ],
        "publisher": [
            "Pacific Lava"
        ],
        "publication_date": [
            "04/07/2021"
        ],
        "format": [
            "eBook"
        ],
        "page_count": [
            ""
        ]
    },
    {
        "page": "97",
        "title": [
            "7 Rules of Self-Reliance: How to Stay Low, Keep Moving, Invest in Yourself, and Own Your Future"
        ],
        "author": [
            "Maha Abouelenein"
        ],
        "isbn_13": [
            "9781401978662"
        ],
        "publisher": [
            "Hay House Inc."
        ],
        "publication_date": [
            "10/08/2024"
        ],
        "format": [],
        "page_count": [
            "320"
        ]
    },
    {
        "page": "95",
        "title": [
            "6 Scary Halloween Stories for Teens (Halloween Stories for Kids, #1)"
        ],
        "author": [
            "PW Pretorius",
            "Len du Randt"
        ],
        "isbn_13": [
            "2940152677799"
        ],
        "publisher": [
            "CLaW Publishing"
        ],
        "publication_date": [
            "11/03/2015"
        ],
        "format": [
            "eBook"
        ],
        "page_count": [
            ""
        ]
    },
    {
        "page": "98",
        "title": [
            "7 Sykos"
        ],
        "author": [
            "Jeff Mariotte",
            "Marsheila Rockwell"
        ],
        "isbn_13": [
            "9780062434920"
        ],
        "publisher": [
            "HarperCollins"
        ],
        "publication_date": [
            "03/01/2016"
        ],
        "format": [
            "4.20(w) x 6.60(h) x 1.50(d)"
        ],
        "page_count": [
            "544"
        ]
    },
    {
        "page": "99",
        "title": [
            "70 North"
        ],
        "author": [
            "Kimberley Woodhouse"
        ],
        "isbn_13": [
            "9780825470172"
        ],
        "publisher": [
            "Kregel Publications"
        ],
        "publication_date": [
            "10/15/2024"
        ],
        "format": [
            "eBook"
        ],
        "page_count": [
            ""
        ]
    }
]