[
    {
        "page": "0",
        "title": [
            "The Decorative Work of Robert Adam"
        ],
        "price": [
            "$25.00 AUD"
        ],
        "format": [
            "Format: Secondhand, Hardback"
        ]
    },
    {
        "page": "1",
        "title": [
            "Indian Architecture: : Buddhist and Hindu"
        ],
        "price": [
            "$50.00 AUD"
        ],
        "format": [
            "Format: Secondhand, Hardback"
        ]
    },
    {
        "page": "10",
        "title": [
            "The Book at War (SIGNED)"
        ],
        "price": [
            "$53.68 USD"
        ],
        "format": [
            "Format: Hardback"
        ]
    },
    {
        "page": "100",
        "title": [
            "Gods Gentlemen"
        ],
        "price": [
            "$20.00 AUD"
        ],
        "format": [
            "Format: Secondhand, Hardback"
        ]
    },
    {
        "page": "101",
        "title": [
            "Tolai Myths of Origin"
        ],
        "price": [
            "$80.00 AUD"
        ],
        "format": [
            "Format: Secondhand, Paperback"
        ]
    },
    {
        "page": "102",
        "title": [
            "The Joan Sutherland Album"
        ],
        "price": [
            "$25.00 AUD"
        ],
        "format": [
            "Format: Secondhand, Hardback"
        ]
    },
    {
        "page": "105",
        "title": [
            "The Deceivers"
        ],
        "price": [
            "$15.00 AUD"
        ],
        "format": [
            "Format: Secondhand, Hardback"
        ]
    },
    {
        "page": "108",
        "title": [
            "My First Forty Years"
        ],
        "price": [
            "$20.00 AUD"
        ],
        "format": []
    },
    {
        "page": "104",
        "title": [
            "World of Babies"
        ],
        "price": [
            "$75.00 AUD"
        ],
        "format": [
            "Format: Secondhand, Hardback"
        ]
    },
    {
        "page": "109",
        "title": [
            "There\u00d5s Music in My Madness and Opera as Well"
        ],
        "price": [
            "$25.00 AUD"
        ],
        "format": []
    },
    {
        "page": "106",
        "title": [
            "I Remember It Well"
        ],
        "price": [
            "$20.00 AUD"
        ],
        "format": [
            "Format: Secondhand, Hardback"
        ]
    },
    {
        "page": "11",
        "title": [
            "A Tasmanian Wilderness Experience"
        ],
        "price": [
            "$15.00 AUD"
        ],
        "format": [
            "Format: Softback"
        ]
    },
    {
        "page": "111",
        "title": [
            "The Land of the Great Image"
        ],
        "price": [
            "$60.00 AUD"
        ],
        "format": [
            "Format: Secondhand, Hardback"
        ]
    },
    {
        "page": "110",
        "title": [
            "Twilight in Djakarta"
        ],
        "price": [
            "$40.00 AUD"
        ],
        "format": [
            "Format: Secondhand, Hardback"
        ]
    },
    {
        "page": "113",
        "title": [
            "The Real Australia: Naked Landscapes"
        ],
        "price": [
            "$23.48 USD"
        ],
        "format": [
            "Format: Secondhand, Paperback"
        ]
    },
    {
        "page": "112",
        "title": [
            "This Real Night"
        ],
        "price": [
            "$20.00 AUD"
        ],
        "format": []
    },
    {
        "page": "107",
        "title": [
            "They Came Unseen: The Men and Women of Z Special Unit"
        ],
        "price": [],
        "format": []
    },
    {
        "page": "103",
        "title": [
            "Congratulations! You\u00d5re Not Pregnant"
        ],
        "price": [
            "$15.00 AUD"
        ],
        "format": [
            "Format: Secondhand, Hardback"
        ]
    },
    {
        "page": "114",
        "title": [
            "Letters from Victorian Pioneers"
        ],
        "price": [
            "$35.00 AUD"
        ],
        "format": [
            "Format: Secondhand, Hardback"
        ]
    },
    {
        "page": "118",
        "title": [
            "Congo"
        ],
        "price": [
            "$46.97 USD"
        ],
        "format": [
            "Format: Secondhand, Hardback"
        ]
    },
    {
        "page": "117",
        "title": [
            "Luck\u00d5s a Fortune"
        ],
        "price": [
            "$10.06 USD"
        ],
        "format": [
            "Format: Secondhand, Hardback"
        ]
    },
    {
        "page": "12",
        "title": [
            "The Eagle Has Landed"
        ],
        "price": [
            "$15.00 AUD"
        ],
        "format": [
            "Format: Hardback"
        ]
    },
    {
        "page": "119",
        "title": [
            "This is My Life"
        ],
        "price": [
            "$30.00 AUD"
        ],
        "format": []
    },
    {
        "page": "120",
        "title": [
            "Whip Hand"
        ],
        "price": [
            "$20.00 AUD"
        ],
        "format": [
            "Format: Secondhand, Hardback"
        ]
    },
    {
        "page": "115",
        "title": [
            "As If By Magic"
        ],
        "price": [
            "$30.00 AUD"
        ],
        "format": [
            "Format: Secondhand, Hardback"
        ]
    },
    {
        "page": "116",
        "title": [
            "The Rockefellers: An American Dynasty"
        ],
        "price": [
            "$35.00 AUD"
        ],
        "format": []
    },
    {
        "page": "122",
        "title": [
            "Risk"
        ],
        "price": [
            "$26.84 USD"
        ],
        "format": [
            "Format: Secondhand, Hardback"
        ]
    },
    {
        "page": "123",
        "title": [
            "Illiberal Liberal: Robert Lowe in New South Wales, 1842-1850"
        ],
        "price": [
            "$15.00 AUD"
        ],
        "format": [
            "Format: Secondhand, Hardback"
        ]
    },
    {
        "page": "125",
        "title": [
            "Backblocks Baby-Doctor"
        ],
        "price": [
            "$20.00 AUD"
        ],
        "format": []
    },
    {
        "page": "126",
        "title": [
            "The Supreme Court of Tasmania: Its First Century 1824-1924"
        ],
        "price": [],
        "format": []
    },
    {
        "page": "127",
        "title": [
            "Southward Go: A History of the Southern Highlands of New South Wales"
        ],
        "price": [
            "$80.00 AUD"
        ],
        "format": [
            "Format: Secondhand, Hardback"
        ]
    },
    {
        "page": "128",
        "title": [
            "The President\u00d5s Child"
        ],
        "price": [
            "$10.06 USD"
        ],
        "format": [
            "Format: Secondhand, Hardback"
        ]
    },
    {
        "page": "121",
        "title": [
            "Force 10 from Navarone"
        ],
        "price": [
            "$25.00 AUD"
        ],
        "format": [
            "Format: Secondhand, Hardback"
        ]
    },
    {
        "page": "13",
        "title": [
            "A Century of Compassion"
        ],
        "price": [
            "$30.00 AUD"
        ],
        "format": [
            "Format: Hardback"
        ]
    },
    {
        "page": "124",
        "title": [
            "Concerning the Eternal Predestination of God"
        ],
        "price": [
            "$45.00 AUD"
        ],
        "format": [
            "Format: Secondhand, Hardback"
        ]
    },
    {
        "page": "131",
        "title": [
            "Ned on the River"
        ],
        "price": [
            "$30.00 AUD"
        ],
        "format": [
            "Format: Secondhand, Hardback"
        ]
    },
    {
        "page": "129",
        "title": [
            "The New Money System: 666"
        ],
        "price": [
            "$50.00 AUD"
        ],
        "format": []
    },
    {
        "page": "130",
        "title": [
            "The Heart of the Matter"
        ],
        "price": [
            "$85.00 AUD"
        ],
        "format": []
    },
    {
        "page": "133",
        "title": [
            "The Irish Bishop In Penal Times: The Chequered Career Of Sylvester Lloyd OFM, 1680-1747"
        ],
        "price": [
            "$15.00 AUD"
        ],
        "format": [
            "Format: Secondhand, Hardback"
        ]
    },
    {
        "page": "135",
        "title": [
            "The Shepherd Of The Ocean: Sir Walter Ralegh And His Times"
        ],
        "price": [
            "$10.06 USD"
        ],
        "format": [
            "Format: Secondhand, Hardback"
        ]
    },
    {
        "page": "134",
        "title": [
            "Pilgermann"
        ],
        "price": [
            "$15.00 AUD"
        ],
        "format": [
            "Format: Secondhand, Hardback"
        ]
    },
    {
        "page": "136",
        "title": [
            "Armin Hofmann: His Work, Quest And Philosophy - Werk; Erkundung; Lehre"
        ],
        "price": [],
        "format": []
    },
    {
        "page": "137",
        "title": [
            "Living Anatomy: Structure As The Mirror Of Function"
        ],
        "price": [
            "$50.00 AUD"
        ],
        "format": [
            "Format: Secondhand, Hardback"
        ]
    },
    {
        "page": "138",
        "title": [
            "Dust for the Dancers"
        ],
        "price": [
            "$15.00 AUD"
        ],
        "format": [
            "Format: Secondhand, Hardback"
        ]
    },
    {
        "page": "139",
        "title": [
            "Tikera"
        ],
        "price": [
            "$40.00 AUD"
        ],
        "format": []
    },
    {
        "page": "14",
        "title": [
            "A Genius in the Family: An Intimate Memoir of Jacqueline du Pre"
        ],
        "price": [
            "$15.00 AUD"
        ],
        "format": [
            "Format: Hardback"
        ]
    },
    {
        "page": "132",
        "title": [
            "Lockout: Eston and its Mines 1928-30"
        ],
        "price": [
            "$35.00 AUD"
        ],
        "format": [
            "Format: Secondhand, Paperback"
        ]
    },
    {
        "page": "140",
        "title": [
            "The Paras"
        ],
        "price": [
            "$20.00 AUD"
        ],
        "format": [
            "Format: Secondhand, Hardback"
        ]
    },
    {
        "page": "141",
        "title": [
            "Schindler's Ark"
        ],
        "price": [],
        "format": []
    },
    {
        "page": "142",
        "title": [
            "Three Cheers for the Paraclete"
        ],
        "price": [
            "$25.00 AUD"
        ],
        "format": [
            "Format: Secondhand, Paperback"
        ]
    },
    {
        "page": "145",
        "title": [
            "Outback"
        ],
        "price": [
            "$20.00 AUD"
        ],
        "format": []
    },
    {
        "page": "146",
        "title": [
            "Louisa May Alcott: From Blood & Thunder to Health & Home"
        ],
        "price": [
            "$15.00 AUD"
        ],
        "format": [
            "Format: Secondhand, Paperback"
        ]
    },
    {
        "page": "144",
        "title": [
            "Old Gods Falling"
        ],
        "price": [
            "$30.00 AUD"
        ],
        "format": [
            "Format: Secondhand, Hardback"
        ]
    },
    {
        "page": "147",
        "title": [
            "The Story of Browns and Scarsdale"
        ],
        "price": [
            "$50.00 AUD"
        ],
        "format": []
    },
    {
        "page": "148",
        "title": [
            "Fall Over Cliff"
        ],
        "price": [
            "$15.00 AUD"
        ],
        "format": [
            "Format: Secondhand, Hardback"
        ]
    },
    {
        "page": "149",
        "title": [
            "The Ascent of Everest [SIGNED]"
        ],
        "price": [],
        "format": []
    },
    {
        "page": "15",
        "title": [
            "A Short History of English Church Music"
        ],
        "price": [
            "$12.00 AUD"
        ],
        "format": [
            "Format: Softback"
        ]
    },
    {
        "page": "143",
        "title": [
            "The Gun and the Olive Branch: The Roots of Violence in the Middle East"
        ],
        "price": [
            "$50.00 AUD"
        ],
        "format": [
            "Format: Secondhand, Paperback"
        ]
    },
    {
        "page": "150",
        "title": [
            "The Popular Vocalist: A Collection of Superior Songs by the Most Eminent Composers, Expressly Written for this work; and Sung at all the London Private Concerts. (Also includes London Vocalist and London Melodist.)"
        ],
        "price": [
            "$250.00 AUD"
        ],
        "format": []
    },
    {
        "page": "151",
        "title": [
            "The Constitutional History of South Australia"
        ],
        "price": [
            "$200.00 AUD"
        ],
        "format": [
            "Format: Secondhand, Hardback"
        ]
    },
    {
        "page": "152",
        "title": [
            "Projective Plane Geometry"
        ],
        "price": [
            "$60.00 AUD"
        ],
        "format": []
    },
    {
        "page": "154",
        "title": [
            "The King of the Golden River - Illustrated by Arthur Rackham"
        ],
        "price": [
            "$250.00 AUD"
        ],
        "format": []
    },
    {
        "page": "156",
        "title": [
            "Return to Russia"
        ],
        "price": [
            "$40.00 AUD"
        ],
        "format": [
            "Format: Secondhand, Hardback"
        ]
    },
    {
        "page": "155",
        "title": [
            "Thin-Walled: Elastic Beams [RARE]"
        ],
        "price": [],
        "format": []
    },
    {
        "page": "157",
        "title": [
            "Adhesion"
        ],
        "price": [
            "$25.00 AUD"
        ],
        "format": [
            "Format: Secondhand, Hardback"
        ]
    },
    {
        "page": "158",
        "title": [
            "Worker\u00d5s Education in England & The United States"
        ],
        "price": [
            "$100.00 AUD"
        ],
        "format": [
            "Format: Secondhand, Hardback"
        ]
    },
    {
        "page": "16",
        "title": [
            "The Story of the Irish Race"
        ],
        "price": [
            "$13.42 USD"
        ],
        "format": [
            "Format: Hardback"
        ]
    },
    {
        "page": "153",
        "title": [
            "Journey Into Russia"
        ],
        "price": [
            "$15.00 AUD"
        ],
        "format": [
            "Format: Secondhand, Hardback"
        ]
    },
    {
        "page": "159",
        "title": [
            "Ocean and Isle [SIGNED]"
        ],
        "price": [],
        "format": []
    },
    {
        "page": "160",
        "title": [
            "Gulliver's Travels"
        ],
        "price": [
            "$26.84 USD"
        ],
        "format": [
            "Format: Secondhand, Hardback"
        ]
    },
    {
        "page": "161",
        "title": [
            "Strength of Materials: Part I - Elementary Theory and Problems"
        ],
        "price": [],
        "format": []
    },
    {
        "page": "163",
        "title": [
            "War and Peace (Four-Volume Set)"
        ],
        "price": [
            "$67.10 USD"
        ],
        "format": [
            "Format: Secondhand, Hardback"
        ]
    },
    {
        "page": "165",
        "title": [
            "Louis XIV"
        ],
        "price": [
            "$30.00 AUD"
        ],
        "format": [
            "Format: Secondhand, Hardback"
        ]
    },
    {
        "page": "164",
        "title": [
            "Tirant Lo Blanc"
        ],
        "price": [
            "$30.00 AUD"
        ],
        "format": []
    },
    {
        "page": "166",
        "title": [
            "Peter Ibbetson"
        ],
        "price": [
            "$40.00 AUD"
        ],
        "format": []
    },
    {
        "page": "168",
        "title": [
            "Four Past Midnight"
        ],
        "price": [],
        "format": []
    },
    {
        "page": "167",
        "title": [
            "Ibsen: A Biography"
        ],
        "price": [
            "$20.00 AUD"
        ],
        "format": [
            "Format: Secondhand, Hardback"
        ]
    },
    {
        "page": "162",
        "title": [
            "The River Line - A Play"
        ],
        "price": [
            "$15.00 AUD"
        ],
        "format": [
            "Format: Secondhand, Hardback"
        ]
    },
    {
        "page": "169",
        "title": [
            "Weevils in the Flour: An Oral Record of the 1930s Depression in Australia"
        ],
        "price": [
            "$35.00 AUD"
        ],
        "format": []
    },
    {
        "page": "17",
        "title": [
            "Mechanism of Disease: An Introduction to Pathology"
        ],
        "price": [
            "$50.00 AUD"
        ],
        "format": [
            "Format: Hardback"
        ]
    },
    {
        "page": "170",
        "title": [
            "A Tribute to Fred Astaire"
        ],
        "price": [
            "$20.00 AUD"
        ],
        "format": []
    },
    {
        "page": "172",
        "title": [
            "The Rivals and The School for Scandal"
        ],
        "price": [
            "$25.00 AUD"
        ],
        "format": [
            "Format: Secondhand, Hardback"
        ]
    },
    {
        "page": "173",
        "title": [
            "The Bawdy Bedside Reader"
        ],
        "price": [
            "$20.00 AUD"
        ],
        "format": []
    },
    {
        "page": "176",
        "title": [
            "Journey Into Russia"
        ],
        "price": [
            "$30.00 AUD"
        ],
        "format": []
    },
    {
        "page": "174",
        "title": [
            "Raise Heaven and Earth: The Story of Martin Marietta People and Their Pioneering Achievements"
        ],
        "price": [
            "$20.00 AUD"
        ],
        "format": []
    },
    {
        "page": "171",
        "title": [
            "Night Voices: Heard in the Shadow of Hitler and Stalin"
        ],
        "price": [
            "$50.00 AUD"
        ],
        "format": []
    },
    {
        "page": "177",
        "title": [
            "Iceland and the Medieval World: Studies in Honour of Ian Maxwell"
        ],
        "price": [
            "$50.00 AUD"
        ],
        "format": [
            "Format: Secondhand, Hardback"
        ]
    },
    {
        "page": "178",
        "title": [
            "A Garden for Eternity: The Codex Liechtenstein"
        ],
        "price": [],
        "format": []
    },
    {
        "page": "175",
        "title": [
            "One Mountain after Another [SIGNED]"
        ],
        "price": [
            "$350.00 AUD"
        ],
        "format": [
            "Format: Secondhand, Hardback"
        ]
    },
    {
        "page": "18",
        "title": [
            "Colonial painters, 1788-1880"
        ],
        "price": [
            "$12.00 AUD"
        ],
        "format": [
            "Format: Softback"
        ]
    },
    {
        "page": "180",
        "title": [
            "Returns to the Islands"
        ],
        "price": [
            "$15.00 AUD"
        ],
        "format": [
            "Format: Secondhand, Hardback"
        ]
    },
    {
        "page": "181",
        "title": [
            "Memoirs of a Labor Blackbencher 1946-1975"
        ],
        "price": [
            "$20.00 AUD"
        ],
        "format": [
            "Format: Secondhand, Paperback"
        ]
    },
    {
        "page": "182",
        "title": [
            "A Living Force: Andrew Inglis Clark And The Ideal Of Commonwealth"
        ],
        "price": [
            "$15.00 AUD"
        ],
        "format": [
            "Format: Secondhand, Paperback"
        ]
    },
    {
        "page": "184",
        "title": [
            "An Attempt to Eat the Moon and other Stories"
        ],
        "price": [
            "$120.00 AUD"
        ],
        "format": []
    },
    {
        "page": "183",
        "title": [
            "Sebastian, or Ruling Passions"
        ],
        "price": [
            "$25.00 AUD"
        ],
        "format": []
    },
    {
        "page": "179",
        "title": [
            "The Boys Who Stole the Funeral"
        ],
        "price": [
            "$40.00 AUD"
        ],
        "format": []
    },
    {
        "page": "185",
        "title": [
            "The Locked Room Mysteries"
        ],
        "price": [
            "$100.00 AUD"
        ],
        "format": [
            "Format: Secondhand, Hardback"
        ]
    },
    {
        "page": "186",
        "title": [
            "Break In"
        ],
        "price": [
            "$15.00 AUD"
        ],
        "format": [
            "Format: Secondhand, Hardback"
        ]
    },
    {
        "page": "188",
        "title": [
            "James Hardy Vaux: A Literary Rogue in Australia"
        ],
        "price": [
            "$40.00 AUD"
        ],
        "format": [
            "Format: Secondhand, Paperback"
        ]
    },
    {
        "page": "187",
        "title": [
            "The Hunter and the Whale"
        ],
        "price": [
            "$15.00 AUD"
        ],
        "format": [
            "Format: Secondhand, Paperback"
        ]
    },
    {
        "page": "190",
        "title": [
            "Agatharchides Of Cnidus On The Erythraean Sea"
        ],
        "price": [
            "$35.00 AUD"
        ],
        "format": []
    },
    {
        "page": "189",
        "title": [
            "Garryowen\u00d5s Melbourne 1835 - 1852"
        ],
        "price": [
            "$45.00 AUD"
        ],
        "format": [
            "Format: Secondhand, Hardback"
        ]
    },
    {
        "page": "2",
        "title": [
            "Austin, Texas: An American Architectural History"
        ],
        "price": [
            "$65.00 AUD"
        ],
        "format": [
            "Format: Secondhand, Hardback"
        ]
    },
    {
        "page": "20",
        "title": [
            "To Crack a Whip (SIGNED)"
        ],
        "price": [
            "$35.00 AUD"
        ],
        "format": [
            "Format: Softback"
        ]
    },
    {
        "page": "19",
        "title": [
            "Modern Painters, 1931-1970"
        ],
        "price": [
            "$12.00 AUD"
        ],
        "format": [
            "Format: Softback"
        ]
    },
    {
        "page": "192",
        "title": [
            "The Neurophysiological Basis of Mind"
        ],
        "price": [],
        "format": []
    },
    {
        "page": "21",
        "title": [
            "Sense and Sensibility"
        ],
        "price": [
            "$15.00 AUD"
        ],
        "format": [
            "Format: Hardback"
        ]
    },
    {
        "page": "191",
        "title": [
            "Compassing the Vaste Globe of the Earth: Studies in the History of the Hakluyt Society 1846-1996"
        ],
        "price": [
            "$25.00 AUD"
        ],
        "format": [
            "Format: Secondhand, Hardback"
        ]
    },
    {
        "page": "24",
        "title": [
            "The Hoddle Years Surveying in Victoria 1836-1853"
        ],
        "price": [
            "$80.00 AUD"
        ],
        "format": [
            "Format: Softback"
        ]
    },
    {
        "page": "22",
        "title": [
            "Dancing With Strangers"
        ],
        "price": [
            "$30.00 AUD"
        ],
        "format": [
            "Format: Hardback"
        ]
    },
    {
        "page": "23",
        "title": [
            "We of the Never-Never"
        ],
        "price": [
            "$15.00 AUD"
        ],
        "format": [
            "Format: Hardback"
        ]
    },
    {
        "page": "26",
        "title": [
            "Political Works of Henry Lawson"
        ],
        "price": [
            "$33.55 USD"
        ],
        "format": [
            "Format: Secondhand, Hardback"
        ]
    },
    {
        "page": "27",
        "title": [
            "A Good Age"
        ],
        "price": [
            "$15.00 AUD"
        ],
        "format": [
            "Format: Secondhand, Hardback"
        ]
    },
    {
        "page": "29",
        "title": [
            "Of Love and War"
        ],
        "price": [
            "$20.00 AUD"
        ],
        "format": [
            "Format: Secondhand, Hardback"
        ]
    },
    {
        "page": "3",
        "title": [
            "Alice Sit by the Fire"
        ],
        "price": [
            "$15.00 AUD"
        ],
        "format": [
            "Format: Secondhand, Hardback"
        ]
    },
    {
        "page": "28",
        "title": [
            "Grandfather's Courtship: A Christmas Story"
        ],
        "price": [
            "$20.00 AUD"
        ],
        "format": [
            "Format: Secondhand, Hardback"
        ]
    },
    {
        "page": "25",
        "title": [
            "The Albert Coates Story"
        ],
        "price": [
            "$25.00 AUD"
        ],
        "format": [
            "Format: Secondhand, Hardback"
        ]
    },
    {
        "page": "30",
        "title": [
            "Psychoanalytic Avenues to Art"
        ],
        "price": [
            "$25.00 AUD"
        ],
        "format": [
            "Format: Secondhand, Hardback"
        ]
    },
    {
        "page": "31",
        "title": [
            "Australian Cricket: The Game and the Players"
        ],
        "price": [
            "$20.00 AUD"
        ],
        "format": [
            "Format: Secondhand, Hardback"
        ]
    },
    {
        "page": "32",
        "title": [
            "The First Sex"
        ],
        "price": [
            "$40.26 USD"
        ],
        "format": [
            "Format: Secondhand, Hardback"
        ]
    },
    {
        "page": "34",
        "title": [
            "The Shepherd\u00d5s Hut"
        ],
        "price": [
            "$20.13 USD"
        ],
        "format": [
            "Format: Secondhand, Hardback"
        ]
    },
    {
        "page": "35",
        "title": [
            "Old Bush Songs"
        ],
        "price": [
            "$20.00 AUD"
        ],
        "format": [
            "Format: Secondhand, Softback"
        ]
    },
    {
        "page": "36",
        "title": [
            "Rock Art Science"
        ],
        "price": [
            "$85.00 AUD"
        ],
        "format": [
            "Format: Secondhand, Softback"
        ]
    },
    {
        "page": "37",
        "title": [
            "By the Creek"
        ],
        "price": [
            "$40.00 AUD"
        ],
        "format": [
            "Format: Secondhand, Softback"
        ]
    },
    {
        "page": "38",
        "title": [
            "Braidwood and \u00d2The Highway Federation\u00d3"
        ],
        "price": [
            "$25.00 AUD"
        ],
        "format": [
            "Format: Secondhand, Softback"
        ]
    },
    {
        "page": "4",
        "title": [
            "The Green Pastures"
        ],
        "price": [
            "$25.00 AUD"
        ],
        "format": [
            "Format: Secondhand, Hardback"
        ]
    },
    {
        "page": "39",
        "title": [
            "There\u00d5s a Reason for Everything"
        ],
        "price": [
            "$50.00 AUD"
        ],
        "format": [
            "Format: Secondhand, Hardback"
        ]
    },
    {
        "page": "40",
        "title": [
            "Jarrow March"
        ],
        "price": [
            "$30.00 AUD"
        ],
        "format": [
            "Format: Secondhand, Hardback"
        ]
    },
    {
        "page": "41",
        "title": [
            "The Great War: Sources and Evidence"
        ],
        "price": [
            "$25.00 AUD"
        ],
        "format": []
    },
    {
        "page": "42",
        "title": [
            "The Ball is Round"
        ],
        "price": [
            "$50.00 AUD"
        ],
        "format": []
    },
    {
        "page": "43",
        "title": [
            "Hiding Places"
        ],
        "price": [
            "$40.00 AUD"
        ],
        "format": [
            "Format: Secondhand, Hardback"
        ]
    },
    {
        "page": "33",
        "title": [
            "Ace!"
        ],
        "price": [
            "$40.00 AUD"
        ],
        "format": [
            "Format: Secondhand, Hardback"
        ]
    },
    {
        "page": "44",
        "title": [
            "P. Ovidi Nasonis Amores, Medicamina Faciei Femineae, Ars Amatoria, Remedia Amoris"
        ],
        "price": [
            "$10.06 USD"
        ],
        "format": [
            "Format: Secondhand, Hardback"
        ]
    },
    {
        "page": "47",
        "title": [
            "Sparks Fly Upward"
        ],
        "price": [
            "$50.00 AUD"
        ],
        "format": [
            "Format: Secondhand, Hardback"
        ]
    },
    {
        "page": "45",
        "title": [
            "David of King\u00d5s"
        ],
        "price": [
            "$20.00 AUD"
        ],
        "format": []
    },
    {
        "page": "5",
        "title": [
            "Changing Eton"
        ],
        "price": [
            "$30.00 AUD"
        ],
        "format": [
            "Format: Secondhand, Hardback"
        ]
    },
    {
        "page": "46",
        "title": [
            "Tablets of Memory"
        ],
        "price": [
            "$20.00 AUD"
        ],
        "format": []
    },
    {
        "page": "51",
        "title": [
            "Mathematical Models of Turbulence"
        ],
        "price": [],
        "format": []
    },
    {
        "page": "52",
        "title": [
            "Love\u00d5s Burden"
        ],
        "price": [
            "$25.00 AUD"
        ],
        "format": []
    },
    {
        "page": "50",
        "title": [
            "Blue Planet Aquarium"
        ],
        "price": [
            "$25.00 AUD"
        ],
        "format": [
            "Format: Secondhand, Softback"
        ]
    },
    {
        "page": "53",
        "title": [
            "Studies of the Institute of World Affairs"
        ],
        "price": [
            "$60.00 AUD"
        ],
        "format": [
            "Format: Secondhand, Hardback"
        ]
    },
    {
        "page": "49",
        "title": [
            "Food + the City"
        ],
        "price": [
            "$20.00 AUD"
        ],
        "format": [
            "Format: Secondhand, Softback"
        ]
    },
    {
        "page": "55",
        "title": [
            "The Art of Air Power"
        ],
        "price": [
            "$30.00 AUD"
        ],
        "format": []
    },
    {
        "page": "48",
        "title": [
            "Flashman in the Great Game"
        ],
        "price": [
            "$55.00 AUD"
        ],
        "format": [
            "Format: Secondhand, Hardback"
        ]
    },
    {
        "page": "56",
        "title": [
            "Days of My Youth: A Memoir of Adventure on the High Seas and Beyond"
        ],
        "price": [
            "$35.00 AUD"
        ],
        "format": []
    },
    {
        "page": "58",
        "title": [
            "Campfire of the Heart"
        ],
        "price": [
            "$80.00 AUD"
        ],
        "format": [
            "Format: Secondhand, Paperback"
        ]
    },
    {
        "page": "57",
        "title": [
            "Our Houseless Home: Women and Homelessness in Canada"
        ],
        "price": [
            "$20.00 AUD"
        ],
        "format": []
    },
    {
        "page": "59",
        "title": [
            "Our Task in Papua: A Record of Twenty Years\u00d5 Work Among Primitive Peoples in New Guinea and Papua (1926)"
        ],
        "price": [
            "$90.00 AUD"
        ],
        "format": []
    },
    {
        "page": "6",
        "title": [
            "Vivienda Campesina en Mexico"
        ],
        "price": [
            "$15.00 AUD"
        ],
        "format": [
            "Format: Secondhand, Hardback"
        ]
    },
    {
        "page": "61",
        "title": [
            "The Changeling of Monte Lucio"
        ],
        "price": [
            "$35.00 AUD"
        ],
        "format": [
            "Format: Secondhand, Hardback"
        ]
    },
    {
        "page": "54",
        "title": [
            "Sidney William Jackson"
        ],
        "price": [],
        "format": []
    },
    {
        "page": "63",
        "title": [
            "Dictionary of Occupational Titles Volume 1 Definitions of Titles Second Edition"
        ],
        "price": [
            "$15.00 AUD"
        ],
        "format": [
            "Format: Secondhand, Hardback"
        ]
    },
    {
        "page": "62",
        "title": [
            "The Students Quarter or Paris Five-and-Thirty Years Since"
        ],
        "price": [],
        "format": []
    },
    {
        "page": "60",
        "title": [
            "The Craigs of Collins Street"
        ],
        "price": [
            "$20.00 AUD"
        ],
        "format": []
    },
    {
        "page": "65",
        "title": [
            "The World of Yesterday"
        ],
        "price": [
            "$75.00 AUD"
        ],
        "format": []
    },
    {
        "page": "66",
        "title": [
            "The Spirit of the Bush Fire Series Part 1"
        ],
        "price": [
            "$50.00 AUD"
        ],
        "format": [
            "Format: Secondhand, Hardback"
        ]
    },
    {
        "page": "67",
        "title": [
            "Address Delivered Before the British Association"
        ],
        "price": [
            "$200.00 AUD"
        ],
        "format": []
    },
    {
        "page": "64",
        "title": [
            "Jesting Pilate"
        ],
        "price": [
            "$400.00 AUD"
        ],
        "format": [
            "Format: Secondhand, Hardback"
        ]
    },
    {
        "page": "68",
        "title": [
            "Rousseau"
        ],
        "price": [
            "$60.00 AUD"
        ],
        "format": [
            "Format: Secondhand, Hardback"
        ]
    },
    {
        "page": "7",
        "title": [
            "Sex and Destiny: The Politics of Human Fertility"
        ],
        "price": [
            "$15.00 AUD"
        ],
        "format": [
            "Format: Hardback"
        ]
    },
    {
        "page": "69",
        "title": [
            "Russia in Revolt (The American Heritage Library)"
        ],
        "price": [
            "$20.00 AUD"
        ],
        "format": []
    },
    {
        "page": "71",
        "title": [
            "While the Billy Boils"
        ],
        "price": [
            "$15.00 AUD"
        ],
        "format": []
    },
    {
        "page": "73",
        "title": [
            "Snowflakes and Sunbeams, or The Young Fur-Traders"
        ],
        "price": [
            "$40.00 AUD"
        ],
        "format": [
            "Format: Secondhand, Hardback"
        ]
    },
    {
        "page": "70",
        "title": [
            "Lenin\u00d5s Path to Power"
        ],
        "price": [
            "$15.00 AUD"
        ],
        "format": [
            "Format: Secondhand, Paperback"
        ]
    },
    {
        "page": "72",
        "title": [
            "Pure Nostalgia"
        ],
        "price": [
            "$35.00 AUD"
        ],
        "format": []
    },
    {
        "page": "74",
        "title": [
            "Esther Reid"
        ],
        "price": [
            "$15.00 AUD"
        ],
        "format": []
    },
    {
        "page": "76",
        "title": [
            "The Mint Lawn"
        ],
        "price": [
            "$40.26 USD"
        ],
        "format": [
            "Format: Secondhand, Paperback"
        ]
    },
    {
        "page": "77",
        "title": [
            "Port Phillip Panorama"
        ],
        "price": [
            "$30.00 AUD"
        ],
        "format": [
            "Format: Secondhand, Hardback"
        ]
    },
    {
        "page": "75",
        "title": [
            "Thomas Keneally's Australians (Three Volume Set)"
        ],
        "price": [
            "$200.00 AUD"
        ],
        "format": [
            "Format: Secondhand, Hardback"
        ]
    },
    {
        "page": "79",
        "title": [
            "The Realists"
        ],
        "price": [
            "$30.00 AUD"
        ],
        "format": [
            "Format: Secondhand, Hardback"
        ]
    },
    {
        "page": "78",
        "title": [
            "Sanctuary"
        ],
        "price": [
            "$16.77 USD"
        ],
        "format": [
            "Format: Secondhand, Hardback"
        ]
    },
    {
        "page": "80",
        "title": [
            "Elizabeth Fry: A Biography"
        ],
        "price": [
            "$30.00 AUD"
        ],
        "format": [
            "Format: Secondhand, Hardback"
        ]
    },
    {
        "page": "81",
        "title": [
            "My Wife, My Daughter, and Poor Mary Ann"
        ],
        "price": [
            "$20.00 AUD"
        ],
        "format": [
            "Format: Secondhand, Softback"
        ]
    },
    {
        "page": "82",
        "title": [
            "Sex and Destiny: The Politics of Human Fertility"
        ],
        "price": [
            "$20.00 AUD"
        ],
        "format": [
            "Format: Secondhand, Hardback"
        ]
    },
    {
        "page": "8",
        "title": [
            "The Master Plan: Himmler's Scholars and the Holocaust"
        ],
        "price": [
            "$15.00 AUD"
        ],
        "format": [
            "Format: Hardback"
        ]
    },
    {
        "page": "84",
        "title": [
            "The Mather Story"
        ],
        "price": [
            "$35.00 AUD"
        ],
        "format": [
            "Format: Secondhand, Hardback"
        ]
    },
    {
        "page": "85",
        "title": [
            "Monica\u00d5s Story"
        ],
        "price": [
            "$100.00 AUD"
        ],
        "format": []
    },
    {
        "page": "83",
        "title": [
            "The Hard Way"
        ],
        "price": [
            "$25.00 AUD"
        ],
        "format": [
            "Format: Secondhand, Hardback"
        ]
    },
    {
        "page": "89",
        "title": [
            "Scallywags of Sydney Cove"
        ],
        "price": [
            "$40.00 AUD"
        ],
        "format": []
    },
    {
        "page": "88",
        "title": [
            "The Matter with Ireland"
        ],
        "price": [
            "$20.13 USD"
        ],
        "format": [
            "Format: Secondhand, Hardback"
        ]
    },
    {
        "page": "87",
        "title": [
            "Bush Nursing in Victoria 1910-1985"
        ],
        "price": [
            "$30.00 AUD"
        ],
        "format": [
            "Format: Secondhand, Hardback"
        ]
    },
    {
        "page": "9",
        "title": [
            "A Winter Grave (SIGNED)"
        ],
        "price": [
            "$50.00 AUD"
        ],
        "format": []
    },
    {
        "page": "86",
        "title": [
            "Midnight Oil"
        ],
        "price": [
            "$15.00 AUD"
        ],
        "format": []
    },
    {
        "page": "90",
        "title": [
            "Behind the Picture"
        ],
        "price": [
            "$16.77 USD"
        ],
        "format": [
            "Format: Secondhand, Hardback"
        ]
    },
    {
        "page": "91",
        "title": [
            "Culture & History: Essays Presented to Jack Lindsay"
        ],
        "price": [
            "$15.00 AUD"
        ],
        "format": [
            "Format: Secondhand, Hardback"
        ]
    },
    {
        "page": "94",
        "title": [
            "The Collected Letters of Dylan Thomas"
        ],
        "price": [
            "$35.00 AUD"
        ],
        "format": [
            "Format: Secondhand, Hardback"
        ]
    },
    {
        "page": "95",
        "title": [
            "Deadline"
        ],
        "price": [
            "$30.00 AUD"
        ],
        "format": []
    },
    {
        "page": "93",
        "title": [
            "The World from Rough Stones"
        ],
        "price": [
            "$20.00 AUD"
        ],
        "format": [
            "Format: Secondhand, Hardback"
        ]
    },
    {
        "page": "92",
        "title": [
            "The Westing Game"
        ],
        "price": [
            "$67.10 USD"
        ],
        "format": [
            "Format: Secondhand, Hardback"
        ]
    },
    {
        "page": "96",
        "title": [
            "The Politics of Friendship: Pompey and Cicero"
        ],
        "price": [
            "$30.00 AUD"
        ],
        "format": [
            "Format: Secondhand, Paperback"
        ]
    },
    {
        "page": "99",
        "title": [
            "Living by the Sword"
        ],
        "price": [
            "$40.00 AUD"
        ],
        "format": [
            "Format: Secondhand, Paperback"
        ]
    },
    {
        "page": "97",
        "title": [
            "Marlborough Revisited and the War Remembered"
        ],
        "price": [
            "$15.00 AUD"
        ],
        "format": [
            "Format: Secondhand, Paperback"
        ]
    },
    {
        "page": "98",
        "title": [
            "Spoils and Spoilers: Australians Make Their Environment 1788 - 1980"
        ],
        "price": [
            "$20.00 AUD"
        ],
        "format": []
    }
]