[
    {
        "page": "102",
        "title": [
            "7 Steps to Get Off Sugar and... book by Susan U. Neal"
        ],
        "isbn_10": [],
        "isbn_13": [],
        "page_count": [],
        "language": [
            "English"
        ]
    },
    {
        "page": "10",
        "title": [
            "100 Emergency Bible Verses - Devotional... book"
        ],
        "isbn_10": [
            "B06Y3HT64X"
        ],
        "isbn_13": [
            "B06Y3HT64X"
        ],
        "page_count": [],
        "language": []
    },
    {
        "page": "100",
        "title": [
            "60 Not Out - An Autobiography book by Zafar A. Ali"
        ],
        "isbn_10": [
            "9781636409542",
            "1636409547"
        ],
        "isbn_13": [
            "9781636409542",
            "1636409547"
        ],
        "page_count": [
            "294 Pages"
        ],
        "language": []
    },
    {
        "page": "101",
        "title": [
            "7 Effortless Secrets Every Person Should... book by Ademola Borode"
        ],
        "isbn_10": [
            "1735394211",
            "9781735394213"
        ],
        "isbn_13": [
            "1735394211",
            "9781735394213"
        ],
        "page_count": [
            "224 Pages"
        ],
        "language": []
    },
    {
        "page": "104",
        "title": [
            "7th Heaven book by James Patterson"
        ],
        "isbn_10": [],
        "isbn_13": [],
        "page_count": [],
        "language": [
            "English"
        ]
    },
    {
        "page": "107",
        "title": [
            "90 Day Goal Planner & Journal: 90 Day... book"
        ],
        "isbn_10": [
            "9781710072716",
            "1710072717"
        ],
        "isbn_13": [
            "9781710072716",
            "1710072717"
        ],
        "page_count": [
            "190 Pages"
        ],
        "language": []
    },
    {
        "page": "108",
        "title": [
            "9009 book by Fred R Bechdolt"
        ],
        "isbn_10": [
            "1948316994",
            "9781948316996"
        ],
        "isbn_13": [
            "1948316994",
            "9781948316996"
        ],
        "page_count": [
            "144 Pages"
        ],
        "language": []
    },
    {
        "page": "103",
        "title": [
            "75th Birthday Guest Book: Elegant Pink... book"
        ],
        "isbn_10": [
            "9781710072730",
            "1710072733"
        ],
        "isbn_13": [
            "9781710072730",
            "1710072733"
        ],
        "page_count": [
            "42 Pages"
        ],
        "language": []
    },
    {
        "page": "11",
        "title": [
            "100 First Words book by Edwina Riddell"
        ],
        "isbn_10": [
            "9780812048889",
            "0812048881"
        ],
        "isbn_13": [
            "9780812048889",
            "0812048881"
        ],
        "page_count": [
            "26 Pages"
        ],
        "language": []
    },
    {
        "page": "109",
        "title": [
            "946: The Amazing Story of Adolphus Tips book by Michael Morpurgo"
        ],
        "isbn_10": [
            "1783197390",
            "9781783197392"
        ],
        "isbn_13": [
            "1783197390",
            "9781783197392"
        ],
        "page_count": [
            "64 Pages"
        ],
        "language": []
    },
    {
        "page": "111",
        "title": [
            "A Bartered Honour, Vol. 1 of 3: A Novel book by Robert Sherard"
        ],
        "isbn_10": [],
        "isbn_13": [],
        "page_count": [],
        "language": [
            "English"
        ]
    },
    {
        "page": "110",
        "title": [
            "A Baptist Meeting-House: the Staircase... book"
        ],
        "isbn_10": [
            "9781116916263",
            "Yes",
            "1116916266"
        ],
        "isbn_13": [
            "9781116916263",
            "Yes",
            "1116916266"
        ],
        "page_count": [],
        "language": []
    },
    {
        "page": "112",
        "title": [
            "A Bend in the Road book by Nicholas Sparks"
        ],
        "isbn_10": [],
        "isbn_13": [],
        "page_count": [],
        "language": [
            "English"
        ]
    },
    {
        "page": "105",
        "title": [
            "8:30 album"
        ],
        "isbn_10": [
            "886972326726"
        ],
        "isbn_13": [
            "886972326726"
        ],
        "page_count": [],
        "language": []
    },
    {
        "page": "106",
        "title": [
            "88 Bis and V I H : Letters from Two... book"
        ],
        "isbn_10": [
            "0554796805",
            "9780554796802"
        ],
        "isbn_13": [
            "0554796805",
            "9780554796802"
        ],
        "page_count": [
            "116 Pages"
        ],
        "language": []
    },
    {
        "page": "116",
        "title": [
            "A Biographical History of England, From... book by Mark Noble"
        ],
        "isbn_10": [],
        "isbn_13": [],
        "page_count": [],
        "language": [
            "English"
        ]
    },
    {
        "page": "113",
        "title": [
            "A Bibliographical and Critical Account... book"
        ],
        "isbn_10": [
            "1117164063",
            "9781117164069"
        ],
        "isbn_13": [
            "1117164063",
            "9781117164069"
        ],
        "page_count": [
            "348 Pages"
        ],
        "language": []
    },
    {
        "page": "114",
        "title": [
            "A Bibliography of Municipal Government... book"
        ],
        "isbn_10": [
            "0559483856",
            "9780559483851"
        ],
        "isbn_13": [
            "0559483856",
            "9780559483851"
        ],
        "page_count": [
            "488 Pages"
        ],
        "language": []
    },
    {
        "page": "118",
        "title": [
            "A Blighted Life, and Other Poems book"
        ],
        "isbn_10": [
            "9780554464428",
            "055446442X"
        ],
        "isbn_13": [
            "9780554464428",
            "055446442X"
        ],
        "page_count": [
            "212 Pages"
        ],
        "language": []
    },
    {
        "page": "115",
        "title": [
            "A Biochemical Study of Nitrogen in... book"
        ],
        "isbn_10": [
            "1116884275",
            "9781116884272"
        ],
        "isbn_13": [
            "1116884275",
            "9781116884272"
        ],
        "page_count": [
            "82 Pages"
        ],
        "language": []
    },
    {
        "page": "12",
        "title": [
            "100 Great Pasta Dishes book by Ann Taruschio"
        ],
        "isbn_10": [
            "9781856266437",
            "1856266435"
        ],
        "isbn_13": [
            "9781856266437",
            "1856266435"
        ],
        "page_count": [
            "192 Pages"
        ],
        "language": []
    },
    {
        "page": "119",
        "title": [
            "A Bloom in Winter book by T.J. Brown"
        ],
        "isbn_10": [],
        "isbn_13": [],
        "page_count": [],
        "language": [
            "English"
        ]
    },
    {
        "page": "122",
        "title": [
            "A Book of Saints book by James Cochrane"
        ],
        "isbn_10": [
            "1854107429",
            "9781854107428"
        ],
        "isbn_13": [
            "1854107429",
            "9781854107428"
        ],
        "page_count": [
            "144 Pages"
        ],
        "language": []
    },
    {
        "page": "123",
        "title": [
            "A Boy After God's Own Heart Action... book by Jim George"
        ],
        "isbn_10": [],
        "isbn_13": [],
        "page_count": [],
        "language": [
            "English"
        ]
    },
    {
        "page": "124",
        "title": [
            "A Brazier/Brasher Saga: 300 Years of the... book by Charles Brashear"
        ],
        "isbn_10": [
            "B00TBT9WZ0"
        ],
        "isbn_13": [
            "B00TBT9WZ0"
        ],
        "page_count": [],
        "language": []
    },
    {
        "page": "117",
        "title": [
            "A Biographical Record of the Kappa Alpha... book"
        ],
        "isbn_10": [
            "9780559018411",
            "055901841X"
        ],
        "isbn_13": [
            "9780559018411",
            "055901841X"
        ],
        "page_count": [
            "304 Pages"
        ],
        "language": []
    },
    {
        "page": "125",
        "title": [
            "A Breve Hist\u00f3ria da Primeira Guerra... book by Academy Archives"
        ],
        "isbn_10": [
            "9789493298712",
            "949329871X"
        ],
        "isbn_13": [
            "9789493298712",
            "949329871X"
        ],
        "page_count": [
            "120 Pages"
        ],
        "language": []
    },
    {
        "page": "127",
        "title": [
            "A Breve Hist\u00f3ria da Primeira Guerra... book by Academy Archives"
        ],
        "isbn_10": [
            "9789493298712",
            "949329871X"
        ],
        "isbn_13": [
            "9789493298712",
            "949329871X"
        ],
        "page_count": [
            "120 Pages"
        ],
        "language": []
    },
    {
        "page": "121",
        "title": [
            "A Book-Lover's Holidays in the Open book by Theodore Roosevelt"
        ],
        "isbn_10": [],
        "isbn_13": [],
        "page_count": [],
        "language": [
            "English"
        ]
    },
    {
        "page": "126",
        "title": [
            "A Breve Hist\u00f3ria da Primeira Guerra... book by Academy Archives"
        ],
        "isbn_10": [
            "9789493298712",
            "949329871X"
        ],
        "isbn_13": [
            "9789493298712",
            "949329871X"
        ],
        "page_count": [
            "120 Pages"
        ],
        "language": []
    },
    {
        "page": "120",
        "title": [
            "A Bnntet=Jog book"
        ],
        "isbn_10": [
            "0559786514",
            "9780559786518"
        ],
        "isbn_13": [
            "0559786514",
            "9780559786518"
        ],
        "page_count": [
            "300 Pages"
        ],
        "language": []
    },
    {
        "page": "128",
        "title": [
            "A Breve Hist\u00f3ria da Primeira Guerra... book by Academy Archives"
        ],
        "isbn_10": [
            "9789493298712",
            "949329871X"
        ],
        "isbn_13": [
            "9789493298712",
            "949329871X"
        ],
        "page_count": [
            "120 Pages"
        ],
        "language": []
    },
    {
        "page": "129",
        "title": [
            "A Bridge Between Cultures: Commemorating... book by EHGBooks"
        ],
        "isbn_10": [
            "1625031408",
            "9781625031402"
        ],
        "isbn_13": [
            "1625031408",
            "9781625031402"
        ],
        "page_count": [
            "42 Pages"
        ],
        "language": []
    },
    {
        "page": "131",
        "title": [
            "A Brief Exposition of the Foreign Policy... book by George Canning"
        ],
        "isbn_10": [],
        "isbn_13": [],
        "page_count": [],
        "language": [
            "English"
        ]
    },
    {
        "page": "13",
        "title": [
            "100 Images Created by Artificial... book by VI TO"
        ],
        "isbn_10": [
            "9798373875523",
            "B0BS8SNV8L"
        ],
        "isbn_13": [
            "9798373875523",
            "B0BS8SNV8L"
        ],
        "page_count": [
            "104 Pages"
        ],
        "language": []
    },
    {
        "page": "130",
        "title": [
            "A Bridge for Passing book"
        ],
        "isbn_10": [
            "B00FMQD68U"
        ],
        "isbn_13": [
            "B00FMQD68U"
        ],
        "page_count": [],
        "language": []
    },
    {
        "page": "132",
        "title": [
            "A Brief Hand-List of Books, Manuscripts,... book"
        ],
        "isbn_10": [
            "9780554400426",
            "0554400421"
        ],
        "isbn_13": [
            "9780554400426",
            "0554400421"
        ],
        "page_count": [
            "122 Pages"
        ],
        "language": []
    },
    {
        "page": "136",
        "title": [
            "A Brother's Journey book by Richard B. Pelzer"
        ],
        "isbn_10": [],
        "isbn_13": [],
        "page_count": [],
        "language": [
            "English"
        ]
    },
    {
        "page": "137",
        "title": [
            "A Browning Courtship, and Other Stories book"
        ],
        "isbn_10": [
            "0554722038",
            "9780554722030"
        ],
        "isbn_13": [
            "0554722038",
            "9780554722030"
        ],
        "page_count": [
            "288 Pages"
        ],
        "language": []
    },
    {
        "page": "135",
        "title": [
            "A Brood of Vipers book by Paul Doherty"
        ],
        "isbn_10": [],
        "isbn_13": [],
        "page_count": [],
        "language": [
            "English"
        ]
    },
    {
        "page": "138",
        "title": [
            "A Browning Courtship, and Other Stories book"
        ],
        "isbn_10": [
            "9780554722009",
            "Yes",
            "0554722003"
        ],
        "isbn_13": [
            "9780554722009",
            "Yes",
            "0554722003"
        ],
        "page_count": [],
        "language": []
    },
    {
        "page": "133",
        "title": [
            "A Brief History of Vietnam: Colonialism,... book by Bill Hayton"
        ],
        "isbn_10": [],
        "isbn_13": [],
        "page_count": [],
        "language": [
            "English"
        ]
    },
    {
        "page": "14",
        "title": [
            "100 Love Notes book by Hyong Yi"
        ],
        "isbn_10": [
            "0996188401",
            "9780996188401"
        ],
        "isbn_13": [
            "0996188401",
            "9780996188401"
        ],
        "page_count": [
            "144 Pages"
        ],
        "language": []
    },
    {
        "page": "141",
        "title": [
            "A caccia di libri proibiti book by Simone Berni"
        ],
        "isbn_10": [
            "9780244763442",
            "0244763445"
        ],
        "isbn_13": [
            "9780244763442",
            "0244763445"
        ],
        "page_count": [
            "496 Pages"
        ],
        "language": []
    },
    {
        "page": "139",
        "title": [
            "A Builder of the Northwest The Life and... book by Richard Secord"
        ],
        "isbn_10": [
            "B003MTHRB6"
        ],
        "isbn_13": [
            "B003MTHRB6"
        ],
        "page_count": [],
        "language": []
    },
    {
        "page": "142",
        "title": [
            "A Calm Consideration of the Present... book"
        ],
        "isbn_10": [
            "0559707304",
            "9780559707308"
        ],
        "isbn_13": [
            "0559707304",
            "9780559707308"
        ],
        "page_count": [
            "56 Pages"
        ],
        "language": []
    },
    {
        "page": "140",
        "title": [
            "A Business Barometer for Retailers book by Horace Secrist"
        ],
        "isbn_10": [
            "1176320068",
            "9781176320062"
        ],
        "isbn_13": [
            "1176320068",
            "9781176320062"
        ],
        "page_count": [
            "26 Pages"
        ],
        "language": []
    },
    {
        "page": "143",
        "title": [
            "A Cambrian Kaleidoscope: Cymru Am Byth book by Ieuan J Sims"
        ],
        "isbn_10": [
            "1478777974",
            "9781478777977"
        ],
        "isbn_13": [
            "1478777974",
            "9781478777977"
        ],
        "page_count": [
            "316 Pages"
        ],
        "language": []
    },
    {
        "page": "145",
        "title": [
            "A Camper's Guide to an Awesome Camping... book by Marne Ventura"
        ],
        "isbn_10": [],
        "isbn_13": [],
        "page_count": [],
        "language": [
            "English"
        ]
    },
    {
        "page": "146",
        "title": [
            "A Caramel Sky book by Kayleen M Hazlehurst"
        ],
        "isbn_10": [
            "9780473526306",
            "0473526301"
        ],
        "isbn_13": [
            "9780473526306",
            "0473526301"
        ],
        "page_count": [
            "390 Pages"
        ],
        "language": []
    },
    {
        "page": "144",
        "title": [
            "A Camera in the Cairngorms book by W.A. Poucher"
        ],
        "isbn_10": [
            "1446544486",
            "9781446544488"
        ],
        "isbn_13": [
            "1446544486",
            "9781446544488"
        ],
        "page_count": [
            "140 Pages"
        ],
        "language": []
    },
    {
        "page": "149",
        "title": [
            "A case in the United States Court of... book by Harry N. Stull"
        ],
        "isbn_10": [
            "9781240125036",
            "1240125038"
        ],
        "isbn_13": [
            "9781240125036",
            "1240125038"
        ],
        "page_count": [
            "152 Pages"
        ],
        "language": []
    },
    {
        "page": "15",
        "title": [
            "100 People to Meet Before You Die Travel... book by Jackie Chase"
        ],
        "isbn_10": [
            "1937630943",
            "9781937630942"
        ],
        "isbn_13": [
            "1937630943",
            "9781937630942"
        ],
        "page_count": [
            "312 Pages"
        ],
        "language": []
    },
    {
        "page": "134",
        "title": [
            "A Brief View of the English Dram book"
        ],
        "isbn_10": [
            "0554970147",
            "9780554970141"
        ],
        "isbn_13": [
            "0554970147",
            "9780554970141"
        ],
        "page_count": [
            "164 Pages"
        ],
        "language": []
    },
    {
        "page": "148",
        "title": [
            "A Case for Transformational Leadership... book by Martine Aud\u00e9oud"
        ],
        "isbn_10": [
            "3659797383",
            "9783659797385"
        ],
        "isbn_13": [
            "3659797383",
            "9783659797385"
        ],
        "page_count": [
            "324 Pages"
        ],
        "language": []
    },
    {
        "page": "152",
        "title": [
            "A catalogue of the library, antiquities,... book by John Cooper"
        ],
        "isbn_10": [
            "9781170364512",
            "1170364519"
        ],
        "isbn_13": [
            "9781170364512",
            "1170364519"
        ],
        "page_count": [
            "306 Pages"
        ],
        "language": []
    },
    {
        "page": "151",
        "title": [
            "A Case Of Bad Diction (Judge Mycroft... book"
        ],
        "isbn_10": [
            "9798224133765"
        ],
        "isbn_13": [
            "9798224133765"
        ],
        "page_count": [],
        "language": []
    },
    {
        "page": "153",
        "title": [
            "A Catechism for Non-Catholics book by Martin Farrell"
        ],
        "isbn_10": [],
        "isbn_13": [],
        "page_count": [],
        "language": [
            "English"
        ]
    },
    {
        "page": "155",
        "title": [
            "A Cathedral Singer book"
        ],
        "isbn_10": [
            "1116883104",
            "9781116883107",
            "Yes"
        ],
        "isbn_13": [
            "1116883104",
            "9781116883107",
            "Yes"
        ],
        "page_count": [],
        "language": []
    },
    {
        "page": "150",
        "title": [
            "A Case Of Bad Diction (Judge Mycroft... book"
        ],
        "isbn_10": [
            "9798224133765"
        ],
        "isbn_13": [
            "9798224133765"
        ],
        "page_count": [],
        "language": []
    },
    {
        "page": "147",
        "title": [
            "A Caribbean Mystery 1ST American Edition... book"
        ],
        "isbn_10": [
            "B002JM4X00"
        ],
        "isbn_13": [
            "B002JM4X00"
        ],
        "page_count": [],
        "language": []
    },
    {
        "page": "156",
        "title": [
            "A Centaur's Life, Vol. 11 book by Kei Murayama"
        ],
        "isbn_10": [
            "9781626924468",
            "1626924465"
        ],
        "isbn_13": [
            "9781626924468",
            "1626924465"
        ],
        "page_count": [
            "180 Pages"
        ],
        "language": []
    },
    {
        "page": "157",
        "title": [
            "A Centennial Commissioner in Europe book by John Weiss Forney"
        ],
        "isbn_10": [],
        "isbn_13": [],
        "page_count": [],
        "language": [
            "English"
        ]
    },
    {
        "page": "154",
        "title": [
            "A Catechism of the Steam Engine book"
        ],
        "isbn_10": [
            "9780559024641",
            "Yes",
            "0559024649"
        ],
        "isbn_13": [
            "9780559024641",
            "Yes",
            "0559024649"
        ],
        "page_count": [],
        "language": []
    },
    {
        "page": "16",
        "title": [
            "1000 Facts about Supervillains Vol. 3 book by James Egan"
        ],
        "isbn_10": [
            "9781326621032",
            "1326621033"
        ],
        "isbn_13": [
            "9781326621032",
            "1326621033"
        ],
        "page_count": [
            "174 Pages"
        ],
        "language": []
    },
    {
        "page": "159",
        "title": [
            "A Chance Acquaintance book by W D Howells"
        ],
        "isbn_10": [
            "1116671042",
            "9781116671049",
            "Yes"
        ],
        "isbn_13": [
            "1116671042",
            "9781116671049",
            "Yes"
        ],
        "page_count": [],
        "language": []
    },
    {
        "page": "161",
        "title": [
            "A Child's Garden of Verses. With... book"
        ],
        "isbn_10": [
            "B000MXDVFQ"
        ],
        "isbn_13": [
            "B000MXDVFQ"
        ],
        "page_count": [],
        "language": []
    },
    {
        "page": "158",
        "title": [
            "A Certain Crossroad book"
        ],
        "isbn_10": [
            "B00411UPOK"
        ],
        "isbn_13": [
            "B00411UPOK"
        ],
        "page_count": [],
        "language": []
    },
    {
        "page": "160",
        "title": [
            "A Changing Earth book by Heather Miller"
        ],
        "isbn_10": [],
        "isbn_13": [],
        "page_count": [],
        "language": [
            "English"
        ]
    },
    {
        "page": "163",
        "title": [
            "A CHILD'S LIFE OF CHRIST : in Words of... book by Prescott Holmes"
        ],
        "isbn_10": [
            "B004U6OYRK"
        ],
        "isbn_13": [
            "B004U6OYRK"
        ],
        "page_count": [],
        "language": []
    },
    {
        "page": "165",
        "title": [
            "A Christmas Carol / The Chimes / The... book by Charles Dickens"
        ],
        "isbn_10": [],
        "isbn_13": [],
        "page_count": [],
        "language": [
            "English"
        ]
    },
    {
        "page": "162",
        "title": [
            "A Child's Garden of Verses book by Robert Louis Stevenson"
        ],
        "isbn_10": [],
        "isbn_13": [],
        "page_count": [],
        "language": [
            "English"
        ]
    },
    {
        "page": "166",
        "title": [
            "A Christmas Holiday book by Elizabeth Thornton"
        ],
        "isbn_10": [],
        "isbn_13": [],
        "page_count": [],
        "language": [
            "English"
        ]
    },
    {
        "page": "167",
        "title": [
            "A Christmas in New York DVDs and Blu-rays"
        ],
        "isbn_10": [
            "191091488416"
        ],
        "isbn_13": [
            "191091488416"
        ],
        "page_count": [],
        "language": []
    },
    {
        "page": "168",
        "title": [
            "A Civil, Commercial, Political, And... book by Wyndham. Beawes"
        ],
        "isbn_10": [
            "117390302X",
            "9781173903022"
        ],
        "isbn_13": [
            "117390302X",
            "9781173903022"
        ],
        "page_count": [
            "226 Pages"
        ],
        "language": []
    },
    {
        "page": "164",
        "title": [
            "A Christian's Appreciation of Their... book"
        ],
        "isbn_10": [
            "9781117199818",
            "1117199819"
        ],
        "isbn_13": [
            "9781117199818",
            "1117199819"
        ],
        "page_count": [
            "308 Pages"
        ],
        "language": []
    },
    {
        "page": "17",
        "title": [
            "1000 House Plants And How To Grow Them book"
        ],
        "isbn_10": [
            "B000JF5Q50"
        ],
        "isbn_13": [
            "B000JF5Q50"
        ],
        "page_count": [],
        "language": []
    },
    {
        "page": "169",
        "title": [
            "A Collection of Important English... book"
        ],
        "isbn_10": [
            "9780554450810",
            "055445081X"
        ],
        "isbn_13": [
            "9780554450810",
            "055445081X"
        ],
        "page_count": [
            "132 Pages"
        ],
        "language": []
    },
    {
        "page": "173",
        "title": [
            "A Complete Analysis Or Grammar Of The... book by William Render"
        ],
        "isbn_10": [
            "1175296872",
            "9781175296870"
        ],
        "isbn_13": [
            "1175296872",
            "9781175296870"
        ],
        "page_count": [
            "392 Pages"
        ],
        "language": []
    },
    {
        "page": "172",
        "title": [
            "A Compendious System of Practical... book by Zachariah Jess"
        ],
        "isbn_10": [
            "1021751715",
            "9781021751713"
        ],
        "isbn_13": [
            "1021751715",
            "9781021751713"
        ],
        "page_count": [
            "370 Pages"
        ],
        "language": []
    },
    {
        "page": "174",
        "title": [
            "A Complete French Class Book book by Paul E. Girard"
        ],
        "isbn_10": [
            "0559273347",
            "9780559273346"
        ],
        "isbn_13": [
            "0559273347",
            "9780559273346"
        ],
        "page_count": [
            "332 Pages"
        ],
        "language": []
    },
    {
        "page": "175",
        "title": [
            "A Complete Guide to Nagoya book by Beautiful World Escapes"
        ],
        "isbn_10": [
            "1975876237",
            "9781975876234"
        ],
        "isbn_13": [
            "1975876237",
            "9781975876234"
        ],
        "page_count": [
            "83 Pages"
        ],
        "language": []
    },
    {
        "page": "171",
        "title": [
            "A commentary on Revelation book by James Durham"
        ],
        "isbn_10": [],
        "isbn_13": [],
        "page_count": [],
        "language": [
            "English"
        ]
    },
    {
        "page": "177",
        "title": [
            "A Concise Grammar of the Arabic... book by W. J. Beamont"
        ],
        "isbn_10": [
            "0559268548",
            "9780559268540"
        ],
        "isbn_13": [
            "0559268548",
            "9780559268540"
        ],
        "page_count": [
            "184 Pages"
        ],
        "language": []
    },
    {
        "page": "176",
        "title": [
            "A complete history of the English stage.... book by Charles Dibdin"
        ],
        "isbn_10": [],
        "isbn_13": [],
        "page_count": [],
        "language": [
            "English"
        ]
    },
    {
        "page": "170",
        "title": [
            "A Collection of Tables and Formulab... book"
        ],
        "isbn_10": [
            "9780554438665",
            "0554438666"
        ],
        "isbn_13": [
            "9780554438665",
            "0554438666"
        ],
        "page_count": [
            "268 Pages"
        ],
        "language": []
    },
    {
        "page": "18",
        "title": [
            "1000 sudoku extreme Puzzles: Livre de... book by Boost Your Brain"
        ],
        "isbn_10": [
            "B087SCDKZR",
            "9798641610672"
        ],
        "isbn_13": [
            "B087SCDKZR",
            "9798641610672"
        ],
        "page_count": [
            "294 Pages"
        ],
        "language": []
    },
    {
        "page": "178",
        "title": [
            "A concise, historical view of the... book by Amos Adams"
        ],
        "isbn_10": [
            "1170782353",
            "9781170782354"
        ],
        "isbn_13": [
            "1170782353",
            "9781170782354"
        ],
        "page_count": [
            "70 Pages"
        ],
        "language": []
    },
    {
        "page": "19",
        "title": [
            "10046 purushha suuktaardhamu book by - -"
        ],
        "isbn_10": [
            "9781174534829",
            "1174534826"
        ],
        "isbn_13": [
            "9781174534829",
            "1174534826"
        ],
        "page_count": [
            "40 Pages"
        ],
        "language": []
    },
    {
        "page": "179",
        "title": [
            "A Concise Introduction To Tibetan... book by John Powers"
        ],
        "isbn_10": [],
        "isbn_13": [],
        "page_count": [],
        "language": [
            "English"
        ]
    },
    {
        "page": "180",
        "title": [
            "A Confutation of Quakerism: Or, a Plain... book by Thomas Bennet"
        ],
        "isbn_10": [],
        "isbn_13": [],
        "page_count": [],
        "language": [
            "English"
        ]
    },
    {
        "page": "20",
        "title": [
            "101 Montunos book by Rebeca Mauleon-Santana"
        ],
        "isbn_10": [
            "B003VKPMIG"
        ],
        "isbn_13": [
            "B003VKPMIG"
        ],
        "page_count": [],
        "language": []
    },
    {
        "page": "181",
        "title": [
            "A Connecticut Yankee in King Arthur's... book by Mark Twain"
        ],
        "isbn_10": [],
        "isbn_13": [],
        "page_count": [],
        "language": [
            "English"
        ]
    },
    {
        "page": "22",
        "title": [
            "&#1040;&#1085;&#1075;&#1083;i&#1081;&#1089;&#1100;&#1082;&#1080;&#1081; &#1088;&#1077;&#1087;&#1077;&#1090;&#1080;&#1090;&#1086;&#1088;. &#1055;... book by"
        ],
        "isbn_10": [
            "9786177728343",
            "6177728340"
        ],
        "isbn_13": [
            "9786177728343",
            "6177728340"
        ],
        "page_count": [
            "338 Pages"
        ],
        "language": []
    },
    {
        "page": "23",
        "title": [
            "10469 shrii veing-kat'eisha... book by - -"
        ],
        "isbn_10": [
            "9781175326874",
            "1175326879"
        ],
        "isbn_13": [
            "9781175326874",
            "1175326879"
        ],
        "page_count": [
            "56 Pages"
        ],
        "language": []
    },
    {
        "page": "25",
        "title": [
            "\u041c\u043e\u043b\u0438\u0442\u0432\u0430 (Prayer): How Praying Together... book by John Onwuchekwa"
        ],
        "isbn_10": [
            "195576865X",
            "9781955768658"
        ],
        "isbn_13": [
            "195576865X",
            "9781955768658"
        ],
        "page_count": [
            "154 Pages"
        ],
        "language": []
    },
    {
        "page": "21",
        "title": [
            "10296 koot'appa gurusvaami kiirtanalu book by kaalvakoot'ayya kaalvakoot'ayya"
        ],
        "isbn_10": [
            "1175358568",
            "9781175358561"
        ],
        "isbn_13": [
            "1175358568",
            "9781175358561"
        ],
        "page_count": [
            "88 Pages"
        ],
        "language": []
    },
    {
        "page": "26",
        "title": [
            "10551 shrii viirayoogiin'dra... book by shrii viirayoogiin'dra shilpa samaajamu"
        ],
        "isbn_10": [
            "9781174530739",
            "1174530731"
        ],
        "isbn_13": [
            "9781174530739",
            "1174530731"
        ],
        "page_count": [
            "134 Pages"
        ],
        "language": []
    },
    {
        "page": "27",
        "title": [
            "\u0425\u0438\u043b\u043b\u0441\u0430\u0439\u0434\u0441\u043a\u0438\u0439 \u0434\u0443\u0448\u0438\u0442\u0435\u043b\u044c. The Hillside... book by"
        ],
        "isbn_10": [
            "5519655995",
            "9785519655996"
        ],
        "isbn_13": [
            "5519655995",
            "9785519655996"
        ],
        "page_count": [
            "370 Pages"
        ],
        "language": []
    },
    {
        "page": "28",
        "title": [
            "10745 Vairaagyaprakarand-Aanuban'dhamu book by shrii si ya raavu"
        ],
        "isbn_10": [
            "9781174500824",
            "1174500824"
        ],
        "isbn_13": [
            "9781174500824",
            "1174500824"
        ],
        "page_count": [
            "30 Pages"
        ],
        "language": []
    },
    {
        "page": "29",
        "title": [
            "10821 sun'darakaan'd'a padamu book by puud'ipeddi buchchanna"
        ],
        "isbn_10": [
            "117533992X",
            "9781175339928"
        ],
        "isbn_13": [
            "117533992X",
            "9781175339928"
        ],
        "page_count": [
            "52 Pages"
        ],
        "language": []
    },
    {
        "page": "3",
        "title": [
            "Dead Man book by Jonathan Rosenbaum"
        ],
        "isbn_10": [],
        "isbn_13": [],
        "page_count": [],
        "language": [
            "English"
        ]
    },
    {
        "page": "24",
        "title": [
            "10511 rukmaan'gadacharitramu book by van'gala chinnikrxshhnd-ayya"
        ],
        "isbn_10": [
            "1175369853",
            "9781175369857"
        ],
        "isbn_13": [
            "1175369853",
            "9781175369857"
        ],
        "page_count": [
            "64 Pages"
        ],
        "language": []
    },
    {
        "page": "30",
        "title": [
            "10832 taarakanaamaprabhaavamu book by kon'd' kon'd'apalliven'kat'adaasu"
        ],
        "isbn_10": [
            "9781175338945",
            "117533894X"
        ],
        "isbn_13": [
            "9781175338945",
            "117533894X"
        ],
        "page_count": [
            "34 Pages"
        ],
        "language": []
    },
    {
        "page": "31",
        "title": [
            "10881 nirvachanakumaarasan'bhavamu book by vein'kat'asuuryaprasaadaraaya kavi"
        ],
        "isbn_10": [
            "9781174517563",
            "1174517565"
        ],
        "isbn_13": [
            "9781174517563",
            "1174517565"
        ],
        "page_count": [
            "214 Pages"
        ],
        "language": []
    },
    {
        "page": "32",
        "title": [
            "10889 shakun'talaaparind-ayamu book by krxshhnd-akavi krxshhnd-akavi"
        ],
        "isbn_10": [
            "1174534095",
            "9781174534096"
        ],
        "isbn_13": [
            "1174534095",
            "9781174534096"
        ],
        "page_count": [
            "94 Pages"
        ],
        "language": []
    },
    {
        "page": "33",
        "title": [
            "Cento domande sull'islam. Intervista a... book by Giorgio Paolucci"
        ],
        "isbn_10": [],
        "isbn_13": [],
        "page_count": [],
        "language": [
            "English"
        ]
    },
    {
        "page": "35",
        "title": [
            "12 Ways Your Phone Is Changing You book by Tony Reinke"
        ],
        "isbn_10": [],
        "isbn_13": [],
        "page_count": [],
        "language": [
            "English"
        ]
    },
    {
        "page": "36",
        "title": [
            "120 Jahre der Weltgeschichte: F\u00fcnfter... book by Wolfgang Menzel Menzel"
        ],
        "isbn_10": [
            "3743370379",
            "9783743370371"
        ],
        "isbn_13": [
            "3743370379",
            "9783743370371"
        ],
        "page_count": [
            "490 Pages"
        ],
        "language": []
    },
    {
        "page": "37",
        "title": [
            "1225 Christmas Tree Lane: 1225 Christmas... book by Debbie Macomber"
        ],
        "isbn_10": [],
        "isbn_13": [],
        "page_count": [],
        "language": [
            "English"
        ]
    },
    {
        "page": "38",
        "title": [
            "12815 saaraavaali book by - -"
        ],
        "isbn_10": [
            "9781175328588",
            "1175328588"
        ],
        "isbn_13": [
            "9781175328588",
            "1175328588"
        ],
        "page_count": [
            "398 Pages"
        ],
        "language": []
    },
    {
        "page": "39",
        "title": [
            "12th of Never book by James Patterson"
        ],
        "isbn_10": [],
        "isbn_13": [],
        "page_count": [],
        "language": [
            "English"
        ]
    },
    {
        "page": "34",
        "title": [
            "11/22/63 book by Stephen King"
        ],
        "isbn_10": [],
        "isbn_13": [],
        "page_count": [],
        "language": [
            "English"
        ]
    },
    {
        "page": "40",
        "title": [
            "14 Hollow Road book by Jenn Bishop"
        ],
        "isbn_10": [],
        "isbn_13": [],
        "page_count": [],
        "language": [
            "English"
        ]
    },
    {
        "page": "41",
        "title": [
            "150 Timeless Movies book by Susan Granger"
        ],
        "isbn_10": [],
        "isbn_13": [],
        "page_count": [],
        "language": [
            "English"
        ]
    },
    {
        "page": "42",
        "title": [
            "&#1508;&#1505;&#1493;&#1511;&#1497;&#1501; &#1495;&#1513;&#1493;&#1489;&#1497;&#1501; &#1502;&#1492;&#1514;&#1493;&#1512;&#1492; &#1493;&#1492;... book"
        ],
        "isbn_10": [
            "Yes",
            "9798889559535",
            "B0BSP49WRS"
        ],
        "isbn_13": [
            "Yes",
            "9798889559535",
            "B0BSP49WRS"
        ],
        "page_count": [],
        "language": []
    },
    {
        "page": "43",
        "title": [
            "17 Defunct Ammonites: Volume I book by Stanton Fink"
        ],
        "isbn_10": [
            "B08DSYSQSB",
            "9798671013825"
        ],
        "isbn_13": [
            "B08DSYSQSB",
            "9798671013825"
        ],
        "page_count": [
            "46 Pages"
        ],
        "language": []
    },
    {
        "page": "44",
        "title": [
            "Berufsunf\ufffdhigkeitsversicherung \ufffd\ufffd... book"
        ],
        "isbn_10": [
            "9783110308013",
            "3110308010"
        ],
        "isbn_13": [
            "9783110308013",
            "3110308010"
        ],
        "page_count": [
            "383 Pages"
        ],
        "language": []
    },
    {
        "page": "45",
        "title": [
            "1914 DIA A DIA: COLE\u00c7\u00c3O PRIMEIRA GUERRA... book by Ruben Ygua"
        ],
        "isbn_10": [
            "B08B32KJ6B",
            "9798652879457"
        ],
        "isbn_13": [
            "B08B32KJ6B",
            "9798652879457"
        ],
        "page_count": [
            "44 Pages"
        ],
        "language": []
    },
    {
        "page": "46",
        "title": [
            "1914 DIA A DIA: COLE\u00c7\u00c3O PRIMEIRA GUERRA... book by Ruben Ygua"
        ],
        "isbn_10": [
            "B08B32KJ6B",
            "9798652879457"
        ],
        "isbn_13": [
            "B08B32KJ6B",
            "9798652879457"
        ],
        "page_count": [
            "44 Pages"
        ],
        "language": []
    },
    {
        "page": "47",
        "title": [
            "1914 DIA A DIA: COLE\u00c7\u00c3O PRIMEIRA GUERRA... book by Ruben Ygua"
        ],
        "isbn_10": [
            "B08B32KJ6B",
            "9798652879457"
        ],
        "isbn_13": [
            "B08B32KJ6B",
            "9798652879457"
        ],
        "page_count": [
            "44 Pages"
        ],
        "language": []
    },
    {
        "page": "48",
        "title": [
            "1914 DIA A DIA: COLE\u00c7\u00c3O PRIMEIRA GUERRA... book by Ruben Ygua"
        ],
        "isbn_10": [
            "B08B32KJ6B",
            "9798652879457"
        ],
        "isbn_13": [
            "B08B32KJ6B",
            "9798652879457"
        ],
        "page_count": [
            "44 Pages"
        ],
        "language": []
    },
    {
        "page": "49",
        "title": [
            "1940, Sonnets of a Bibliographer book by William Hobart Royce"
        ],
        "isbn_10": [],
        "isbn_13": [],
        "page_count": [],
        "language": [
            "English"
        ]
    },
    {
        "page": "5",
        "title": [
            "06 Vienna, Paris, Aix en Provence, Rom... book by Arya Bahram"
        ],
        "isbn_10": [
            "9781530380428",
            "1530380421"
        ],
        "isbn_13": [
            "9781530380428",
            "1530380421"
        ],
        "page_count": [
            "58 Pages"
        ],
        "language": []
    },
    {
        "page": "50",
        "title": [
            "1992 Annual Book of Astm Standards:... book"
        ],
        "isbn_10": [
            "0803116861",
            "9780803116863"
        ],
        "isbn_13": [
            "0803116861",
            "9780803116863"
        ],
        "page_count": [
            "732 Pages"
        ],
        "language": []
    },
    {
        "page": "51",
        "title": [
            "2 in 1 Cryptograms riddles CHALLENGE... book"
        ],
        "isbn_10": [
            "9798645701017",
            "B088LBZTCG"
        ],
        "isbn_13": [
            "9798645701017",
            "B088LBZTCG"
        ],
        "page_count": [
            "58 Pages"
        ],
        "language": []
    },
    {
        "page": "52",
        "title": [
            "2-In-1 Value Bundle Save Money and Work... book by Dana Wise"
        ],
        "isbn_10": [
            "9781953494016",
            "1953494013"
        ],
        "isbn_13": [
            "9781953494016",
            "1953494013"
        ],
        "page_count": [
            "288 Pages"
        ],
        "language": []
    },
    {
        "page": "53",
        "title": [
            "2 year children Guoxue Reading(Chinese... book"
        ],
        "isbn_10": [
            "7811356740"
        ],
        "isbn_13": [
            "7811356740"
        ],
        "page_count": [],
        "language": []
    },
    {
        "page": "54",
        "title": [
            "20 All-Time Hit Paraders book by Keys Pops Publication"
        ],
        "isbn_10": [
            "B001SLK9M4"
        ],
        "isbn_13": [
            "B001SLK9M4"
        ],
        "page_count": [],
        "language": []
    },
    {
        "page": "56",
        "title": [
            "2:00 A.M. Paradise Cafe album"
        ],
        "isbn_10": [
            "886972392127"
        ],
        "isbn_13": [
            "886972392127"
        ],
        "page_count": [],
        "language": []
    },
    {
        "page": "55",
        "title": [
            "20 Years of Something, The Best (and... book by Mike Maddock"
        ],
        "isbn_10": [
            "9798667118978",
            "B08DGCGMRC"
        ],
        "isbn_13": [
            "9798667118978",
            "B08DGCGMRC"
        ],
        "page_count": [
            "310 Pages"
        ],
        "language": []
    },
    {
        "page": "57",
        "title": [
            "200 Hard Puzzle With Solution Sukaku Vol... book by Tewebook Sukaku Puzzle"
        ],
        "isbn_10": [
            "9781711919058",
            "1711919055"
        ],
        "isbn_13": [
            "9781711919058",
            "1711919055"
        ],
        "page_count": [
            "128 Pages"
        ],
        "language": []
    },
    {
        "page": "58",
        "title": [
            "200 Hard Puzzle With Solution Sukaku Vol... book by Tewebook Sukaku Puzzle"
        ],
        "isbn_10": [
            "1711809004",
            "9781711809007"
        ],
        "isbn_13": [
            "1711809004",
            "9781711809007"
        ],
        "page_count": [
            "128 Pages"
        ],
        "language": []
    },
    {
        "page": "59",
        "title": [
            "200 Hikeable Waterfalls of Ohio book by Tina Karle"
        ],
        "isbn_10": [],
        "isbn_13": [],
        "page_count": [],
        "language": [
            "English"
        ]
    },
    {
        "page": "6",
        "title": [
            "10 BDSM Erotic Stories: Volume 5: 10... book"
        ],
        "isbn_10": [
            "B087SJXMRD",
            "9798642852392"
        ],
        "isbn_13": [
            "B087SJXMRD",
            "9798642852392"
        ],
        "page_count": [
            "136 Pages"
        ],
        "language": []
    },
    {
        "page": "60",
        "title": [
            "2020 & 2021 Two-Year Daily Planner For... book"
        ],
        "isbn_10": [
            "9781710099829",
            "1710099828"
        ],
        "isbn_13": [
            "9781710099829",
            "1710099828"
        ],
        "page_count": [
            "106 Pages"
        ],
        "language": []
    },
    {
        "page": "62",
        "title": [
            "2020-2022 Monthly Planner: Three Years... book by Safari Press"
        ],
        "isbn_10": [
            "1675085528",
            "9781675085523"
        ],
        "isbn_13": [
            "1675085528",
            "9781675085523"
        ],
        "page_count": [
            "116 Pages"
        ],
        "language": []
    },
    {
        "page": "63",
        "title": [
            "2020-2024 Five Year Planner: Ultimate 60... book"
        ],
        "isbn_10": [
            "1696169623",
            "9781696169622"
        ],
        "isbn_13": [
            "1696169623",
            "9781696169622"
        ],
        "page_count": [
            "150 Pages"
        ],
        "language": []
    },
    {
        "page": "64",
        "title": [
            "2020-2024 Planner: 5 Year Monthly Weekly... book"
        ],
        "isbn_10": [
            "9781709812354",
            "1709812354"
        ],
        "isbn_13": [
            "9781709812354",
            "1709812354"
        ],
        "page_count": [
            "132 Pages"
        ],
        "language": []
    },
    {
        "page": "4",
        "title": [
            "All Editions of Novelist as a Vocation | ThriftBooks"
        ],
        "isbn_10": [],
        "isbn_13": [],
        "page_count": [],
        "language": []
    },
    {
        "page": "65",
        "title": [
            "2020 Daily Planner Flowers Pretty Purple... book"
        ],
        "isbn_10": [
            "1658806603",
            "9781658806602"
        ],
        "isbn_13": [
            "1658806603",
            "9781658806602"
        ],
        "page_count": [
            "388 Pages"
        ],
        "language": []
    },
    {
        "page": "66",
        "title": [
            "2020 Diary: 5x8 week to a page planner... book by Lilac House"
        ],
        "isbn_10": [
            "9781692516703",
            "1692516701"
        ],
        "isbn_13": [
            "9781692516703",
            "1692516701"
        ],
        "page_count": [
            "102 Pages"
        ],
        "language": []
    },
    {
        "page": "68",
        "title": [
            "2020 Planner: 6\"x9\" Daily and Weekly... book"
        ],
        "isbn_10": [
            "1710074043",
            "9781710074048"
        ],
        "isbn_13": [
            "1710074043",
            "9781710074048"
        ],
        "page_count": [
            "162 Pages"
        ],
        "language": []
    },
    {
        "page": "69",
        "title": [
            "2020 Weekly Planner: East Sylacauga,... book"
        ],
        "isbn_10": [
            "1696282934",
            "9781696282932"
        ],
        "isbn_13": [
            "1696282934",
            "9781696282932"
        ],
        "page_count": [
            "58 Pages"
        ],
        "language": []
    },
    {
        "page": "7",
        "title": [
            "10 Fascinating Facts about Dinosaurs book by Rachel A. Koestler-Grack"
        ],
        "isbn_10": [],
        "isbn_13": [],
        "page_count": [],
        "language": [
            "English"
        ]
    },
    {
        "page": "70",
        "title": [
            "2020 Weekly Planner Spring Greens Growth... book"
        ],
        "isbn_10": [
            "9781710063905",
            "1710063904"
        ],
        "isbn_13": [
            "9781710063905",
            "1710063904"
        ],
        "page_count": [
            "134 Pages"
        ],
        "language": []
    },
    {
        "page": "72",
        "title": [
            "21st Century beginners Spanish crash +... book"
        ],
        "isbn_10": [
            "9789574611058",
            "9574611051"
        ],
        "isbn_13": [
            "9789574611058",
            "9574611051"
        ],
        "page_count": [],
        "language": []
    },
    {
        "page": "73",
        "title": [
            "27 Commonwealth Avenue book by Patricia Owen"
        ],
        "isbn_10": [
            "1440409633",
            "9781440409639"
        ],
        "isbn_13": [
            "1440409633",
            "9781440409639"
        ],
        "page_count": [
            "102 Pages"
        ],
        "language": []
    },
    {
        "page": "71",
        "title": [
            "2056: Meltdown: The Lost Rule of Law book by Philip Altman"
        ],
        "isbn_10": [
            "1543488439",
            "9781543488432"
        ],
        "isbn_13": [
            "1543488439",
            "9781543488432"
        ],
        "page_count": [
            "316 Pages"
        ],
        "language": []
    },
    {
        "page": "67",
        "title": [
            "2020 Monthly Planner: Goldfish 12 Month... book by Petly Books"
        ],
        "isbn_10": [
            "1692469940",
            "9781692469948"
        ],
        "isbn_13": [
            "1692469940",
            "9781692469948"
        ],
        "page_count": [
            "100 Pages"
        ],
        "language": []
    },
    {
        "page": "74",
        "title": [
            "27 Tratamientos Aur\u00edculo Acupunturales.... book by Txema Ba\u00f1\u00f3n Zaragoza"
        ],
        "isbn_10": [
            "9798655613041",
            "B08BDYHV3P"
        ],
        "isbn_13": [
            "9798655613041",
            "B08BDYHV3P"
        ],
        "page_count": [
            "34 Pages"
        ],
        "language": []
    },
    {
        "page": "77",
        "title": [
            "3 Seconds: The Power of Thinking Twice book by Les Parrott III"
        ],
        "isbn_10": [],
        "isbn_13": [],
        "page_count": [],
        "language": [
            "English"
        ]
    },
    {
        "page": "76",
        "title": [
            "(293 P.) book by Jean-Joseph Regnault-Warin"
        ],
        "isbn_10": [
            "9781286089958",
            "1286089956"
        ],
        "isbn_13": [
            "9781286089958",
            "1286089956"
        ],
        "page_count": [
            "292 Pages"
        ],
        "language": []
    },
    {
        "page": "79",
        "title": [
            "35 Creepypastas anglosajones in\u00e9ditos en... book by Andrew Goldson"
        ],
        "isbn_10": [
            "B088GDG1YL",
            "9798645198879"
        ],
        "isbn_13": [
            "B088GDG1YL",
            "9798645198879"
        ],
        "page_count": [
            "78 Pages"
        ],
        "language": []
    },
    {
        "page": "78",
        "title": [
            "3264 and All That: A Second Course in... book by Joe Harris"
        ],
        "isbn_10": [],
        "isbn_13": [],
        "page_count": [],
        "language": [
            "English"
        ]
    },
    {
        "page": "8",
        "title": [
            "10 ways to live longer (Prevention... book by Sharon Faelten"
        ],
        "isbn_10": [
            "0878573801",
            "9780878573806"
        ],
        "isbn_13": [
            "0878573801",
            "9780878573806"
        ],
        "page_count": [
            "84 Pages"
        ],
        "language": []
    },
    {
        "page": "81",
        "title": [
            "365 Meditations for Men book by James A. Harnish"
        ],
        "isbn_10": [
            "9780687076802",
            "0687076803"
        ],
        "isbn_13": [
            "9780687076802",
            "0687076803"
        ],
        "page_count": [
            "341 Pages"
        ],
        "language": []
    },
    {
        "page": "83",
        "title": [
            "367 Things I'm Going to Know about the... book by E. Twede"
        ],
        "isbn_10": [
            "9780965488433",
            "0965488438"
        ],
        "isbn_13": [
            "9780965488433",
            "0965488438"
        ],
        "page_count": [
            "128 Pages"
        ],
        "language": []
    },
    {
        "page": "75",
        "title": [
            "28 Days: What Your Cycle Reveals About... book by Gabrielle Lichterman"
        ],
        "isbn_10": [
            "1593373457",
            "9781593373450"
        ],
        "isbn_13": [
            "1593373457",
            "9781593373450"
        ],
        "page_count": [
            "281 Pages"
        ],
        "language": []
    },
    {
        "page": "80",
        "title": [
            "365 30-Minute Meals book by Meaghan McDonnell"
        ],
        "isbn_10": [],
        "isbn_13": [],
        "page_count": [],
        "language": [
            "English"
        ]
    },
    {
        "page": "84",
        "title": [
            "3D Modeling and Surfacing (Exploring 3D... book by Bill Fleming"
        ],
        "isbn_10": [
            "0122604903",
            "9780122604904"
        ],
        "isbn_13": [
            "0122604903",
            "9780122604904"
        ],
        "page_count": [
            "340 Pages"
        ],
        "language": []
    },
    {
        "page": "85",
        "title": [
            "3rd Degree book by James Patterson"
        ],
        "isbn_10": [],
        "isbn_13": [],
        "page_count": [],
        "language": [
            "English"
        ]
    },
    {
        "page": "86",
        "title": [
            "40 Coloriage animaux - Livre de... book by Anne EDColor"
        ],
        "isbn_10": [
            "9798641101927",
            "B087S85JVC"
        ],
        "isbn_13": [
            "9798641101927",
            "B087S85JVC"
        ],
        "page_count": [
            "102 Pages"
        ],
        "language": []
    },
    {
        "page": "88",
        "title": [
            "4183830 A.D. What Is Truth? book by H Disciple"
        ],
        "isbn_10": [
            "1684095468",
            "9781684095469"
        ],
        "isbn_13": [
            "1684095468",
            "9781684095469"
        ],
        "page_count": [
            "72 Pages"
        ],
        "language": []
    },
    {
        "page": "87",
        "title": [
            "40 Melodic Studies for Cello Solo [Book... book"
        ],
        "isbn_10": [
            "9781974899470",
            "1974899470"
        ],
        "isbn_13": [
            "9781974899470",
            "1974899470"
        ],
        "page_count": [
            "24 Pages"
        ],
        "language": []
    },
    {
        "page": "89",
        "title": [
            "5 Crowns Score Pads Book : 120 Large... book by Steve Rocher"
        ],
        "isbn_10": [
            "9798610275734",
            "B084YZT4N1"
        ],
        "isbn_13": [
            "9798610275734",
            "B084YZT4N1"
        ],
        "page_count": [
            "133 Pages"
        ],
        "language": []
    },
    {
        "page": "9",
        "title": [
            "10 x 10: 10 Critics, 100 Architects book by Aaron Betsky"
        ],
        "isbn_10": [
            "0714839221",
            "9780714839226"
        ],
        "isbn_13": [
            "0714839221",
            "9780714839226"
        ],
        "page_count": [
            "468 Pages"
        ],
        "language": []
    },
    {
        "page": "90",
        "title": [
            "5 Steps to a 5: 500 AP European History... book by Sergei Alschen"
        ],
        "isbn_10": [
            "125983669X",
            "9781259836695"
        ],
        "isbn_13": [
            "125983669X",
            "9781259836695"
        ],
        "page_count": [
            "208 Pages"
        ],
        "language": []
    },
    {
        "page": "61",
        "title": [
            "2020-2021 Two Year Planner: Beach Theme... book"
        ],
        "isbn_10": [
            "1654495905",
            "9781654495909"
        ],
        "isbn_13": [
            "1654495905",
            "9781654495909"
        ],
        "page_count": [
            "142 Pages"
        ],
        "language": []
    },
    {
        "page": "82",
        "title": [
            "365 Pacific Northwest Dinner Party... book by Julie Chew"
        ],
        "isbn_10": [
            "B08DPQZYYX",
            "9798669936761"
        ],
        "isbn_13": [
            "B08DPQZYYX",
            "9798669936761"
        ],
        "page_count": [
            "200 Pages"
        ],
        "language": []
    },
    {
        "page": "95",
        "title": [
            "50 Hikes in Western Pennsylvania: Walks... book by Tom Thwaites"
        ],
        "isbn_10": [],
        "isbn_13": [],
        "page_count": [],
        "language": [
            "English"
        ]
    },
    {
        "page": "91",
        "title": [
            "5 Steps to a 5: AP Computer Science... book by Julie Schacht Sway"
        ],
        "isbn_10": [
            "9781264437054",
            "1264437056"
        ],
        "isbn_13": [
            "9781264437054",
            "1264437056"
        ],
        "page_count": [
            "464 Pages"
        ],
        "language": []
    },
    {
        "page": "92",
        "title": [
            "The Sand Warrior book by Mark Siegel"
        ],
        "isbn_10": [],
        "isbn_13": [],
        "page_count": [],
        "language": [
            "English"
        ]
    },
    {
        "page": "93",
        "title": [
            "5 year monthly planner 2020-2024:... book"
        ],
        "isbn_10": [
            "9781696169233",
            "1696169232"
        ],
        "isbn_13": [
            "9781696169233",
            "1696169232"
        ],
        "page_count": [
            "142 Pages"
        ],
        "language": []
    },
    {
        "page": "96",
        "title": [
            "50 Mandalas for Stress-Relief Adult... book by Sumu Coloring Book"
        ],
        "isbn_10": [
            "1658638182",
            "9781658638180"
        ],
        "isbn_13": [
            "1658638182",
            "9781658638180"
        ],
        "page_count": [
            "110 Pages"
        ],
        "language": []
    },
    {
        "page": "98",
        "title": [
            "&#51064;&#46020;&#51032; &#47579; 2023:... book by"
        ],
        "isbn_10": [
            "9781837525140",
            "1837525145"
        ],
        "isbn_13": [
            "9781837525140",
            "1837525145"
        ],
        "page_count": [
            "224 Pages"
        ],
        "language": []
    },
    {
        "page": "97",
        "title": [
            "50 Secrets of Magic Craftsmanship... book"
        ],
        "isbn_10": [
            "B009K23W4U"
        ],
        "isbn_13": [
            "B009K23W4U"
        ],
        "page_count": [],
        "language": []
    },
    {
        "page": "99",
        "title": [
            "55 Ways to the Wilderness in... book by Nancy Simmerman"
        ],
        "isbn_10": [
            "0898861063",
            "9780898861068"
        ],
        "isbn_13": [
            "0898861063",
            "9780898861068"
        ],
        "page_count": [
            "176 Pages"
        ],
        "language": []
    },
    {
        "page": "94",
        "title": [
            "50 Dutch Oven Dessert Making Recipes for... book"
        ],
        "isbn_10": [
            "9798330214815"
        ],
        "isbn_13": [
            "9798330214815"
        ],
        "page_count": [],
        "language": []
    }
]