[
    {
        "page": "1",
        "name": [
            "Pierre Borczuk, MD"
        ],
        "education_background": [
            "MD, New York University"
        ],
        "location": [
            "Boston, MA"
        ],
        "phone": [
            "617-724-4100"
        ]
    },
    {
        "page": "0",
        "name": [
            "Steve Atlas, MD, MPH"
        ],
        "education_background": [
            "Fellowship, Massachusetts General Hospital"
        ],
        "location": [
            "Boston, MA"
        ],
        "phone": [
            "617-724-6200"
        ]
    },
    {
        "page": "101",
        "name": [
            "Brenna Casey, MD"
        ],
        "education_background": [
            "Residency, University of South Alabama",
            "Fellowship, Massachusetts General Hospital",
            "MD, University of South Alabama School of Medicine",
            "Fellowship, University of South Alabama"
        ],
        "location": [
            "Boston, MA"
        ],
        "phone": [
            "617-726-2426"
        ]
    },
    {
        "page": "102",
        "name": [
            "Eric Nadel, MD"
        ],
        "education_background": [
            "MD, Albert Einstein college of medicine"
        ],
        "location": [
            "Boston, MA"
        ],
        "phone": [
            "617-724-4100"
        ]
    },
    {
        "page": "10",
        "name": [
            "David Slovik, MD"
        ],
        "education_background": [
            "Fellowship, Massachusetts General Hospital",
            "Residency, Massachusetts General Hospital",
            "MD, State University of New York"
        ],
        "location": [
            "Danvers, MA",
            "Waltham, MA",
            "Boston, MA"
        ],
        "phone": [
            "617-726-8720"
        ]
    },
    {
        "page": "100",
        "name": [
            "Nutan Sharma, MD, PhD"
        ],
        "education_background": [
            "MD, State University of New York, Stony Brook School of Medicine And Biomedical Sciences",
            "Residency, Yale University",
            "Fellowship, Massachusetts General Hospital"
        ],
        "location": [
            "Boston, MA"
        ],
        "phone": [
            "617-726-3642"
        ]
    },
    {
        "page": "106",
        "name": [
            "Rodger White, MD"
        ],
        "education_background": [
            "Residency, Massachusetts General Hospital",
            "Residency, UCI Medical Center",
            "MD, University of Rochester School of Medicine and Dentistry"
        ],
        "location": [
            "Boston, MA"
        ],
        "phone": [
            "617-726-3030"
        ]
    },
    {
        "page": "103",
        "name": [
            "Edelmira Kruger, PhD"
        ],
        "education_background": [
            "Fellowship, C.F. Menninger Memorial Hospital"
        ],
        "location": [],
        "phone": []
    },
    {
        "page": "107",
        "name": [
            "Leigh Hochberg, MD, PhD"
        ],
        "education_background": [
            "Fellowship, Massachusetts General Hospital",
            "MD, Emory University"
        ],
        "location": [
            "Boston, MA"
        ],
        "phone": [
            "617-726-8459"
        ]
    },
    {
        "page": "108",
        "name": [
            "Randie Black-Schaffer, MD, MA"
        ],
        "education_background": [
            "MD, Indiana University School of Medicine"
        ],
        "location": [
            "Charlestown , MA"
        ],
        "phone": [
            "617-952-5000"
        ]
    },
    {
        "page": "109",
        "name": [
            "Sjirk Westra, MD"
        ],
        "education_background": [
            "MD, Rijksuniversiteit Groningen",
            "Fellowship, University of California, Los Angeles, School of Medicine"
        ],
        "location": [],
        "phone": []
    },
    {
        "page": "105",
        "name": [
            "Noopur Raje, MD"
        ],
        "education_background": [
            "Fellowship, Tata Memorial Cancer Institute",
            "Fellowship, Dana Farber Cancer Institute",
            "MBBS, Sassoon General Hospital",
            "MD, B. J. Medical college"
        ],
        "location": [
            "Waltham, MA",
            "Boston, MA"
        ],
        "phone": [
            "781-487-6100",
            "617-724-4000"
        ]
    },
    {
        "page": "11",
        "name": [
            "Jeremy Schmahmann, MD"
        ],
        "education_background": [
            "Residency, Boston City Hospital",
            "Residency, Brockton Veterans Administration Medical Center",
            "Fellowship, Boston University",
            "M.B., CH.B.,University of Cape Town School of Medicine, South Africa"
        ],
        "location": [
            "Boston, MA"
        ],
        "phone": [
            "617-726-3216"
        ]
    },
    {
        "page": "111",
        "name": [
            "Joshua Goldstein, MD, PhD"
        ],
        "education_background": [
            "Fellowship, Massachusetts General Hospital",
            "MD, University of Connecticut School of Medicine"
        ],
        "location": [
            "Boston, MA"
        ],
        "phone": [
            "617-724-3290"
        ]
    },
    {
        "page": "113",
        "name": [
            "Laura Avery, MD"
        ],
        "education_background": [
            "Fellowship, Massachusetts General Hospital",
            "Residency, Massachusetts General Hospital",
            "MD, Wayne State University, School of Medicine"
        ],
        "location": [
            "Nantucket, MA",
            "Boston, MA"
        ],
        "phone": [
            "617-726-5244",
            "508-825-8165"
        ]
    },
    {
        "page": "114",
        "name": [
            "Helen Shih, MD"
        ],
        "education_background": [
            "MS, University of Pennsylvania",
            "MD, Univ. of Pennsylvania School of Medicine"
        ],
        "location": [
            "Boston, MA"
        ],
        "phone": [
            "617-724-1298"
        ]
    },
    {
        "page": "115",
        "name": [
            "James Morrill, MD, PhD"
        ],
        "education_background": [
            "PhD, Harvard Medical School"
        ],
        "location": [
            "Charlestown , MA"
        ],
        "phone": [
            "617-724-8135"
        ]
    },
    {
        "page": "112",
        "name": [
            "Victor Neel, MD, PhD"
        ],
        "education_background": [
            "PhD, Rockefeller University",
            "MD, Weill Cornell Medical College",
            "Residency, Rhode Island Hospital/Lifespan",
            "Fellowship, Ron Moy, MD, Inc."
        ],
        "location": [
            "Boston, MA"
        ],
        "phone": [
            "617-726-1869"
        ]
    },
    {
        "page": "116",
        "name": [
            "David Harrison, MD"
        ],
        "education_background": [
            "MD, Harvard Medical School*"
        ],
        "location": [
            "Everett, MA"
        ],
        "phone": [
            "617-394-7500"
        ]
    },
    {
        "page": "104",
        "name": [
            "Naomi Leeds, MD, MPH"
        ],
        "education_background": [
            "MD, University of Vermont Medical Center (UVM)*"
        ],
        "location": [
            "Boston, MA"
        ],
        "phone": [
            "617-726-2674"
        ]
    },
    {
        "page": "110",
        "name": [
            "Robert Brown, MD"
        ],
        "education_background": [
            "Fellowship, Brigham and Women's Hospital",
            "MD, McGill University Faculty of Medicine",
            "Fellowship, Royal Victoria Hospital, Montreal"
        ],
        "location": [
            "Boston, MA"
        ],
        "phone": [
            "617-726-1721"
        ]
    },
    {
        "page": "117",
        "name": [
            "Michael Lanuti, MD"
        ],
        "education_background": [
            "MD, University of Pennsylvania",
            "Fellowship, Harvard Medical School*"
        ],
        "location": [
            "Northampton, MA",
            "Boston, MA"
        ],
        "phone": [
            "413-582-2000",
            "617-726-2100"
        ]
    },
    {
        "page": "118",
        "name": [
            "Michael Lanuti, MD"
        ],
        "education_background": [
            "Residency, Hospital of the Univ of Pennsylvania",
            "Residency, Hospital of the University of Pennsylvania",
            "MD, University of Pennsylvania",
            "Fellowship, Harvard Medical School*"
        ],
        "location": [
            "Northampton, MA",
            "Boston, MA"
        ],
        "phone": [
            "413-582-2000",
            "617-726-2100"
        ]
    },
    {
        "page": "119",
        "name": [
            "Ken Solt, MD"
        ],
        "education_background": [
            "MD, University of Pennsylvania"
        ],
        "location": [
            "Boston, MA"
        ],
        "phone": [
            "617-726-3030"
        ]
    },
    {
        "page": "12",
        "name": [
            "Francis Delmonico, MD"
        ],
        "education_background": [
            "Fellowship, Massachusetts General Hospital",
            "MD, George Washington Medical Center"
        ],
        "location": [
            "Boston, MA"
        ],
        "phone": [
            "617-726-2000"
        ]
    },
    {
        "page": "120",
        "name": [
            "Ken Solt, MD"
        ],
        "education_background": [
            "Residency, Massachusetts General Hospital",
            "MD, University of Pennsylvania"
        ],
        "location": [
            "Boston, MA"
        ],
        "phone": [
            "617-726-3030"
        ]
    },
    {
        "page": "121",
        "name": [
            "Paul Currier, MD"
        ],
        "education_background": [
            "Fellowship, Massachusetts General Hospital",
            "MD, Vanderbilt University School of Medicine",
            "Fellowship, Harvard Pulmonary and Critical Care"
        ],
        "location": [
            "Boston, MA"
        ],
        "phone": [
            "617-726-1721"
        ]
    },
    {
        "page": "122",
        "name": [
            "Anand Viswanathan, MD, PhD"
        ],
        "education_background": [
            "Fellowship, Massachusetts General Hospital",
            "Residency, Brigham and Women's Hospital",
            "Residency, Massachusetts General Hospital",
            "Fellowship, Hopital Lariboisiere",
            "PhD, MD, Emory University"
        ],
        "location": [
            "Boston, MA"
        ],
        "phone": [
            "855-644-6387"
        ]
    },
    {
        "page": "123",
        "name": [
            "Leslie Kerzner, MD"
        ],
        "education_background": [
            "Fellowship, Women and Infants Hospital/Brown University",
            "MD, University of Vermont College of Medicine"
        ],
        "location": [
            "Danvers, MA",
            "Boston, MA"
        ],
        "phone": [
            "978-882-6100",
            "617-724-4310"
        ]
    },
    {
        "page": "124",
        "name": [
            "Douglas Dahl, MD"
        ],
        "education_background": [
            "MD, Yale University School of Medicine",
            "Fellowship, Dana Farber Cancer Institute",
            "Residency, Brigham and Women's Hospital"
        ],
        "location": [
            "Boston, MA"
        ],
        "phone": [
            "857-238-3838"
        ]
    },
    {
        "page": "125",
        "name": [
            "Elizabeth Thiele, MD, PhD"
        ],
        "education_background": [
            "MD, Johns Hopkins University School of Medicine",
            "Fellowship, Boston Childrens Hospital (Massachusetts)"
        ],
        "location": [
            "Boston, MA"
        ],
        "phone": [
            "617-726-6540"
        ]
    },
    {
        "page": "126",
        "name": [
            "Natalia Rost, MD"
        ],
        "education_background": [
            "Fellowship, Massachusetts General Hospital",
            "MD, Boston University",
            "MPH, Harvard School of Public Health"
        ],
        "location": [
            "Boston, MA"
        ],
        "phone": [
            "617-726-8459"
        ]
    },
    {
        "page": "127",
        "name": [],
        "education_background": [],
        "location": [],
        "phone": []
    },
    {
        "page": "128",
        "name": [
            "Kevin Raskin, MD"
        ],
        "education_background": [
            "Fellowship, Massachusetts General Hospital",
            "MD, Tel-Aviv University School of Medicine"
        ],
        "location": [
            "Boston, MA"
        ],
        "phone": [
            "617-726-0604"
        ]
    },
    {
        "page": "129",
        "name": [
            "Everett Vanderpool, MD, MPH"
        ],
        "education_background": [
            "MPH, Johns Hopkins University School of Medicine",
            "MD, University of Washington School of Medicine"
        ],
        "location": [
            "Revere, MA"
        ],
        "phone": [
            "781-485-6000"
        ]
    },
    {
        "page": "13",
        "name": [
            "Charles Boucher, MD"
        ],
        "education_background": [
            "MD, Columbia University College of Physicians & Surgeons",
            "Fellowship, Massachusetts General Hospital"
        ],
        "location": [
            "Boston, MA"
        ],
        "phone": [
            "866-644-8910"
        ]
    },
    {
        "page": "130",
        "name": [
            "Keith Marill, MD"
        ],
        "education_background": [
            "Fellowship, UPMC Institute for Clinical Research Education",
            "MD, University of Rochester School of Medicine and Dentistry"
        ],
        "location": [
            "Boston, MA"
        ],
        "phone": [
            "617-726-5824"
        ]
    },
    {
        "page": "131",
        "name": [
            "Zacharia Isaac, MD"
        ],
        "education_background": [
            "Residency, Albert Einstein Medical Center",
            "Fellowship, Hospital of the University of Pennsylvania",
            "MD, Thomas Jefferson University"
        ],
        "location": [
            "Charlestown , MA"
        ],
        "phone": [
            "617-952-5000"
        ]
    },
    {
        "page": "132",
        "name": [
            "Cammie Lesser, MD, PhD"
        ],
        "education_background": [
            "MD, UC San Francisco School of Medicine"
        ],
        "location": [
            "Boston, MA"
        ],
        "phone": [
            "617-726-3906"
        ]
    },
    {
        "page": "133",
        "name": [
            "David Sweetser, MD, PhD"
        ],
        "education_background": [
            "Residency, Children's Hospital of St. Louis",
            "MD, Washington University",
            "Fellowship, Univ. Washington School of Medicine",
            "Fellowship, Washington University",
            "Fellowship, University Of Washington"
        ],
        "location": [
            "Danvers, MA",
            "Boston, MA"
        ],
        "phone": [
            "617-726-1561",
            "978-882-6999",
            "617-726-2737"
        ]
    },
    {
        "page": "134",
        "name": [
            "Atilla Ceranoglu, MD"
        ],
        "education_background": [
            "Residency, Brockton VA Medical Center",
            "MD, Marmara University School of Medicine"
        ],
        "location": [
            "Boston, MA"
        ],
        "phone": [
            "617-726-7899"
        ]
    },
    {
        "page": "135",
        "name": [
            "Raul Uppot, MD"
        ],
        "education_background": [
            "Fellowship, Massachusetts General Hospital",
            "MD, Louisiana State University"
        ],
        "location": [
            "Boston, MA"
        ],
        "phone": [
            "617-643-4723"
        ]
    },
    {
        "page": "136",
        "name": [
            "Raul Uppot, MD"
        ],
        "education_background": [
            "Fellowship, Massachusetts General Hospital",
            "MD, Louisiana State University"
        ],
        "location": [
            "Boston, MA"
        ],
        "phone": [
            "617-643-4723"
        ]
    },
    {
        "page": "137",
        "name": [
            "Lisa Baute, MD"
        ],
        "education_background": [
            "MD, Brown University"
        ],
        "location": [
            "Waltham, MA",
            "Boston, MA"
        ],
        "phone": [
            "781-487-3860",
            "617-724-2229"
        ]
    },
    {
        "page": "138",
        "name": [
            "Thomas Byrne, MD"
        ],
        "education_background": [
            "MD, UMDNJ-New Jersey Medical School",
            "Residency, Yale New Haven Hospital",
            "Fellowship, Memorial Sloan Kettering Cancer Center",
            "Residency, Yale-New Haven Hospital",
            "MD, University of Medicine and Dentistry of New Jersey School of Medicine",
            "Fellowship, Memorial Sloan-Kettering Cancer Center"
        ],
        "location": [
            "Boston, MA"
        ],
        "phone": [
            "855-644-6387"
        ]
    },
    {
        "page": "14",
        "name": [
            "Robert Colvin, MD"
        ],
        "education_background": [
            "MD, Harvard Medical School*",
            "Residency, Massachusetts General Hospital"
        ],
        "location": [
            "Boston, MA"
        ],
        "phone": [
            "617-643-0800"
        ]
    },
    {
        "page": "139",
        "name": [
            "Jim Burns, MD"
        ],
        "education_background": [
            "MD, University of Virginia School of Medicine",
            "Residency, University of Virginia Health System",
            "Fellowship, Massachusetts Eye and Ear***"
        ],
        "location": [
            "Boston, MA"
        ],
        "phone": [
            "617-726-1444"
        ]
    },
    {
        "page": "140",
        "name": [
            "Peter Asnis, MD"
        ],
        "education_background": [
            "Fellowship, Massachusetts General Hospital",
            "Residency, Hospital for Special Surgery",
            "MD, Cornell University Medical College"
        ],
        "location": [
            "Waltham, MA",
            "Boston, MA"
        ],
        "phone": [
            "617-726-7500"
        ]
    },
    {
        "page": "141",
        "name": [
            "Randheer Shailam, MD"
        ],
        "education_background": [
            "MD, Albany Medical College",
            "Fellowship, Georgetown University Hospital",
            "Residency, Saint Vincent Hospital",
            "Fellowship, Massachusetts General Hospital"
        ],
        "location": [],
        "phone": []
    },
    {
        "page": "142",
        "name": [
            "David Miller, MD"
        ],
        "education_background": [
            "Internal Medicine,  American Board of Internal Medicine"
        ],
        "location": [
            "Boston, MA"
        ],
        "phone": [
            "617-724-8050"
        ]
    },
    {
        "page": "143",
        "name": [
            "Leonid Shinchuk, MD"
        ],
        "education_background": [
            "Fellowship, Massachusetts General Hospital",
            "MD, McGill University"
        ],
        "location": [
            "Charlestown , MA"
        ],
        "phone": [
            "617-952-5000"
        ]
    },
    {
        "page": "144",
        "name": [
            "Bob Schainfeld, DO"
        ],
        "education_background": [
            "DO, College of Osteopathic Medicine of the Pacific",
            "Fellowship, Lahey Clinic Medical Center",
            "Fellowship, St. Elizabeth's Medical Center",
            "Residency, Oregon Health and Sciences University Hospital"
        ],
        "location": [
            "Danvers, MA",
            "Waltham, MA",
            "Boston, MA"
        ],
        "phone": [
            "617-726-5560",
            "866-644-8910",
            "978-882-6191"
        ]
    },
    {
        "page": "145",
        "name": [
            "Mark Albers, MD, PhD"
        ],
        "education_background": [
            "Fellowship, Neurological Institute of New York",
            "MD, Harvard Medical School*",
            "Residency, Massachusetts General Hospital",
            "Residency, Brigham and Women's Hospital"
        ],
        "location": [
            "Boston, MA"
        ],
        "phone": [
            "855-644-6387"
        ]
    },
    {
        "page": "146",
        "name": [
            "Jason Efstathiou, MD, DPhil"
        ],
        "education_background": [
            "MD, Harvard Medical School*",
            "Residency, Brigham and Women's Hospital"
        ],
        "location": [
            "Boston, MA"
        ],
        "phone": [
            "617-726-5866"
        ]
    },
    {
        "page": "147",
        "name": [
            "Byron Garcia, MD"
        ],
        "education_background": [
            "MD, Universidad Pontificia Bolivariana"
        ],
        "location": [
            "Boston, MA"
        ],
        "phone": [
            "617-724-7792"
        ]
    },
    {
        "page": "15",
        "name": [
            "Nancy Lundy, EDD"
        ],
        "education_background": [
            "EDD, Boston University Chobanian & Avedisian School of Medicine"
        ],
        "location": [
            "Chelsea, MA",
            "Boston, MA"
        ],
        "phone": [
            "617-884-8300",
            "617-643-6010"
        ]
    },
    {
        "page": "17",
        "name": [
            "Ernesto Gonzalez-Martinez, MD"
        ],
        "education_background": [
            "Fellowship, Massachusetts General Hospital",
            "MD, University of Puerto Rico Affiliated Hospitals"
        ],
        "location": [
            "Boston, MA"
        ],
        "phone": [
            "617-726-2914"
        ]
    },
    {
        "page": "18",
        "name": [
            "Lela Caros, MD"
        ],
        "education_background": [
            "Residency, Massachusetts General Hospital",
            "MD, Tufts University School of Medicine"
        ],
        "location": [
            "Boston, MA"
        ],
        "phone": [
            "617-724-6610"
        ]
    },
    {
        "page": "19",
        "name": [
            "Frederick Stoddard, MD"
        ],
        "education_background": [
            "Residency, McLean Hospital",
            "Fellowship, Boston Childrens Hospital",
            "MD, Case Western Reserve University School of Medicine",
            "Residency, Massachusetts Mental Health Center"
        ],
        "location": [
            "Boston, MA"
        ],
        "phone": [
            "617-724-5600"
        ]
    },
    {
        "page": "16",
        "name": [
            "Jules Dienstag, MD"
        ],
        "education_background": [
            "MD, Columbia University College of Physicians & Surgeons",
            "Fellowship, Massachusetts General Hospital"
        ],
        "location": [
            "Boston, MA"
        ],
        "phone": [
            "617-726-2426"
        ]
    },
    {
        "page": "20",
        "name": [
            "Richard Sacknoff, MD"
        ],
        "education_background": [
            "Fellowship, Brigham and Women's Hospital",
            "MD, Brown Medical School"
        ],
        "location": [],
        "phone": []
    },
    {
        "page": "21",
        "name": [
            "David Nathan, MD"
        ],
        "education_background": [
            "Fellowship, Massachusetts General Hospital",
            "MD, Mount Sinai School of Medicine"
        ],
        "location": [
            "Boston, MA"
        ],
        "phone": [
            "617-726-8722"
        ]
    },
    {
        "page": "22",
        "name": [],
        "education_background": [],
        "location": [],
        "phone": []
    },
    {
        "page": "23",
        "name": [
            "Nancy Rigotti, MD"
        ],
        "education_background": [
            "Fellowship, Massachusetts General Hospital",
            "MD, Harvard Medical School",
            "Fellowship, Harvard Medical School*"
        ],
        "location": [
            "Boston, MA"
        ],
        "phone": [
            "617-724-6610"
        ]
    },
    {
        "page": "24",
        "name": [
            "Irene Kuter, MD, DPhil"
        ],
        "education_background": [
            "Fellowship, Massachusetts General Hospital",
            "MD, Harvard Medical School*"
        ],
        "location": [
            "Danvers, MA",
            "Boston, MA"
        ],
        "phone": [
            "978-882-6060",
            "617-726-5130"
        ]
    },
    {
        "page": "25",
        "name": [
            "Hiro Yasuda, MD"
        ],
        "education_background": [
            "Fellowship, Massachusetts General Hospital",
            "MD, Fukushima Medical University"
        ],
        "location": [
            "Boston, MA"
        ],
        "phone": [
            "617-724-9729"
        ]
    },
    {
        "page": "26",
        "name": [
            "Donna Felsenstein, MD"
        ],
        "education_background": [
            "Fellowship, Massachusetts General Hospital",
            "MD, Harvard Medical School*",
            "Residency, Massachusetts General Hospital"
        ],
        "location": [
            "Boston, MA"
        ],
        "phone": [
            "617-726-3906"
        ]
    },
    {
        "page": "27",
        "name": [
            "Daniel Doody, MD"
        ],
        "education_background": [
            "Fellowship, Massachusetts General Hospital",
            "Fellowship, Montreal Children's Hospital",
            "MD, University of Illinois - Chicago",
            "Residency, University of Illinois"
        ],
        "location": [
            "Danvers, MA",
            "Boston, MA"
        ],
        "phone": [
            "978-882-6100",
            "617-726-0270",
            "877-251-7874"
        ]
    },
    {
        "page": "149",
        "name": [
            "Jonathan Passeri, MD"
        ],
        "education_background": [
            "Fellowship, Massachusetts General Hospital",
            "Residency, Massachusetts General Hospital",
            "MD, New York Medical College"
        ],
        "location": [
            "Boston, MA"
        ],
        "phone": [
            "866-644-8910"
        ]
    },
    {
        "page": "29",
        "name": [
            "Glenn LaMuraglia, MD"
        ],
        "education_background": [
            "Fellowship, Cleveland Clinic",
            "Fellowship, Massachusetts General Hospital",
            "Residency, Massachusetts General Hospital",
            "MD, Harvard Medical School Office of the Registrar"
        ],
        "location": [
            "Waltham, MA",
            "Boston, MA"
        ],
        "phone": [
            "781-487-2800",
            "617-726-8278"
        ]
    },
    {
        "page": "28",
        "name": [
            "Jay Fishman, MD"
        ],
        "education_background": [
            "Fellowship, Massachusetts General Hospital",
            ", Johns Hopkins University"
        ],
        "location": [
            "Boston, MA"
        ],
        "phone": [
            "617-726-3906"
        ]
    },
    {
        "page": "30",
        "name": [
            "Jessica Fewkes, MD"
        ],
        "education_background": [
            "MD, UC San Francisco School of Medicine",
            "Fellowship, Duke University Medical Center"
        ],
        "location": [
            "Boston, MA"
        ],
        "phone": [
            "617-523-7900",
            "617-726-2914"
        ]
    },
    {
        "page": "31",
        "name": [
            "Cam Wright, MD"
        ],
        "education_background": [
            "Fellowship, Massachusetts General Hospital",
            "MD, University of Michigan Medical School"
        ],
        "location": [
            "Nashua, NH",
            "Boston, MA"
        ],
        "phone": [
            "603-577-2000",
            "617-726-2100"
        ]
    },
    {
        "page": "32",
        "name": [
            "Marlene Durand, MD"
        ],
        "education_background": [
            "Fellowship, Massachusetts General Hospital",
            "MD, Harvard Medical School"
        ],
        "location": [
            "Boston, MA"
        ],
        "phone": [
            "617-726-3906"
        ]
    },
    {
        "page": "33",
        "name": [
            "Jo-Anne Shepard, MD"
        ],
        "education_background": [
            "Residency, Massachusetts General Hospital",
            "Residency, Hartford Healthcare****",
            "Fellowship, VA Boston Healthcare System",
            "MD, Boston University"
        ],
        "location": [
            "Boston, MA"
        ],
        "phone": [
            "617-643-4723"
        ]
    },
    {
        "page": "34",
        "name": [
            "Jim O'Connell, MD"
        ],
        "education_background": [
            "Fellowship, Massachusetts General Hospital",
            "MD, Harvard Medical School*",
            "Residency, Massachusetts General Hospital"
        ],
        "location": [
            "Boston, MA"
        ],
        "phone": [
            "781-221-6565"
        ]
    },
    {
        "page": "2",
        "name": [
            "Paul Chapman, MD"
        ],
        "education_background": [
            "MD, Harvard Medical School*",
            "Residency, Massachusetts General Hospital"
        ],
        "location": [
            "Boston, MA"
        ],
        "phone": [
            "617-726-3887"
        ]
    },
    {
        "page": "148",
        "name": [
            "Stephen Gomperts, MD, PhD"
        ],
        "education_background": [
            "Fellowship, Massachusetts General Hospital",
            "MD, UC San Francisco School of Medicine"
        ],
        "location": [
            "Boston, MA"
        ],
        "phone": [
            "855-644-6387"
        ]
    },
    {
        "page": "36",
        "name": [
            "Didier Cros, MD"
        ],
        "education_background": [
            "Fellowship, Massachusetts General Hospital",
            "Fellowship, UCLA",
            "Fellowship, Tulane University School of Medicine",
            "MD, Faculte De Medecine De Marseille"
        ],
        "location": [
            "Boston, MA"
        ],
        "phone": [
            "617-720-0030"
        ]
    },
    {
        "page": "38",
        "name": [
            "Jonathan Worth, MD"
        ],
        "education_background": [
            "Residency, Massachusetts General Hospital",
            "MD, University of Hawaii School of Medicine"
        ],
        "location": [
            "Boston, MA"
        ],
        "phone": [
            "617-724-7792"
        ]
    },
    {
        "page": "39",
        "name": [
            "John Niles, MD"
        ],
        "education_background": [
            "Fellowship, Massachusetts General Hospital",
            "MD, Oregon Health & Science University School of Medicine"
        ],
        "location": [
            "Boston, MA"
        ],
        "phone": [
            "617-726-4132"
        ]
    },
    {
        "page": "4",
        "name": [
            "Annekathryn Goodman, MD, MS, MPH"
        ],
        "education_background": [
            "Fellowship, Massachusetts General Hospital",
            "MD, Tufts University School of Medicine"
        ],
        "location": [
            "Boston, MA"
        ],
        "phone": [
            "617-724-4800"
        ]
    },
    {
        "page": "40",
        "name": [
            "Michael Bierer, MD, MPH"
        ],
        "education_background": [
            "Fellowship, Massachusetts General Hospital",
            "MD, Albert Einstein college of medicine"
        ],
        "location": [
            "Boston, MA"
        ],
        "phone": [
            "617-724-6200"
        ]
    },
    {
        "page": "35",
        "name": [
            "Marcia Zucker, MD"
        ],
        "education_background": [
            "MD, Harvard University*"
        ],
        "location": [],
        "phone": []
    },
    {
        "page": "37",
        "name": [
            "Allan Pineda, MD"
        ],
        "education_background": [
            "Fellowship, Massachusetts General Hospital",
            "MD, UC San Francisco School of Medicine",
            "Residency, Massachusetts General Hospital"
        ],
        "location": [
            "Boston, MA"
        ],
        "phone": [
            "617-724-0909"
        ]
    },
    {
        "page": "41",
        "name": [
            "Claire Bloom, MD"
        ],
        "education_background": [
            "MD, Harvard Medical School*"
        ],
        "location": [
            "Boston, MA"
        ],
        "phone": [
            "617-726-2707",
            "617-724-2700"
        ]
    },
    {
        "page": "44",
        "name": [
            "Stephen Durant, EDD"
        ],
        "education_background": [
            "Fellowship, Massachusetts General Hospital",
            "EDD, Harvard University*"
        ],
        "location": [
            "Boston, MA"
        ],
        "phone": [
            "617-724-5600"
        ]
    },
    {
        "page": "45",
        "name": [
            "Michael Picard, MD"
        ],
        "education_background": [
            "Fellowship, Massachusetts General Hospital",
            "MD, Stanford University School of Medicine",
            "Fellowship, Stanford University Medical Center"
        ],
        "location": [
            "Boston, MA"
        ],
        "phone": [
            "866-644-8910"
        ]
    },
    {
        "page": "46",
        "name": [
            "Steve Greenberg, MD, PhD"
        ],
        "education_background": [
            "MD, Columbia University College of Physicians & Surgeons",
            "Fellowship, Brigham and Women's Hospital",
            "Residency, Massachusetts General Hospital"
        ],
        "location": [
            "Boston, MA"
        ],
        "phone": [
            "617-726-8459"
        ]
    },
    {
        "page": "42",
        "name": [
            "Carol Ehrlich, MD"
        ],
        "education_background": [
            "MD, Columbia University College of Physicians & Surgeons",
            "Fellowship, Massachusetts General Hospital"
        ],
        "location": [
            "Boston, MA"
        ],
        "phone": [
            "617-523-7900",
            "617-724-8400"
        ]
    },
    {
        "page": "47",
        "name": [
            "Audrey Rubin, MD"
        ],
        "education_background": [
            "MD, University of Pennsylvania"
        ],
        "location": [],
        "phone": []
    },
    {
        "page": "43",
        "name": [
            "Beverly M.K. Biller, MD"
        ],
        "education_background": [
            "Residency, Beth Israel Deaconess Medical Center",
            "Fellowship, Massachusetts General Hospital",
            "MD, University of Oklahoma College of Medicine"
        ],
        "location": [
            "Boston, MA"
        ],
        "phone": [
            "617-726-7948"
        ]
    },
    {
        "page": "48",
        "name": [
            "Carlos Fernandez-del Castillo, MD"
        ],
        "education_background": [
            "Fellowship, Massachusetts General Hospital",
            "MD, Universidad Nacional  Autonoma De Mexico",
            "Residency, Instituto Nacional de la Nutricion"
        ],
        "location": [
            "Boston, MA"
        ],
        "phone": [
            "617-726-5644"
        ]
    },
    {
        "page": "49",
        "name": [
            "Guy Rordorf, MD"
        ],
        "education_background": [
            "Fellowship, Massachusetts General Hospital",
            "MD, University of Geneva"
        ],
        "location": [],
        "phone": []
    },
    {
        "page": "50",
        "name": [
            "Guy Rordorf, MD"
        ],
        "education_background": [
            "Residency, University Hospital - Geneva",
            "MD, University of Geneva",
            "Residency, Massachusetts General Hospital",
            "Fellowship, Massachusetts General Hospital"
        ],
        "location": [],
        "phone": []
    },
    {
        "page": "51",
        "name": [
            "Stephanie Seminara, MD"
        ],
        "education_background": [
            "Fellowship, Massachusetts General Hospital",
            "MD, Harvard Medical School*",
            "Residency, Massachusetts General Hospital"
        ],
        "location": [
            "Boston, MA"
        ],
        "phone": [
            "617-726-8433"
        ]
    },
    {
        "page": "52",
        "name": [
            "Chin-Lee Wu, MD, PhD"
        ],
        "education_background": [
            "Fellowship, Massachusetts General Hospital",
            "Residency, Massachusetts General Hospital",
            "MD, First Military Medical University"
        ],
        "location": [
            "Boston, MA"
        ],
        "phone": [
            "617-643-0800"
        ]
    },
    {
        "page": "53",
        "name": [
            "Michael Schwarzschild, MD, PhD"
        ],
        "education_background": [
            "Fellowship, Massachusetts General Hospital",
            "MD, Harvard Medical School*",
            "PhD, Harvard University*"
        ],
        "location": [
            "Boston, MA"
        ],
        "phone": [
            "855-644-6387"
        ]
    },
    {
        "page": "54",
        "name": [
            "Nesli Basgoz, MD"
        ],
        "education_background": [
            "Fellowship, Univsity of California, San Francisco - Medicine",
            "MD, Northwestern University Medical School",
            "Residency, Northwestern University Hospitals"
        ],
        "location": [
            "Boston, MA"
        ],
        "phone": [
            "617-726-3906"
        ]
    },
    {
        "page": "55",
        "name": [
            "Marie Pasinski, MD"
        ],
        "education_background": [
            "MD, Harvard Medical School*",
            "Residency, Brigham and Women's Hospital"
        ],
        "location": [
            "Chelsea, MA",
            "Revere, MA"
        ],
        "phone": [
            "617-884-8300",
            "781-485-6000"
        ]
    },
    {
        "page": "57",
        "name": [
            "Peter Stefanovich, MD"
        ],
        "education_background": [
            "Fellowship, Massachusetts General Hospital",
            "MD, Johannes Gutenberg University Mainz",
            "Residency, Yale New Haven Hospital",
            "Residency, University Hospital Germany",
            "Residency, Massachusetts General Hospital"
        ],
        "location": [
            "Danvers, MA",
            "Boston, MA"
        ],
        "phone": [
            "978-882-6100",
            "617-726-3030"
        ]
    },
    {
        "page": "56",
        "name": [
            "Robert Sheridan, MD"
        ],
        "education_background": [
            "Fellowship, Massachusetts General Hospital",
            "Fellowship, Army Institute of Surgical Research",
            "Fellowship, Institute of Surgical Research",
            "MD, Boston University"
        ],
        "location": [
            "Boston, MA"
        ],
        "phone": [
            "617-726-3712"
        ]
    },
    {
        "page": "58",
        "name": [
            "David Ebb, MD"
        ],
        "education_background": [
            "MD, S.U.N.Y. at Stony Brook",
            "Fellowship, Children's National Medical Center"
        ],
        "location": [
            "Boston, MA"
        ],
        "phone": [
            "617-726-2737"
        ]
    },
    {
        "page": "59",
        "name": [
            "David Ting, MD"
        ],
        "education_background": [
            "MD, Duke University School of Medicine"
        ],
        "location": [
            "Everett, MA"
        ],
        "phone": [
            "617-394-7500"
        ]
    },
    {
        "page": "60",
        "name": [
            "Steve Zeitels, MD"
        ],
        "education_background": [
            "Residency, Boston Medical Center",
            "MD, Boston University",
            "Fellowship, Boston Medical Center"
        ],
        "location": [
            "Boston, MA"
        ],
        "phone": [
            "617-726-1444"
        ]
    },
    {
        "page": "61",
        "name": [
            "Allan Nadel, MD"
        ],
        "education_background": [
            "Fellowship, Barnes Jewish Hospital",
            "Fellowship, Brigham and Women's Hospital",
            "MD, University of Chicago"
        ],
        "location": [
            "Waltham, MA",
            "Boston, MA",
            "Danvers, MA"
        ],
        "phone": [
            "781-487-3860",
            "978-882-6767",
            "617-724-2229"
        ]
    },
    {
        "page": "3",
        "name": [
            "Lewis Holmes, MD"
        ],
        "education_background": [
            "Residency, Massachusetts General Hospital",
            "Fellowship, Harvard Medical School/ BWH",
            "MD, Duke University School of Medicine"
        ],
        "location": [
            "Boston, MA"
        ],
        "phone": [
            "617-726-2000"
        ]
    },
    {
        "page": "62",
        "name": [
            "Jonathan Rosand, MD, MSC"
        ],
        "education_background": [
            "MD, Columbia University College of Physicians & Surgeons",
            "Fellowship, Massachusetts General Hospital",
            "MSc, Harvard School of Public Health",
            "Fellowship, Harvard Medical School*"
        ],
        "location": [
            "Boston, MA"
        ],
        "phone": [
            "617-726-4881",
            "857-238-5600"
        ]
    },
    {
        "page": "6",
        "name": [
            "Mark Blais, PsyD"
        ],
        "education_background": [
            "PSYD, Nova Southeastern University",
            "Fellowship, Massachusetts General Hospital"
        ],
        "location": [
            "Boston, MA"
        ],
        "phone": [
            "617-643-3997"
        ]
    },
    {
        "page": "64",
        "name": [
            "Bruce Chabner, MD"
        ],
        "education_background": [
            "Fellowship, National Cancer Institute",
            "MD, Harvard Medical School*",
            "Fellowship, Yale New Haven Hospital",
            "Residency, Brigham and Women's Hospital"
        ],
        "location": [
            "Boston, MA"
        ],
        "phone": [
            "617-724-3200"
        ]
    },
    {
        "page": "66",
        "name": [
            "Danita Sanborn, MD, MMSC"
        ],
        "education_background": [
            "Fellowship, Massachusetts General Hospital",
            "MD, University of Iowa College of Medicine"
        ],
        "location": [
            "Boston, MA"
        ],
        "phone": [
            "866-644-8910"
        ]
    },
    {
        "page": "67",
        "name": [
            "Jeffrey Clark, MD"
        ],
        "education_background": [
            ", BRMP, DCT, NCI-FCRF",
            "Fellowship, EBP, DCE, NCI, NIH, Bethesda, Md",
            "Fellowship, National Cancer Institute",
            "Fellowship, COP, NCI, NIH",
            "MD, Tufts University School of Medicine"
        ],
        "location": [
            "Boston, MA"
        ],
        "phone": [
            "617-724-4000"
        ]
    },
    {
        "page": "65",
        "name": [
            "George Papaliodis, MD"
        ],
        "education_background": [
            "Residency, University of Texas Southwestern",
            "Residency, Massachusetts General Hospital",
            "Fellowship, Massachusetts Eye and Ear",
            "MD, University of Texas Southwestern Medical School"
        ],
        "location": [
            "Boston, MA",
            "Stoneham, MA"
        ],
        "phone": [
            "617-936-6156"
        ]
    },
    {
        "page": "68",
        "name": [
            "Jeffrey Clark, MD"
        ],
        "education_background": [
            ", BRMP, DCT, NCI-FCRF",
            "Fellowship, EBP, DCE, NCI, NIH, Bethesda, Md",
            "Fellowship, National Cancer Institute",
            "Fellowship, COP, NCI, NIH",
            "MD, Tufts University School of Medicine",
            "Residency, Beth Israel Deaconess Hospital"
        ],
        "location": [
            "Boston, MA"
        ],
        "phone": [
            "617-724-4000"
        ]
    },
    {
        "page": "7",
        "name": [
            "Charlie Taylor, MD"
        ],
        "education_background": [
            "Fellowship, Massachusetts General Hospital",
            "MD, University of Massachusetts Medical School"
        ],
        "location": [
            "Boston, MA"
        ],
        "phone": [
            "617-726-2914"
        ]
    },
    {
        "page": "63",
        "name": [
            "Bruce Price, MD"
        ],
        "education_background": [
            "MD, University of Cincinnati College of Medicine",
            "Fellowship, Beth Israel Deaconess Hospital"
        ],
        "location": [
            "Belmont, MA",
            "Boston, MA"
        ],
        "phone": [
            "617-855-3141",
            "855-644-6387"
        ]
    },
    {
        "page": "70",
        "name": [
            "Sandy Tsao, MD"
        ],
        "education_background": [
            "MD, Harvard Medical School*",
            "Fellowship, Beth Israel Deaconess Hospital"
        ],
        "location": [
            "Boston, MA"
        ],
        "phone": [
            "617-726-2914",
            "617-724-6960"
        ]
    },
    {
        "page": "71",
        "name": [
            "Anna Vouros, MD"
        ],
        "education_background": [
            "Residency, Boston Medical Center",
            "MD, Dartmouth Medical School"
        ],
        "location": [
            "Boston, MA"
        ],
        "phone": [
            "617-643-2132"
        ]
    },
    {
        "page": "69",
        "name": [
            "Eric Rosenberg, MD"
        ],
        "education_background": [
            "Fellowship, Massachusetts General Hospital",
            "MD, Mount Sinai School of Medicine"
        ],
        "location": [
            "Boston, MA"
        ],
        "phone": [
            "617-726-3612"
        ]
    },
    {
        "page": "72",
        "name": [
            "A Evins, MD, MPH"
        ],
        "education_background": [
            "MD, Medical University of South Carolina"
        ],
        "location": [
            "Boston, MA"
        ],
        "phone": [
            "617-643-4691"
        ]
    },
    {
        "page": "73",
        "name": [
            "Antonio Granfone, MD"
        ],
        "education_background": [
            "Fellowship, TUFTS MEDICAL CENTER",
            "Residency, Miriam Hospital/Lifespan",
            "Fellowship, Joslin Diabetes Center",
            "MD, University of Naples School of Medicine"
        ],
        "location": [
            "Boston, MA"
        ],
        "phone": [
            "617-726-7948"
        ]
    },
    {
        "page": "77",
        "name": [
            "Kimon Zachary, MD"
        ],
        "education_background": [
            "MD, Johns Hopkins University School of Medicine",
            "Fellowship, Massachusetts General Hospital"
        ],
        "location": [
            "Boston, MA"
        ],
        "phone": [
            "617-726-3906"
        ]
    },
    {
        "page": "76",
        "name": [
            "Alysa Doyle, PhD"
        ],
        "education_background": [
            "PhD, University of Minnesota Hospital and Clinic"
        ],
        "location": [
            "Boston, MA"
        ],
        "phone": [
            "617-724-3091"
        ]
    },
    {
        "page": "78",
        "name": [
            "Jay Austen, MD"
        ],
        "education_background": [
            "MD, Harvard Medical School/ BWH",
            "Fellowship, Royal Children's Hospital",
            "Fellowship, Harvard Medical School*",
            "Residency, Brigham and Women's Hospital"
        ],
        "location": [
            "Boston, MA"
        ],
        "phone": [
            "617-724-9922"
        ]
    },
    {
        "page": "80",
        "name": [
            "Sandra Weinreb, MD"
        ],
        "education_background": [
            "MD, University of Miami School of Medicine"
        ],
        "location": [
            "Boston, MA"
        ],
        "phone": [
            "617-726-3030"
        ]
    },
    {
        "page": "79",
        "name": [
            "Ignacio Inglessis-Azuaje, MD"
        ],
        "education_background": [
            "Fellowship, Massachusetts General Hospital",
            "Fellowship, Boston Children's Hospital"
        ],
        "location": [
            "Boston, MA"
        ],
        "phone": [
            "866-644-8910"
        ]
    },
    {
        "page": "81",
        "name": [
            "Andrew Chan, MD, MPH"
        ],
        "education_background": [
            "Fellowship, Massachusetts General Hospital",
            "MD, Harvard Medical School*",
            "Residency, Massachusetts General Hospital"
        ],
        "location": [
            "Boston, MA"
        ],
        "phone": [
            "617-726-2426"
        ]
    },
    {
        "page": "8",
        "name": [
            "Michael Lev, MD"
        ],
        "education_background": [
            "MD, Brown University",
            "Fellowship, Massachusetts General Hospital",
            "Residency, Massachusetts General Hospital",
            "Residency, Boston University Medical Center, Internal Medicine Residency"
        ],
        "location": [
            "Boston, MA"
        ],
        "phone": [
            "617-724-5246",
            "617-726-8628"
        ]
    },
    {
        "page": "82",
        "name": [
            "Drew Reisner, MD"
        ],
        "education_background": [
            "MD, Harvard Medical School*"
        ],
        "location": [
            "Boston, MA"
        ],
        "phone": [
            "617-724-4100"
        ]
    },
    {
        "page": "84",
        "name": [
            "Kevin Dennehy, MBBCH"
        ],
        "education_background": [
            "Fellowship, Massachusetts General Hospital",
            "Fellowship, University of Ottawa Heart Institute, Ottawa Civic Hospital",
            "Residency, Faculty of Anaesthetists, Royal College of Surgeons in Ireland",
            "MBBCH, University College of Dublin, Faculty of Medicine/University of Ireland",
            "Residency, Cork University College, National Univ. of Ireland, Faculty of Medicine",
            "Fellowship, Ottawa Civic Hospital"
        ],
        "location": [
            "Oak Bluffs, MA",
            "Danvers, MA",
            "Boston, MA"
        ],
        "phone": [
            "978-882-6100",
            "508-693-0410",
            "617-726-3030"
        ]
    },
    {
        "page": "83",
        "name": [
            "Jim Januzzi, MD"
        ],
        "education_background": [
            "Fellowship, Massachusetts General Hospital",
            "MD, New York Medical College",
            "Residency, Brigham and Women's Hospital"
        ],
        "location": [
            "Boston, MA"
        ],
        "phone": [
            "866-644-8910"
        ]
    },
    {
        "page": "86",
        "name": [
            "Vicki Jackson, MD, MPH"
        ],
        "education_background": [
            "Fellowship, VA Boston Health Care",
            "Residency, Harvard University Health Services, Holyoke Center",
            "MD, University of Wisconsin School of Medicine and Public Health***",
            "Residency, Cambridge Health Alliance",
            "Fellowship, Dana Farber Cancer Institute"
        ],
        "location": [
            "Newton, MA",
            "Boston, MA"
        ],
        "phone": [
            "617-243-6000",
            "617-724-9197"
        ]
    },
    {
        "page": "87",
        "name": [
            "Mark Poznansky, MD, PhD"
        ],
        "education_background": [
            "MD, University of Edinburgh",
            "Fellowship, Brigham and Women's Hospital",
            "Fellowship, St. Mary's Hospital",
            "Fellowship, Dana Farber Cancer Institute"
        ],
        "location": [
            "Boston, MA"
        ],
        "phone": [
            "617-726-3906"
        ]
    },
    {
        "page": "88",
        "name": [
            "Laura Kehoe, MD, MPH"
        ],
        "education_background": [
            "MD, Tufts University School of Medicine"
        ],
        "location": [
            "Boston, MA"
        ],
        "phone": [
            "617-643-8281"
        ]
    },
    {
        "page": "85",
        "name": [
            "Erin Bradley, MD"
        ],
        "education_background": [
            "MD, Georgetown University School of Medicine"
        ],
        "location": [
            "Revere, MA",
            "Boston, MA",
            "Charlestown , MA"
        ],
        "phone": [
            "781-485-6000",
            "617-724-8037",
            "617-724-2229"
        ]
    },
    {
        "page": "89",
        "name": [
            "Laura Kehoe, MD, MPH"
        ],
        "education_background": [
            "MD, Tufts University School of Medicine"
        ],
        "location": [
            "Boston, MA"
        ],
        "phone": [
            "617-643-8281"
        ]
    },
    {
        "page": "9",
        "name": [
            "Charles Kelly, MD"
        ],
        "education_background": [
            "MD, UMASS Medical School"
        ],
        "location": [
            "Waltham, MA"
        ],
        "phone": [
            "781-487-2900"
        ]
    },
    {
        "page": "91",
        "name": [
            "Mel Glenn, MD"
        ],
        "education_background": [
            "MD, New York University",
            "Fellowship, New York University Medical Center"
        ],
        "location": [
            "Charlestown , MA"
        ],
        "phone": [
            "617-952-5000"
        ]
    },
    {
        "page": "92",
        "name": [
            "Joseph Gesmundo, MD"
        ],
        "education_background": [
            "MD, Albany Medical College",
            "Fellowship, St. Joseph's Mercy Hospital"
        ],
        "location": [
            "Boston, MA"
        ],
        "phone": [
            "617-267-7171"
        ]
    },
    {
        "page": "94",
        "name": [
            "Bhargavi Krishnan, MD"
        ],
        "education_background": [
            "Fellowship, Massachusetts General Hospital",
            "MBBS, Kilpauk Medical College"
        ],
        "location": [
            "Boston, MA"
        ],
        "phone": [
            "617-726-3030"
        ]
    },
    {
        "page": "93",
        "name": [
            "Bill Faquin, MD, PhD"
        ],
        "education_background": [
            "Fellowship, Brigham and Women's Hospital",
            "MD, Harvard Medical School*",
            "Residency, Brigham and Women's Hospital"
        ],
        "location": [
            "Boston, MA"
        ],
        "phone": [
            "617-573-3957"
        ]
    },
    {
        "page": "90",
        "name": [
            "Ann-Marie Thomas, MD"
        ],
        "education_background": [
            "Residency, Temple University Hospital",
            "MD, Temple University"
        ],
        "location": [
            "Charlestown , MA"
        ],
        "phone": [
            "617-952-5000"
        ]
    },
    {
        "page": "96",
        "name": [
            "Jianren Mao, MD, PhD"
        ],
        "education_background": [
            "Fellowship, Massachusetts General Hospital",
            "Fellowship, Suzhou Medical College",
            "PhD, Medical College of Virginia",
            "MD, Suzhou Medical College"
        ],
        "location": [
            "Boston, MA"
        ],
        "phone": [
            "617-726-3030"
        ]
    },
    {
        "page": "95",
        "name": [
            "Anna Helgason, MD, PhD"
        ],
        "education_background": [
            "MD, UMASS Medical School",
            "Residency, Massachusetts General Hospital",
            "PhD, Massachusetts Institute of Technology"
        ],
        "location": [],
        "phone": []
    },
    {
        "page": "98",
        "name": [
            "Ziv Williams, MD"
        ],
        "education_background": [
            "Residency, Massachusetts General Hospital",
            "MD, Stanford University School of Medicine",
            "Fellowship, Mayo Clinic Foundation"
        ],
        "location": [
            "Boston, MA"
        ],
        "phone": [
            "617-643-4102"
        ]
    },
    {
        "page": "97",
        "name": [
            "Michael Thiim, MD"
        ],
        "education_background": [
            "Residency, St. Luke's Hospital",
            "MD, Stony Brook Medicine",
            "Fellowship, Mount Sinai Hospital Medical Center",
            "Fellowship, St. Luke's Roosevelt Hospital Center"
        ],
        "location": [
            "Danvers, MA",
            "Boston, MA"
        ],
        "phone": [
            "978-882-6100"
        ]
    },
    {
        "page": "75",
        "name": [
            "Leslie Vensel, MD"
        ],
        "education_background": [
            "MD, Weill Cornell Medical College",
            "Residency, Cornell University Medical Center"
        ],
        "location": [
            "Waltham, MA"
        ],
        "phone": [
            "781-487-4350"
        ]
    },
    {
        "page": "74",
        "name": [
            "Christopher Newton-Cheh, MD, MPH"
        ],
        "education_background": [
            "MD, Columbia University College of Physicians & Surgeons",
            "Fellowship, Massachusetts General Hospital",
            "Residency, Massachusetts General Hospital"
        ],
        "location": [
            "Boston, MA"
        ],
        "phone": [
            "866-644-8910"
        ]
    },
    {
        "page": "5",
        "name": [
            "Enrico Cagliero, MD"
        ],
        "education_background": [
            "MD, University of Torino",
            "Fellowship, Massachusetts General Hospital"
        ],
        "location": [
            "Boston, MA"
        ],
        "phone": [
            "617-726-8722"
        ]
    }
]