[
    {
        "page": "0",
        "name": [
            "Dr D M Mahajan"
        ],
        "education_background": [
            "MBBS, MD (Dermatology), DLO (ENT)"
        ],
        "work_experience": [
            "35 years experience overall"
        ],
        "address": [
            "Indraprastha Apollo Hospitals, Sarita Vihar, Delhi-mathura Road, New Delhi - 110076. India Ph:011-26925858 011-29871090/1091, Delhi"
        ],
        "language": [
            "English,Hindi,Punjabi"
        ],
        "gender": [
            "male"
        ]
    },
    {
        "page": "10",
        "name": [
            "Dr Archana Ajit"
        ],
        "education_background": [],
        "work_experience": [
            "33 years experience overall"
        ],
        "address": [
            "Sunder Baug, Ujagar Compound, Opp. Deonar Bus Depot Main Gate, \ndeonar, Chembur, Mumbai\nmaharastra 400088, Mumbai"
        ],
        "language": [],
        "gender": []
    },
    {
        "page": "1",
        "name": [
            "Dr Padmavathy M"
        ],
        "education_background": [
            "MD.,(DVL ) F.C.D."
        ],
        "work_experience": [
            "9 years experience overall"
        ],
        "address": [
            "Apollo Speciality Hospital, Lake View Road, Kk Nagar, Madurai - 625020 Ph:0452-2589904, Madurai"
        ],
        "language": [
            "English,Tamil"
        ],
        "gender": [
            "Female"
        ]
    },
    {
        "page": "102",
        "name": [
            "Dr Sellakumaran Ramasamy"
        ],
        "education_background": [
            "MBBS, MD, DCH"
        ],
        "work_experience": [
            "15 years experience overall"
        ],
        "address": [
            "2/319 OMR,KARAPAKKAM,CHENNAI-600 097, Chennai"
        ],
        "language": [],
        "gender": []
    },
    {
        "page": "100",
        "name": [
            "Dr Sai Sucheethra Dorairaj"
        ],
        "education_background": [
            "MBBS, DCH, (MRCPCH), FNR, Fellow In Autism Intervention(USA), Fellow in Pediatric Neuro disability(UK)."
        ],
        "work_experience": [
            "15 years experience overall"
        ],
        "address": [
            "Apollo Children\u2019s Hospitals 15, Shafi Mohammed Road Thousand Lights Chennai 600 006 PH:044-2829 6262, Chennai"
        ],
        "language": [
            "English,Tamil"
        ],
        "gender": [
            "Female"
        ]
    },
    {
        "page": "101",
        "name": [
            "Dr Satheesh C"
        ],
        "education_background": [
            "M.B.B.S; DCH; DNB(PAED)"
        ],
        "work_experience": [
            "36 years experience overall"
        ],
        "address": [
            "Apollo Children\u2019s Hospitals 15, Shafi Mohammed Road Thousand Lights Chennai 600 006 PH:044-2829 6262, Chennai"
        ],
        "language": [
            "English,Tamil"
        ],
        "gender": [
            "male"
        ]
    },
    {
        "page": "103",
        "name": [
            "Dr Sharadha Srinivas"
        ],
        "education_background": [
            "MRCP (Paediatrics) UK"
        ],
        "work_experience": [
            "7 years experience overall"
        ],
        "address": [
            "Woodhead Tower,old Door No-12, C.p.ramaswamy Road, Alwarpet,chennai - 600018, Tamilnadu, Chennai"
        ],
        "language": [
            "English,Hindi,Kannada,Tamil"
        ],
        "gender": [
            "Female"
        ]
    },
    {
        "page": "104",
        "name": [
            "Dr AARTHI NARASIMHAN"
        ],
        "education_background": [
            "MBBS, DTCD, DNB"
        ],
        "work_experience": [
            "11 years experience overall"
        ],
        "address": [
            "APOLLO MEDICAL CENTRE, #30, F- BLOCK, 2ND AVENUE, ANNA NAGAR EAST, CHENNAI, TAMIL NADU, INDIA \u2013 600012, Chennai"
        ],
        "language": [],
        "gender": []
    },
    {
        "page": "105",
        "name": [
            "Dr ABISHEK CHANDRAN"
        ],
        "education_background": [
            "MBBS, MD (Pulmonary medicine)"
        ],
        "work_experience": [
            "3 years experience overall"
        ],
        "address": [
            "Door No 11, 4, Sivaprakasam St, opposite to Brilliant Tutorial, Pondy Bazaar, Parthasarathi Puram, T. Nagar, Chennai, Tamil Nadu 600017, Chennai"
        ],
        "language": [],
        "gender": []
    },
    {
        "page": "106",
        "name": [
            "Dr ANBU MARAN"
        ],
        "education_background": [
            "MBBS.M.D. respiratory medicine"
        ],
        "work_experience": [
            "11 years experience overall"
        ],
        "address": [
            "Apollo Clinic, # 2/396, Sri Mookambigai Nagar, Kattupakkam, Porur, Chennai \u2013 600056, Chennai"
        ],
        "language": [],
        "gender": []
    },
    {
        "page": "107",
        "name": [
            "Dr ANUGRAHA H"
        ],
        "education_background": [
            "MBBS, MD(Respiratory Medicine), DNB (Respiratory Medicine)"
        ],
        "work_experience": [
            "4 years experience overall"
        ],
        "address": [
            "No: 3, Bharathamatha St, opp. to MCC Campus, Tambaram East, Chennai"
        ],
        "language": [],
        "gender": []
    },
    {
        "page": "11",
        "name": [
            "Dr Avinash Uttareshwar Borade"
        ],
        "education_background": [
            "M. S. ENT.,(Grant medical college and J.J.hospital Mumbai.)\nMBBS. (Dr.V.M.Govt.medical college, solapur)"
        ],
        "work_experience": [
            "8 years experience overall"
        ],
        "address": [
            "Plot # 13, Parsik Hill Road, Off Uran Road, Sector - 23, Cbd Belapur, Opp. Nerul Wonders Park, Navi Mumbai, Mumbai"
        ],
        "language": [
            "English,Marathi"
        ],
        "gender": [
            "male"
        ]
    },
    {
        "page": "109",
        "name": [
            "Dr BALAMURUGAN S"
        ],
        "education_background": [
            "M.B.B.S"
        ],
        "work_experience": [
            "19 years experience overall"
        ],
        "address": [
            "Apollo Clinic No.1&2, Prakasam Salai, Valasaravakkam, Chennai-600087, Chennai"
        ],
        "language": [],
        "gender": []
    },
    {
        "page": "110",
        "name": [
            "Dr BALAMURUGAN SANTHALINGAM"
        ],
        "education_background": [
            "MBBS,DTCD,DNBRESPIRATORY MEDICINE()"
        ],
        "work_experience": [
            "21 years experience overall"
        ],
        "address": [
            "Apollo Clinic, # 2/396, Sri Mookambigai Nagar, Kattupakkam, Porur, Chennai \u2013 600056, Chennai"
        ],
        "language": [],
        "gender": []
    },
    {
        "page": "111",
        "name": [
            "Dr Devanathan V"
        ],
        "education_background": [
            "MD( Pulmonary Medicine)"
        ],
        "work_experience": [
            "7 years experience overall"
        ],
        "address": [
            "No:74, Medavakkam Main Road, 1st Floor, Bharath Nagar, (near Shell Petrol Bunk), Madipakkam, Chennai"
        ],
        "language": [
            "English,Tamil"
        ],
        "gender": [
            "male"
        ]
    },
    {
        "page": "108",
        "name": [
            "Dr ARUNA SHANMUGANATHAN"
        ],
        "education_background": [
            "M.B.B.S, D.N.B, M.D\t(Tuberculosis & Respiratory Diseases)"
        ],
        "work_experience": [
            "13 years experience overall"
        ],
        "address": [
            "APOLLO MEDICAL CENTRE, #30, F- BLOCK, 2ND AVENUE, ANNA NAGAR EAST, CHENNAI, TAMIL NADU, INDIA \u2013 600012, Chennai"
        ],
        "language": [],
        "gender": []
    },
    {
        "page": "113",
        "name": [
            "Dr Sathish Srinivasan G"
        ],
        "education_background": [
            "MD,DNB"
        ],
        "work_experience": [
            "13 years experience overall"
        ],
        "address": [
            "Apollo Speciality Hospital, Lake View Road, Kk Nagar, Madurai - 625020 Ph:0452-2589904, Madurai"
        ],
        "language": [
            "English,Tamil"
        ],
        "gender": [
            "male"
        ]
    },
    {
        "page": "114",
        "name": [
            "Dr A R Gayathri Devi"
        ],
        "education_background": [
            "MD; FCCP"
        ],
        "work_experience": [
            "25 years experience overall"
        ],
        "address": [
            "Apollo Hospitals 21, Greams Lane, Off Greams Road Chennai 600 006 Ph:044-28290200/3333, Chennai"
        ],
        "language": [
            "English,Tamil"
        ],
        "gender": [
            "Female"
        ]
    },
    {
        "page": "116",
        "name": [
            "Dr Kiran Kamalasanan"
        ],
        "education_background": [
            "MBBS, MS (General Surgery), MCh (Surgical Oncology, 2019),  DrNB (Surgical Oncology)"
        ],
        "work_experience": [
            "5 years experience overall"
        ],
        "address": [
            "NH-37 Highway, Near GANESH Mandir, Paschim Boragaon, Guwahati, Assam - 781033, Guwahati"
        ],
        "language": [],
        "gender": []
    },
    {
        "page": "118",
        "name": [
            "Dr Sarpparajan T K"
        ],
        "education_background": [
            "MS.,MCh.,"
        ],
        "work_experience": [
            "20 years experience overall"
        ],
        "address": [
            "Apollo Speciality Hospital, Lake View Road, Kk Nagar, Madurai - 625020 Ph:0452-2589904, Madurai"
        ],
        "language": [
            "male"
        ],
        "gender": []
    },
    {
        "page": "119",
        "name": [
            "Dr Amolkumar Patil"
        ],
        "education_background": [
            "MBBS, MS (Gen. Surg.), DNB (Urology), MNAMS,Certified Robotic Surgeon"
        ],
        "work_experience": [
            "14 years experience overall"
        ],
        "address": [
            "Plot # 13, Parsik Hill Road, Off Uran Road, Sector - 23, Cbd Belapur, Opp. Nerul Wonders Park, Navi Mumbai, Mumbai"
        ],
        "language": [
            "English,Hindi,Kannada,Marathi,Tamil"
        ],
        "gender": [
            "male"
        ]
    },
    {
        "page": "12",
        "name": [
            "Dr Farha Naaz Kazi"
        ],
        "education_background": [
            "Fellowship in Phonosurgery\nMS ENT\nMBBS"
        ],
        "work_experience": [
            "5 years experience overall"
        ],
        "address": [
            "Plot # 13, Parsik Hill Road, Off Uran Road, Sector - 23, Cbd Belapur, Opp. Nerul Wonders Park, Navi Mumbai, Mumbai"
        ],
        "language": [
            "English,Kannada"
        ],
        "gender": [
            "Female"
        ]
    },
    {
        "page": "120",
        "name": [
            "Dr RISHIKESH VELHAL"
        ],
        "education_background": [
            "M.B.B.S. M.S.(Gen.Surg) M.CH.(Urology)"
        ],
        "work_experience": [
            "5 years experience overall"
        ],
        "address": [
            "Plot # 13, Parsik Hill Road, Off Uran Road, Sector - 23, Cbd Belapur, Opp. Nerul Wonders Park, Navi Mumbai, Mumbai"
        ],
        "language": [
            "English"
        ],
        "gender": [
            "male"
        ]
    },
    {
        "page": "121",
        "name": [],
        "education_background": [],
        "work_experience": [],
        "address": [],
        "language": [],
        "gender": []
    },
    {
        "page": "115",
        "name": [
            "Dr Bhabani Prasad Bordoloi"
        ],
        "education_background": [
            "Consultant, GI Surgery MBBS, MS (General Surgery), Mch( GI Surgery)"
        ],
        "work_experience": [
            "7 years experience overall"
        ],
        "address": [
            "NH-37 Highway, Near GANESH Mandir, Paschim Boragaon, Guwahati, Assam - 781033, Guwahati"
        ],
        "language": [],
        "gender": []
    },
    {
        "page": "122",
        "name": [],
        "education_background": [],
        "work_experience": [],
        "address": [],
        "language": [],
        "gender": []
    },
    {
        "page": "123",
        "name": [],
        "education_background": [],
        "work_experience": [],
        "address": [],
        "language": [],
        "gender": []
    },
    {
        "page": "124",
        "name": [],
        "education_background": [],
        "work_experience": [],
        "address": [],
        "language": [],
        "gender": []
    },
    {
        "page": "127",
        "name": [],
        "education_background": [],
        "work_experience": [],
        "address": [],
        "language": [],
        "gender": []
    },
    {
        "page": "125",
        "name": [],
        "education_background": [],
        "work_experience": [],
        "address": [],
        "language": [],
        "gender": []
    },
    {
        "page": "117",
        "name": [
            "Dr Balumahendra K"
        ],
        "education_background": [
            "MS.,MCH.,(Tata Memorial Hospital,Mumbai )"
        ],
        "work_experience": [
            "9 years experience overall"
        ],
        "address": [
            "Apollo Speciality Hospital, Lake View Road, Kk Nagar, Madurai - 625020 Ph:0452-2589904, Madurai"
        ],
        "language": [
            "English,Hindi,Tamil"
        ],
        "gender": [
            "male"
        ]
    },
    {
        "page": "126",
        "name": [],
        "education_background": [],
        "work_experience": [],
        "address": [],
        "language": [],
        "gender": []
    },
    {
        "page": "128",
        "name": [],
        "education_background": [],
        "work_experience": [],
        "address": [],
        "language": [],
        "gender": []
    },
    {
        "page": "129",
        "name": [],
        "education_background": [],
        "work_experience": [],
        "address": [],
        "language": [],
        "gender": []
    },
    {
        "page": "13",
        "name": [
            "Dr Ganga Kudva"
        ],
        "education_background": [
            "MBBS, MS (ENT) , DNB (ENT), FELLOWSHIP IN SKULL BASE SURGERY"
        ],
        "work_experience": [
            "4 years experience overall"
        ],
        "address": [
            "Famous Cine Labs, Pt. M.M Malviya Road, Landmark: Next to Sardar Pav Bhaji Hotel, Mumbai\nMaharashtra 400 034, Mumbai"
        ],
        "language": [],
        "gender": []
    },
    {
        "page": "130",
        "name": [],
        "education_background": [],
        "work_experience": [],
        "address": [],
        "language": [],
        "gender": []
    },
    {
        "page": "134",
        "name": [],
        "education_background": [],
        "work_experience": [],
        "address": [],
        "language": [],
        "gender": []
    },
    {
        "page": "135",
        "name": [],
        "education_background": [],
        "work_experience": [],
        "address": [],
        "language": [],
        "gender": []
    },
    {
        "page": "133",
        "name": [],
        "education_background": [],
        "work_experience": [],
        "address": [],
        "language": [],
        "gender": []
    },
    {
        "page": "136",
        "name": [],
        "education_background": [],
        "work_experience": [],
        "address": [],
        "language": [],
        "gender": []
    },
    {
        "page": "137",
        "name": [],
        "education_background": [],
        "work_experience": [],
        "address": [],
        "language": [],
        "gender": []
    },
    {
        "page": "138",
        "name": [],
        "education_background": [],
        "work_experience": [],
        "address": [],
        "language": [],
        "gender": []
    },
    {
        "page": "139",
        "name": [],
        "education_background": [],
        "work_experience": [],
        "address": [],
        "language": [],
        "gender": []
    },
    {
        "page": "14",
        "name": [
            "Dr Harshad Nikte"
        ],
        "education_background": [
            "MBBS, MS, DNB"
        ],
        "work_experience": [
            "11 years experience overall"
        ],
        "address": [
            "Plot # 13, Parsik Hill Road, Off Uran Road, Sector - 23, Cbd Belapur, Opp. Nerul Wonders Park, Navi Mumbai, Mumbai"
        ],
        "language": [
            "English,Hindi,Marathi"
        ],
        "gender": [
            "male"
        ]
    },
    {
        "page": "140",
        "name": [],
        "education_background": [],
        "work_experience": [],
        "address": [],
        "language": [],
        "gender": []
    },
    {
        "page": "141",
        "name": [],
        "education_background": [],
        "work_experience": [],
        "address": [],
        "language": [],
        "gender": []
    },
    {
        "page": "142",
        "name": [],
        "education_background": [],
        "work_experience": [],
        "address": [],
        "language": [],
        "gender": []
    },
    {
        "page": "143",
        "name": [],
        "education_background": [],
        "work_experience": [],
        "address": [],
        "language": [],
        "gender": []
    },
    {
        "page": "144",
        "name": [],
        "education_background": [],
        "work_experience": [],
        "address": [],
        "language": [],
        "gender": []
    },
    {
        "page": "145",
        "name": [],
        "education_background": [],
        "work_experience": [],
        "address": [],
        "language": [],
        "gender": []
    },
    {
        "page": "146",
        "name": [],
        "education_background": [],
        "work_experience": [],
        "address": [],
        "language": [],
        "gender": []
    },
    {
        "page": "149",
        "name": [],
        "education_background": [],
        "work_experience": [],
        "address": [],
        "language": [],
        "gender": []
    },
    {
        "page": "15",
        "name": [
            "Dr JAFFERHUSEIN SURA"
        ],
        "education_background": [
            "MBBS, MS (ENT). DNB (ENT)"
        ],
        "work_experience": [
            "8 years experience overall"
        ],
        "address": [
            "Famous Cine Labs, Pt. M.M Malviya Road, Landmark: Next to Sardar Pav Bhaji Hotel, Mumbai\nMaharashtra 400 034, Mumbai"
        ],
        "language": [
        ],
        "gender": []
    },
    {
        "page": "151",
        "name": [],
        "education_background": [],
        "work_experience": [],
        "address": [],
        "language": [],
        "gender": []
    },
    {
        "page": "148",
        "name": [],
        "education_background": [],
        "work_experience": [],
        "address": [],
        "language": [],
        "gender": []
    },
    {
        "page": "153",
        "name": [],
        "education_background": [],
        "work_experience": [],
        "address": [],
        "language": [],
        "gender": []
    },
    {
        "page": "154",
        "name": [],
        "education_background": [],
        "work_experience": [],
        "address": [],
        "language": [],
        "gender": []
    },
    {
        "page": "155",
        "name": [],
        "education_background": [],
        "work_experience": [],
        "address": [],
        "language": [],
        "gender": []
    },
    {
        "page": "156",
        "name": [],
        "education_background": [],
        "work_experience": [],
        "address": [],
        "language": [],
        "gender": []
    },
    {
        "page": "147",
        "name": [],
        "education_background": [],
        "work_experience": [],
        "address": [],
        "language": [],
        "gender": []
    },
    {
        "page": "157",
        "name": [],
        "education_background": [],
        "work_experience": [],
        "address": [],
        "language": [],
        "gender": []
    },
    {
        "page": "152",
        "name": [],
        "education_background": [],
        "work_experience": [],
        "address": [],
        "language": [],
        "gender": []
    },
    {
        "page": "158",
        "name": [],
        "education_background": [],
        "work_experience": [],
        "address": [],
        "language": [],
        "gender": []
    },
    {
        "page": "16",
        "name": [
            "Dr Jayesh Ranawat"
        ],
        "education_background": [
            "MBBS, MS, DNB, FCPS"
        ],
        "work_experience": [
            "14 years experience overall"
        ],
        "address": [
            "Famous Cine Labs, Pt. M.M Malviya Road, Landmark: Next to Sardar Pav Bhaji Hotel, Mumbai\nMaharashtra 400 034, Mumbai"
        ],
        "language": [
        ],
        "gender": []
    },
    {
        "page": "17",
        "name": [
            "Dr KHAN ALI GHAFOOR UZ ZAMA"
        ],
        "education_background": [
            "MBBS, MS (ENT), DORL"
        ],
        "work_experience": [
            "8 years experience overall"
        ],
        "address": [
            "Famous Cine Labs, Pt. M.M Malviya Road, Landmark: Next to Sardar Pav Bhaji Hotel, Mumbai\nMaharashtra 400 034, Mumbai"
        ],
        "language": [],
        "gender": []
    },
    {
        "page": "150",
        "name": [],
        "education_background": [],
        "work_experience": [],
        "address": [],
        "language": [],
        "gender": []
    },
    {
        "page": "2",
        "name": [
            "Dr Kumaravel V"
        ],
        "education_background": [
            "MBBS, MD, DNB,(ENDO), MNAMS"
        ],
        "work_experience": [
            "14 years experience overall"
        ],
        "address": [
            "Apollo Speciality Hospital, Lake View Road, Kk Nagar, Madurai - 625020 Ph:0452-2589904, Madurai"
        ],
        "language": [
            "English,Malayalam,Tamil"
        ],
        "gender": [
            "male"
        ]
    },
    {
        "page": "159",
        "name": [],
        "education_background": [],
        "work_experience": [],
        "address": [],
        "language": [],
        "gender": []
    },
    {
        "page": "18",
        "name": [
            "Dr KRISHNA VORA"
        ],
        "education_background": [
            "MBBS, MS (ENT), D.L.O. ,D.O.R.L."
        ],
        "work_experience": [
            "15 years experience overall"
        ],
        "address": [
            "Famous Cine Labs, Pt. M.M Malviya Road, Landmark: Next to Sardar Pav Bhaji Hotel, Mumbai\nMaharashtra 400 034, Mumbai"
        ],
        "language": [],
        "gender": []
    },
    {
        "page": "20",
        "name": [
            "Dr Manoj Jondhale"
        ],
        "education_background": [
            "MS (ENT)"
        ],
        "work_experience": [
            "3 years experience overall"
        ],
        "address": [
            "Plot # 13, Parsik Hill Road, Off Uran Road, Sector - 23, Cbd Belapur, Opp. Nerul Wonders Park, Navi Mumbai, Mumbai"
        ],
        "language": [],
        "gender": []
    },
    {
        "page": "19",
        "name": [
            "Dr KUSHAL SHETH"
        ],
        "education_background": [
            "MS, DNB, DORL"
        ],
        "work_experience": [
            "15 years experience overall"
        ],
        "address": [
            "Sunder Baug, Ujagar Compound, Opp. Deonar Bus Depot Main Gate, \ndeonar, Chembur, Mumbai\nmaharastra 400088, Mumbai"
        ],
        "language": [],
        "gender": []
    },
    {
        "page": "22",
        "name": [
            "Dr Mitul Bhatt"
        ],
        "education_background": [
            "MBBS, MS, DNB"
        ],
        "work_experience": [
            "12 years experience overall"
        ],
        "address": [
            "Famous Cine Labs, Pt. M.M Malviya Road, Landmark: Next to Sardar Pav Bhaji Hotel, Mumbai\nMaharashtra 400 034, Mumbai"
        ],
        "language": [],
        "gender": []
    },
    {
        "page": "21",
        "name": [
            "Dr Meena Gaikwad"
        ],
        "education_background": [],
        "work_experience": [
            "11 years experience overall"
        ],
        "address": [
            "Sunder Baug, Ujagar Compound, Opp. Deonar Bus Depot Main Gate, \ndeonar, Chembur, Mumbai\nmaharastra 400088, Mumbai"
        ],
        "language": [],
        "gender": []
    },
    {
        "page": "23",
        "name": [
            "Dr NITIN GUPTA"
        ],
        "education_background": [
            "MBBS, MS (ENT)"
        ],
        "work_experience": [
            "18 years experience overall"
        ],
        "address": [
            "Famous Cine Labs, Pt. M.M Malviya Road, Landmark: Next to Sardar Pav Bhaji Hotel, Mumbai\nMaharashtra 400 034, Mumbai"
        ],
        "language": [],
        "gender": []
    },
    {
        "page": "24",
        "name": [
            "Dr Prashant Kewle"
        ],
        "education_background": [
            "MS (ENT), DORL"
        ],
        "work_experience": [
            "10 years experience overall"
        ],
        "address": [
            "Sunder Baug, Ujagar Compound, Opp. Deonar Bus Depot Main Gate, \ndeonar, Chembur, Mumbai\nmaharastra 400088, Mumbai"
        ],
        "language": [],
        "gender": []
    },
    {
        "page": "26",
        "name": [
            "Dr Rashmi Menon"
        ],
        "education_background": [
            "MBBS, DNB, DLO"
        ],
        "work_experience": [
            "27 years experience overall"
        ],
        "address": [
            "Plot # 13, Parsik Hill Road, Off Uran Road, Sector - 23, Cbd Belapur, Opp. Nerul Wonders Park, Navi Mumbai, Mumbai"
        ],
        "language": [
            "English,Malayalam"
        ],
        "gender": [
            "Female"
        ]
    },
    {
        "page": "28",
        "name": [
            "Dr SAMIR D BHOBE"
        ],
        "education_background": [
            "M.S.(ENT)\nD.O.R.L.\nM.B.B.S"
        ],
        "work_experience": [
            "26 years experience overall"
        ],
        "address": [
            "Plot # 13, Parsik Hill Road, Off Uran Road, Sector - 23, Cbd Belapur, Opp. Nerul Wonders Park, Navi Mumbai, Mumbai"
        ],
        "language": [
            "English"
        ],
        "gender": [
            "male"
        ]
    },
    {
        "page": "30",
        "name": [
            "Dr Seemab Khan"
        ],
        "education_background": [
            "MBBS,DLO,DORL,FCPS,DNB (ENT)"
        ],
        "work_experience": [
            "14 years experience overall"
        ],
        "address": [
            "Plot # 13, Parsik Hill Road, Off Uran Road, Sector - 23, Cbd Belapur, Opp. Nerul Wonders Park, Navi Mumbai, Mumbai"
        ],
        "language": [
            "English,Hindi,Marathi,Urdu"
        ],
        "gender": [
            "Female"
        ]
    },
    {
        "page": "31",
        "name": [
            "Dr Sharad Bhalekar"
        ],
        "education_background": [
            "M.S.(E.N.T.)"
        ],
        "work_experience": [
            "19 years experience overall"
        ],
        "address": [
            "Plot # 13, Parsik Hill Road, Off Uran Road, Sector - 23, Cbd Belapur, Opp. Nerul Wonders Park, Navi Mumbai, Mumbai"
        ],
        "language": [
            "male"
        ],
        "gender": []
    },
    {
        "page": "3",
        "name": [
            "Dr Manikandan R M"
        ],
        "education_background": [
            "MRCP(INTERNAL MEDICINE), MRCP(ENDOCRINOLOGY & DIABETES)"
        ],
        "work_experience": [
            "11 years experience overall"
        ],
        "address": [
            "Apollo Speciality Hospital, Lake View Road, Kk Nagar, Madurai - 625020 Ph:0452-2589904, Madurai"
        ],
        "language": [
            "English,Tamil"
        ],
        "gender": [
            "male"
        ]
    },
    {
        "page": "32",
        "name": [
            "Dr Shashikant Mhashal"
        ],
        "education_background": [
            "MS (ENT)"
        ],
        "work_experience": [
            "8 years experience overall"
        ],
        "address": [
            "Sunder Baug, Ujagar Compound, Opp. Deonar Bus Depot Main Gate, \ndeonar, Chembur, Mumbai\nmaharastra 400088, Mumbai"
        ],
        "language": [],
        "gender": []
    },
    {
        "page": "27",
        "name": [
            "Dr Roshni Nambiar"
        ],
        "education_background": [
            "MBBS, DNB - Otorhinolaryngology"
        ],
        "work_experience": [
            "9 years experience overall"
        ],
        "address": [
            "Sunder Baug, Ujagar Compound, Opp. Deonar Bus Depot Main Gate, \ndeonar, Chembur, Mumbai\nmaharastra 400088, Mumbai"
        ],
        "language": [],
        "gender": []
    },
    {
        "page": "33",
        "name": [
            "Dr Shruti Sharma"
        ],
        "education_background": [
            "MBBS , MS (ENT )"
        ],
        "work_experience": [
            "15 years experience overall"
        ],
        "address": [
            "Famous Cine Labs, Pt. M.M Malviya Road, Landmark: Next to Sardar Pav Bhaji Hotel, Mumbai\nMaharashtra 400 034, Mumbai"
        ],
        "language": [],
        "gender": []
    },
    {
        "page": "34",
        "name": [
            "Dr Apurva Shah"
        ],
        "education_background": [
            "M.B.B.S.\nM.D. \nInternal Medicine\nDNB Gastroenterology"
        ],
        "work_experience": [
            "7 years experience overall"
        ],
        "address": [
            "Apollo Hospitals - Main Plot No. 1 A , Bhat , Gidc Estate, Nr. Indira Bridge, Gandhinagar Ph:+917698815028, Ahmedabad"
        ],
        "language": [
            "male"
        ],
        "gender": []
    },
    {
        "page": "37",
        "name": [
            "Dr Mukesh Agarwala"
        ],
        "education_background": [
            "MD(MED), DNB(GASTRO)"
        ],
        "work_experience": [
            "9 years experience overall"
        ],
        "address": [
            "Lotus Tower, Christian Basti, G S Road, Guwahati, Assam, Guwahati"
        ],
        "language": [],
        "gender": []
    },
    {
        "page": "36",
        "name": [
            "Dr Mayank Agarwal"
        ],
        "education_background": [
            "MBBS, MD(MEDICINE), DM(GASTROENTEROLGY)"
        ],
        "work_experience": [
            "20 years experience overall"
        ],
        "address": [
            "Kanchan Road, Opp Bora Service, G S Road, Ulubari, Guwahati"
        ],
        "language": [
            "male"
        ],
        "gender": []
    },
    {
        "page": "4",
        "name": [
            "Dr Mahesh Chavan"
        ],
        "education_background": [
            "MBBS, MD(Medicine), DNB Endocrinology"
        ],
        "work_experience": [
            "12 years experience overall"
        ],
        "address": [
            "Plot # 13, Parsik Hill Road, Off Uran Road, Sector - 23, Cbd Belapur, Opp. Nerul Wonders Park, Navi Mumbai, Mumbai"
        ],
        "language": [
            "English,Hindi,Marathi"
        ],
        "gender": [
            "male"
        ]
    },
    {
        "page": "40",
        "name": [
            "Dr ROSHAN AGARWALA"
        ],
        "education_background": [
            "MD,DM, Trained in Advanced Endoscopy, South Korea"
        ],
        "work_experience": [
            "7 years experience overall"
        ],
        "address": [
            "Lotus Tower, Christian Basti, G S Road, Guwahati, Assam, Guwahati"
        ],
        "language": [],
        "gender": []
    },
    {
        "page": "42",
        "name": [
            "Dr AMIT GHARAT"
        ],
        "education_background": [
            "MBBS, MD, DNB"
        ],
        "work_experience": [
            "14 years experience overall"
        ],
        "address": [
            "Plot # 13, Parsik Hill Road, Off Uran Road, Sector - 23, Cbd Belapur, Opp. Nerul Wonders Park, Navi Mumbai, Mumbai"
        ],
        "language": [],
        "gender": []
    },
    {
        "page": "44",
        "name": [
            "Dr Purushottam Vashistha"
        ],
        "education_background": [
            "MD, DM (Gastro)\nFellow in Adv Endoscopic Interventions & Endoscopic USG"
        ],
        "work_experience": [
            "16 years experience overall"
        ],
        "address": [
            "Plot # 13, Parsik Hill Road, Off Uran Road, Sector - 23, Cbd Belapur, Opp. Nerul Wonders Park, Navi Mumbai, Mumbai"
        ],
        "language": [],
        "gender": []
    },
    {
        "page": "43",
        "name": [
            "Dr KETUL V SHAH"
        ],
        "education_background": [
            "M.Ch Surgical Gastroenterology \u2013 2015 \u2013 NHL Municipal Medical College, Ahmedabad\nM.S. General Surgery \u2013 2011 \u2013 GMC & JJ Hospital, Mumbai\nM.B.B.S. \u2013 2005 \u2013 KIMS, Karad"
        ],
        "work_experience": [
            "4 years experience overall"
        ],
        "address": [
            "Plot # 13, Parsik Hill Road, Off Uran Road, Sector - 23, Cbd Belapur, Opp. Nerul Wonders Park, Navi Mumbai, Mumbai"
        ],
        "language": [
            "English,Marathi"
        ],
        "gender": [
            "male"
        ]
    },
    {
        "page": "46",
        "name": [
            "Dr NIREN DEURI"
        ],
        "education_background": [
            "MBBS, MS (General Surgery)"
        ],
        "work_experience": [
            "5 years experience overall"
        ],
        "address": [
            "NH-37 Highway, Near GANESH Mandir, Paschim Boragaon, Guwahati, Assam - 781033, Guwahati"
        ],
        "language": [],
        "gender": []
    },
    {
        "page": "45",
        "name": [
            "Dr KAUSHIK BARUA"
        ],
        "education_background": [
            "MBBS, M.S, FMAS"
        ],
        "work_experience": [
            "19 years experience overall"
        ],
        "address": [
            "NH-37 Highway, Near GANESH Mandir, Paschim Boragaon, Guwahati, Assam - 781033, Guwahati"
        ],
        "language": [
            "male"
        ],
        "gender": []
    },
    {
        "page": "38",
        "name": [
            "Dr Pranjal Deka"
        ],
        "education_background": [
            "\"MBBS (Gold Medallist), MS, MCh\nFEBS (Multi Organ Retrieval & Liver Transplant)\n\""
        ],
        "work_experience": [
            "10 years experience overall"
        ],
        "address": [
            "Kanchan Road, Opp Bora Service, G S Road, Ulubari, Guwahati"
        ],
        "language": [],
        "gender": []
    },
    {
        "page": "47",
        "name": [
            "Dr Jagadeesapandian P"
        ],
        "education_background": [
            "MS(General Surgery), FICS"
        ],
        "work_experience": [
            "45 years experience overall"
        ],
        "address": [
            "Apollo Speciality Hospital, Lake View Road, Kk Nagar, Madurai - 625020 Ph:0452-2589904, Madurai"
        ],
        "language": [
            "English,Tamil"
        ],
        "gender": [
            "male"
        ]
    },
    {
        "page": "39",
        "name": [
            "Dr Prashant Kumar Rai"
        ],
        "education_background": [
            "MBBS. MD, DM (Gastroenterology)"
        ],
        "work_experience": [
            "9 years experience overall"
        ],
        "address": [
            "NH-37 Highway, Near GANESH Mandir, Paschim Boragaon, Guwahati, Assam - 781033, Guwahati"
        ],
        "language": [],
        "gender": []
    },
    {
        "page": "48",
        "name": [
            "Dr Bennet Rajmohan"
        ],
        "education_background": [
            "1.MBBS - The Christian Medical College, Madras University, Vellore, India - March 1993\n2. MRCS Ed - The Royal College of Surgeons of Edinburgh, United Kingdom - July 2000\n3. MRCS (Eng) - The Royal College of Surgeons of England, United Kingdom, July 2000"
        ],
        "work_experience": [
            "17 years experience overall"
        ],
        "address": [
            "Apollo Speciality Hospital, Lake View Road, Kk Nagar, Madurai - 625020 Ph:0452-2589904, Madurai"
        ],
        "language": [
            "English,Tamil"
        ],
        "gender": [
            "male"
        ]
    },
    {
        "page": "41",
        "name": [
            "Dr SHUBHAM PURKAYASTHA"
        ],
        "education_background": [
            "MBBS, MD, DM (Gastroentereology)"
        ],
        "work_experience": [
            "7 years experience overall"
        ],
        "address": [
            "NH-37 Highway, Near GANESH Mandir, Paschim Boragaon, Guwahati, Assam - 781033, Guwahati"
        ],
        "language": [
            "male"
        ],
        "gender": []
    },
    {
        "page": "50",
        "name": [
            "Dr Dibyajyoti Bora"
        ],
        "education_background": [
            "MS,DNB,MRCS(UK),DNB(GI SURGERY),MNAMS,FIAGES"
        ],
        "work_experience": [
            "20 years experience overall"
        ],
        "address": [
            "Lotus Tower, Christian Basti, G S Road, Guwahati, Assam, Guwahati"
        ],
        "language": [],
        "gender": []
    },
    {
        "page": "5",
        "name": [
            "Dr Arul Sundaresh Kumar L"
        ],
        "education_background": [
            "M.B.B.S.,MS(ENT)"
        ],
        "work_experience": [
            "22 years experience overall"
        ],
        "address": [
            "Apollo Speciality Hospital, Lake View Road, Kk Nagar, Madurai - 625020 Ph:0452-2589904, Madurai"
        ],
        "language": [
            "English,Hindi,Tamil"
        ],
        "gender": [
            "male"
        ]
    },
    {
        "page": "49",
        "name": [
            "Dr Suresh Kumar A"
        ],
        "education_background": [
            "MS, FALS"
        ],
        "work_experience": [
            "22 years experience overall"
        ],
        "address": [
            "Apollo Speciality Hospital, Lake View Road, Kk Nagar, Madurai - 625020 Ph:0452-2589904, Madurai"
        ],
        "language": [
            "male"
        ],
        "gender": []
    },
    {
        "page": "51",
        "name": [
            "Dr Biva Goswami"
        ],
        "education_background": [
            "Asst. Prof Obs & Gynaecology, Trained in Laparoscopic surgery"
        ],
        "work_experience": [
            "15 years experience overall"
        ],
        "address": [
            "Apollo Clinic,Chitraban Enclave, RG Baruah Rd, Zoo Road Tiniali, Guwahati, Assam 781003, Guwahati"
        ],
        "language": [],
        "gender": []
    },
    {
        "page": "52",
        "name": [
            "Dr Meghali Devi"
        ],
        "education_background": [
            "MD, MBBS"
        ],
        "work_experience": [
            "10 years experience overall"
        ],
        "address": [
            "Kanchan Road, Opp Bora Service, G S Road, Ulubari, Guwahati"
        ],
        "language": [],
        "gender": []
    },
    {
        "page": "53",
        "name": [
            "Dr Saswati Sanyal Choudhury"
        ],
        "education_background": [
            "MD, FICOG, FIC, MCH"
        ],
        "work_experience": [
            "15 years experience overall"
        ],
        "address": [
            "Kanchan Road, Opp Bora Service, G S Road, Ulubari, Guwahati"
        ],
        "language": [],
        "gender": []
    },
    {
        "page": "54",
        "name": [
            "Dr Sweta Bhansali"
        ],
        "education_background": [
            "CIMP (Certified India Menopause Practioner)"
        ],
        "work_experience": [
            "15 years experience overall"
        ],
        "address": [
            "Apollo Clinic,Chitraban Enclave, RG Baruah Rd, Zoo Road Tiniali, Guwahati, Assam 781003, Guwahati"
        ],
        "language": [],
        "gender": []
    },
    {
        "page": "55",
        "name": [
            "Dr Tanma Saikia Das"
        ],
        "education_background": [
            "MD,MBBS,O&G"
        ],
        "work_experience": [
            "10 years experience overall"
        ],
        "address": [
            "Kanchan Road, Opp Bora Service, G S Road, Ulubari, Guwahati"
        ],
        "language": [],
        "gender": []
    },
    {
        "page": "56",
        "name": [
            "Dr Chidananda Bhuyan"
        ],
        "education_background": [
            "MD"
        ],
        "work_experience": [
            "30 years experience overall"
        ],
        "address": [
            "Lotus Tower, Christian Basti, G S Road, Guwahati, Assam, Guwahati"
        ],
        "language": [],
        "gender": []
    },
    {
        "page": "57",
        "name": [
            "Dr Syed Adil Hassan"
        ],
        "education_background": [
            "MBBS, MD (Internal Medicine), DM (Medical Oncology), DNB (Medical Oncology)"
        ],
        "work_experience": [
            "4 years experience overall"
        ],
        "address": [
            "NH-37 Highway, Near GANESH Mandir, Paschim Boragaon, Guwahati, Assam - 781033, Guwahati"
        ],
        "language": [],
        "gender": []
    },
    {
        "page": "58",
        "name": [
            "Dr DEENADAYALAN T"
        ],
        "education_background": [
            "MD (Gen Med),DM (Med.Onco),ECMO"
        ],
        "work_experience": [
            "6 years experience overall"
        ],
        "address": [
            "Apollo Speciality Hospital, Lake View Road, Kk Nagar, Madurai - 625020 Ph:0452-2589904, Madurai"
        ],
        "language": [
            "English,Tamil"
        ],
        "gender": [
            "male"
        ]
    },
    {
        "page": "59",
        "name": [
            "Dr Devanand J"
        ],
        "education_background": [
            "MD, DM,(Oncology)"
        ],
        "work_experience": [
            "20 years experience overall"
        ],
        "address": [
            "Apollo Speciality Hospital, Lake View Road, Kk Nagar, Madurai - 625020 Ph:0452-2589904, Madurai"
        ],
        "language": [
            "male"
        ],
        "gender": []
    },
    {
        "page": "6",
        "name": [
            "Dr Arun Prabhu Ganeshan G"
        ],
        "education_background": [
            "MBBS,MSENT,Head & Neck Surgery(Mumbai),\nFellowship in Endoscopic Sinus and Skull Base Surgery.(Mumbai)"
        ],
        "work_experience": [
            "12 years experience overall"
        ],
        "address": [
            "Apollo Speciality Hospital, Lake View Road, Kk Nagar, Madurai - 625020 Ph:0452-2589904, Madurai"
        ],
        "language": [
            "English,Hindi,Marathi,Tamil"
        ],
        "gender": [
            "male"
        ]
    },
    {
        "page": "60",
        "name": [
            "Dr Muthu Kumaraswamy P K"
        ],
        "education_background": [
            "MD, DM(Oncology)"
        ],
        "work_experience": [
            "40 years experience overall"
        ],
        "address": [
            "Apollo Speciality Hospital, Lake View Road, Kk Nagar, Madurai - 625020 Ph:0452-2589904, Madurai"
        ],
        "language": [
            "English,Tamil"
        ],
        "gender": [
            "male"
        ]
    },
    {
        "page": "61",
        "name": [
            "Dr Amit Langote"
        ],
        "education_background": [
            "MD Internal Medicine, DNB Nephrology, Clinical Hypertension Specialist (ASH),\nFellow Renal Transplant (AST),\nFellow Home Dialysis (Ottawa)"
        ],
        "work_experience": [
            "10 years experience overall"
        ],
        "address": [
            "Plot # 13, Parsik Hill Road, Off Uran Road, Sector - 23, Cbd Belapur, Opp. Nerul Wonders Park, Navi Mumbai, Mumbai"
        ],
        "language": [
            "English,Hindi,Marathi"
        ],
        "gender": [
            "male"
        ]
    },
    {
        "page": "62",
        "name": [
            "Dr Neville Soloman"
        ],
        "education_background": [
            "MBBS,MS (Gen. Surgery),M.Ch (Cardio Thoracic Surgery)"
        ],
        "work_experience": [
            "25 years experience overall"
        ],
        "address": [
            "Apollo Children\u2019s Hospitals 15, Shafi Mohammed Road Thousand Lights Chennai 600 006 PH:044-2829 6262, Chennai"
        ],
        "language": [
            "English,Hindi,Tamil"
        ],
        "gender": [
            "male"
        ]
    },
    {
        "page": "63",
        "name": [
            "Dr Dhanasekhar Kesavelu"
        ],
        "education_background": [
            "MBBS;  MRCPCH; FRCPCH; CCT"
        ],
        "work_experience": [
            "10 years experience overall"
        ],
        "address": [
            "Apollo Children\u2019s Hospitals 15, Shafi Mohammed Road Thousand Lights Chennai 600 006 PH:044-2829 6262, Chennai"
        ],
        "language": [
            "English,Hindi,Tamil"
        ],
        "gender": [
            "male"
        ]
    },
    {
        "page": "65",
        "name": [
            "Dr Apurva Arora"
        ],
        "education_background": [
            "MBBS, Ms General Surgery, MCh Pediatric Surgery (Gold Medalist)"
        ],
        "work_experience": [
            "9 years experience overall"
        ],
        "address": [
            "Apollo Children\u2019s Hospitals 15, Shafi Mohammed Road Thousand Lights Chennai 600 006 PH:044-2829 6262, Chennai"
        ],
        "language": [
            "English,Albanian,Bangla,Hindi,Tamil"
        ],
        "gender": [
            "Female"
        ]
    },
    {
        "page": "66",
        "name": [
            "Dr BALAMOUROUGANE P"
        ],
        "education_background": [
            "MS, DNB, MNAMS, MCR(AIIMS), DNB(Paed Surgery)"
        ],
        "work_experience": [
            "19 years experience overall"
        ],
        "address": [
            "Apollo Children\u2019s Hospitals 15, Shafi Mohammed Road Thousand Lights Chennai 600 006 PH:044-2829 6262, Chennai"
        ],
        "language": [
            "English,Hindi,Tamil"
        ],
        "gender": [
            "male"
        ]
    },
    {
        "page": "67",
        "name": [
            "Dr Krishna Mohan J"
        ],
        "education_background": [
            "MBBS, D.Ortho, MS(Gen Sur), M.Ch (Paed.Surgery)"
        ],
        "work_experience": [
            "19 years experience overall"
        ],
        "address": [
            "No.64,vanagaram To Ambattur Main Road,chennai, Chennai"
        ],
        "language": [
            "English,Tamil,Telugu"
        ],
        "gender": [
            "male"
        ]
    },
    {
        "page": "68",
        "name": [
            "Dr Lazarus Rajiv B Padankati"
        ],
        "education_background": [
            "MBBS Dip NB (Gen Surgery & pediatric surgery) MRCS"
        ],
        "work_experience": [
            "12 years experience overall"
        ],
        "address": [
            "Apollo Children\u2019s Hospitals 15, Shafi Mohammed Road Thousand Lights Chennai 600 006 PH:044-2829 6262, Chennai"
        ],
        "language": [
            "English,Hindi,Tamil"
        ],
        "gender": [
            "male"
        ]
    },
    {
        "page": "64",
        "name": [
            "Dr Deepti Pai Dave"
        ],
        "education_background": [
            "MBBS, MS (General surgery), M.Ch. (Paediatric surgery)"
        ],
        "work_experience": [
            "8 years experience overall"
        ],
        "address": [
            "Apollo Hospitals - Main Plot No. 1 A , Bhat , Gidc Estate, Nr. Indira Bridge, Gandhinagar Ph:+917698815028, Ahmedabad"
        ],
        "language": [],
        "gender": []
    },
    {
        "page": "69",
        "name": [
            "Dr Prakash Agarwal"
        ],
        "education_background": [
            "MBBS, MS, MCh (Pediatric Surgery)"
        ],
        "work_experience": [
            "15 years experience overall"
        ],
        "address": [
            "Apollo Children\u2019s Hospitals 15, Shafi Mohammed Road Thousand Lights Chennai 600 006 PH:044-2829 6262, Chennai"
        ],
        "language": [
            "English,Hindi,Tamil"
        ],
        "gender": [
            "male"
        ]
    },
    {
        "page": "7",
        "name": [
            "Dr Meena Priyadarshini P"
        ],
        "education_background": [
            "MBBS,DNB(ENT),DLO"
        ],
        "work_experience": [
            "22 years experience overall"
        ],
        "address": [
            "Apollo Speciality Hospital, Lake View Road, Kk Nagar, Madurai - 625020 Ph:0452-2589904, Madurai"
        ],
        "language": [
            "English,Hindi,Tamil"
        ],
        "gender": [
            "Female"
        ]
    },
    {
        "page": "70",
        "name": [
            "Dr Jay K Shah"
        ],
        "education_background": [
            "MBBS, DCH, DNB, IDPCCM, DPAA"
        ],
        "work_experience": [
            "5 years experience overall"
        ],
        "address": [
            "Apollo Hospitals - Main Plot No. 1 A , Bhat , Gidc Estate, Nr. Indira Bridge, Gandhinagar Ph:+917698815028, Ahmedabad"
        ],
        "language": [],
        "gender": []
    },
    {
        "page": "71",
        "name": [
            "Dr Pushkar Srivastava"
        ],
        "education_background": [
            "MBBS, MD (Pediatrics), MRCPCH, FAAP"
        ],
        "work_experience": [
            "14 years experience overall"
        ],
        "address": [
            "Apollo Hospitals - Main Plot No. 1 A , Bhat , Gidc Estate, Nr. Indira Bridge, Gandhinagar Ph:+917698815028, Ahmedabad"
        ],
        "language": [
            "English,Gujarati,Hindi"
        ],
        "gender": [
            "male"
        ]
    },
    {
        "page": "72",
        "name": [
            "Dr RICHA PANCHAL"
        ],
        "education_background": [
            "MD PAEDIATRICS from  SMIMER ( Surat Municipal Institute of Medical Education and Research) Surat , VNSGU (2012-2015). STOOD 2ND in university with first class, distinction.\nM.B.B.S from Government Medical Collage Surat. (2005-2011, first class distinction)."
        ],
        "work_experience": [
            "4 years experience overall"
        ],
        "address": [
            "Apollo Hospitals - Main Plot No. 1 A , Bhat , Gidc Estate, Nr. Indira Bridge, Gandhinagar Ph:+917698815028, Ahmedabad"
        ],
        "language": [
            "Female"
        ],
        "gender": []
    },
    {
        "page": "73",
        "name": [
            "Dr Abdul Ahad"
        ],
        "education_background": [
            "M.D. Pediatrics (AIIMS, New Delhi)"
        ],
        "work_experience": [
            "9 years experience overall"
        ],
        "address": [
            "Apollo Children\u2019s Hospitals 15, Shafi Mohammed Road Thousand Lights Chennai 600 006 PH:044-2829 6262, Chennai"
        ],
        "language": [
            "English,Hindi,Tamil,Telugu,Urdu"
        ],
        "gender": [
            "male"
        ]
    },
    {
        "page": "74",
        "name": [
            "Dr Krishna Priya"
        ],
        "education_background": [
            "MBBS, MRCPCH(UK)"
        ],
        "work_experience": [
            "15 years experience overall"
        ],
        "address": [
            "No.64,vanagaram To Ambattur Main Road,chennai, Chennai"
        ],
        "language": [
            "English,Hindi,Tamil"
        ],
        "gender": [
            "Female"
        ]
    },
    {
        "page": "75",
        "name": [
            "Dr Kumutha J"
        ],
        "education_background": [
            "MBBS, DCH, MD, Fell.Neonatology"
        ],
        "work_experience": [
            "31 years experience overall"
        ],
        "address": [
            "No.64,vanagaram To Ambattur Main Road,chennai, Chennai"
        ],
        "language": [
            "English,Tamil"
        ],
        "gender": [
            "Female"
        ]
    },
    {
        "page": "76",
        "name": [
            "Dr Pavan Patel"
        ],
        "education_background": [
            "MD Paediatrics, DrNB Paediatric Cardiology"
        ],
        "work_experience": [
            "10 years experience overall"
        ],
        "address": [
            "Apollo Hospitals - Main Plot No. 1 A , Bhat , Gidc Estate, Nr. Indira Bridge, Gandhinagar Ph:+917698815028, Ahmedabad"
        ],
        "language": [],
        "gender": []
    },
    {
        "page": "77",
        "name": [
            "Dr Anuradha Sridhar"
        ],
        "education_background": [
            "MBBS, DNB, FNB, FPICS"
        ],
        "work_experience": [
            "22 years experience overall"
        ],
        "address": [
            "Apollo Children\u2019s Hospitals 15, Shafi Mohammed Road Thousand Lights Chennai 600 006 PH:044-2829 6262, Chennai"
        ],
        "language": [
            "Female"
        ],
        "gender": []
    },
    {
        "page": "78",
        "name": [
            "Dr Muthukumaran C S"
        ],
        "education_background": [
            "CCST (UK)"
        ],
        "work_experience": [
            "22 years experience overall"
        ],
        "address": [
            "Apollo Children\u2019s Hospitals 15, Shafi Mohammed Road Thousand Lights Chennai 600 006 PH:044-2829 6262, Chennai"
        ],
        "language": [
            "male"
        ],
        "gender": []
    },
    {
        "page": "79",
        "name": [
            "Dr Asha Daga"
        ],
        "education_background": [
            "M.D D.CH"
        ],
        "work_experience": [
            "40 years experience overall"
        ],
        "address": [
            "Apollo Children\u2019s Hospitals 15, Shafi Mohammed Road Thousand Lights Chennai 600 006 PH:044-2829 6262, Chennai"
        ],
        "language": [
            "male"
        ],
        "gender": []
    },
    {
        "page": "8",
        "name": [
            "Dr PRAGATHESWARAN A"
        ],
        "education_background": [
            "MBBS., DLO, FIAMS, MBA (Hospital Admin)"
        ],
        "work_experience": [
            "35 years experience overall"
        ],
        "address": [
            "Apollo Speciality Hospital, Lake View Road, Kk Nagar, Madurai - 625020 Ph:0452-2589904, Madurai"
        ],
        "language": [
            "English,Tamil"
        ],
        "gender": [
            "male"
        ]
    },
    {
        "page": "80",
        "name": [
            "Dr Banu K"
        ],
        "education_background": [
            "MBBS; DCH; DNB; DAP"
        ],
        "work_experience": [
            "30 years experience overall"
        ],
        "address": [
            "Apollo Children\u2019s Hospitals 15, Shafi Mohammed Road Thousand Lights Chennai 600 006 PH:044-2829 6262, Chennai"
        ],
        "language": [
            "English,Hindi,Tamil"
        ],
        "gender": [
            "Female"
        ]
    },
    {
        "page": "81",
        "name": [
            "Dr Deepa Easow"
        ],
        "education_background": [
            "MBBS. DNB (Paediatrics)"
        ],
        "work_experience": [
            "16 years experience overall"
        ],
        "address": [
            "Apollo First Med Hospitals 154, P H Road, Chennai 600 010 PH:044-2821 1111/ 2222, Chennai"
        ],
        "language": [],
        "gender": []
    },
    {
        "page": "82",
        "name": [
            "Dr Deepa Elizabeth Mathew"
        ],
        "education_background": [
            "MBBS, DCH, MRCPCH(UK), FRCPCH, CCT(UK), UG, Dip. In Allergy."
        ],
        "work_experience": [
            "13 years experience overall"
        ],
        "address": [
            "No.64,vanagaram To Ambattur Main Road,chennai, Chennai"
        ],
        "language": [
            "English,Hindi,Malayalam,Tamil"
        ],
        "gender": [
            "Female"
        ]
    },
    {
        "page": "83",
        "name": [
            "Dr Desai A"
        ],
        "education_background": [
            "MD, Pediatircs, DCH"
        ],
        "work_experience": [
            "35 years experience overall"
        ],
        "address": [
            "Apollo Children\u2019s Hospitals 15, Shafi Mohammed Road Thousand Lights Chennai 600 006 PH:044-2829 6262, Chennai"
        ],
        "language": [
            "male"
        ],
        "gender": []
    },
    {
        "page": "84",
        "name": [
            "Dr DIVYA SELVARAJ"
        ],
        "education_background": [
            "MBBS, MD Pediatric"
        ],
        "work_experience": [
            "6 years experience overall"
        ],
        "address": [
            "Opp Chettinad Vidyashram, Sathyadev Avenue, Mrc Nagar, R A Puram, Chennai\ntamil Nadu 600 028, Chennai"
        ],
        "language": [],
        "gender": []
    },
    {
        "page": "85",
        "name": [
            "Dr Dolly Lakhani"
        ],
        "education_background": [
            "MBBS, DCh, PGLMC"
        ],
        "work_experience": [
            "19 years experience overall"
        ],
        "address": [
            "Apollo First Med Hospitals 154, P H Road, Chennai 600 010 PH:044-2821 1111/ 2222, Chennai"
        ],
        "language": [
            "English,Hindi,Tamil"
        ],
        "gender": [
            "Female"
        ]
    },
    {
        "page": "86",
        "name": [
            "Dr E SANGEETHA HARIPRASATH"
        ],
        "education_background": [
            "MD(pediatrics)"
        ],
        "work_experience": [
            "10 years experience overall"
        ],
        "address": [
            "Apollo Children\u2019s Hospitals 15, Shafi Mohammed Road Thousand Lights Chennai 600 006 PH:044-2829 6262, Chennai"
        ],
        "language": [
            "English,Hindi,Malayalam,Tamil"
        ],
        "gender": [
            "Female"
        ]
    },
    {
        "page": "87",
        "name": [
            "Dr Ekambaranath T S"
        ],
        "education_background": [
            "M.D(Pediatrics)"
        ],
        "work_experience": [
            "9 years experience overall"
        ],
        "address": [
            "Apollo Hospitals \u2013 Tondiarpet 645 & 646, T H Road, Chennai 600 081 Ph:044-2591 3333 / 5533, Chennai"
        ],
        "language": [
            "English,Tamil,Telugu"
        ],
        "gender": [
            "male"
        ]
    },
    {
        "page": "88",
        "name": [
            "Dr Harish V S"
        ],
        "education_background": [
            "MBBS, DCH, MRCPCH, CCT"
        ],
        "work_experience": [
            "18 years experience overall"
        ],
        "address": [
            "2/319 OMR,KARAPAKKAM,CHENNAI-600 097, Chennai"
        ],
        "language": [
            "English,Kannada"
        ],
        "gender": [
            "male"
        ]
    },
    {
        "page": "89",
        "name": [
            "Dr Latha Vishwanathan"
        ],
        "education_background": [
            "MBBS, DCH, DNB(PAED), MNAMS"
        ],
        "work_experience": [
            "23 years experience overall"
        ],
        "address": [
            "Apollo Children\u2019s Hospitals 15, Shafi Mohammed Road Thousand Lights Chennai 600 006 PH:044-2829 6262, Chennai"
        ],
        "language": [
            "English"
        ],
        "gender": [
            "Female"
        ]
    },
    {
        "page": "9",
        "name": [
            "Dr Ankit Jain"
        ],
        "education_background": [
            "MBBS, MS"
        ],
        "work_experience": [
            "14 years experience overall"
        ],
        "address": [
            "Famous Cine Labs, Pt. M.M Malviya Road, Landmark: Next to Sardar Pav Bhaji Hotel, Mumbai\nMaharashtra 400 034, Mumbai"
        ],
        "language": [],
        "gender": []
    },
    {
        "page": "90",
        "name": [
            "Dr Latha Viswanathan"
        ],
        "education_background": [
            "MBBS, DCH, DNB(PAED)"
        ],
        "work_experience": [
            "22 years experience overall"
        ],
        "address": [
            "Door No 11, 4, Sivaprakasam St, opposite to Brilliant Tutorial, Pondy Bazaar, Parthasarathi Puram, T. Nagar, Chennai, Tamil Nadu 600017, Chennai"
        ],
        "language": [
            "English"
        ],
        "gender": [
            "Female"
        ]
    },
    {
        "page": "92",
        "name": [
            "Dr Mathrubootham Sridhar"
        ],
        "education_background": [
            "MBBS, MRCPCH(UK)"
        ],
        "work_experience": [
            "17 years experience overall"
        ],
        "address": [
            "Apollo Children\u2019s Hospitals 15, Shafi Mohammed Road Thousand Lights Chennai 600 006 PH:044-2829 6262, Chennai"
        ],
        "language": [
            "English,Hindi,Tamil"
        ],
        "gender": [
            "male"
        ]
    },
    {
        "page": "93",
        "name": [
            "Dr Mohan P"
        ],
        "education_background": [
            "M.B.B.S.\nM.S. (General Surgery)\nMCh (Pediatric Surgery)"
        ],
        "work_experience": [
            "38 years experience overall"
        ],
        "address": [
            "Woodhead Tower,old Door No-12, C.p.ramaswamy Road, Alwarpet,chennai - 600018, Tamilnadu, Chennai"
        ],
        "language": [
            "male"
        ],
        "gender": []
    },
    {
        "page": "91",
        "name": [
            "Dr M Shyamala Devi"
        ],
        "education_background": [
            "MBBS DCH MRCP (UK) MRCPCH (UK)"
        ],
        "work_experience": [
            "25 years experience overall"
        ],
        "address": [
            "Apollo Children\u2019s Hospitals 15, Shafi Mohammed Road Thousand Lights Chennai 600 006 PH:044-2829 6262, Chennai"
        ],
        "language": [
            "English,Hindi,Tamil"
        ],
        "gender": [
            "Female"
        ]
    },
    {
        "page": "94",
        "name": [
            "Dr Murali Gopal"
        ],
        "education_background": [
            "DCh (UK) MRCPCh (UK), FRCPCh (UK), CCT Paediatrics (UK), Fellow Paediatric Respiratory Medicine (Australia)"
        ],
        "work_experience": [
            "20 years experience overall"
        ],
        "address": [
            "2/319 OMR,KARAPAKKAM,CHENNAI-600 097, Chennai"
        ],
        "language": [
            "English"
        ],
        "gender": [
            "male"
        ]
    },
    {
        "page": "95",
        "name": [
            "Dr MYTHILI RAJAGOPALAN"
        ],
        "education_background": [
            "MBBS.,DNB(PED )., MRCP (UK)"
        ],
        "work_experience": [
            "15 years experience overall"
        ],
        "address": [
            "Door No 11, 4, Sivaprakasam St, opposite to Brilliant Tutorial, Pondy Bazaar, Parthasarathi Puram, T. Nagar, Chennai, Tamil Nadu 600017, Chennai"
        ],
        "language": [],
        "gender": []
    },
    {
        "page": "96",
        "name": [
            "Dr PALPANDI VEILUMUTHU"
        ],
        "education_background": [
            "MBBS,MD,AAP(NEW BORN),PGPN CLINICAL LEAD AND SENIOR CONSULTANT, PEDIATRIC CRITICAL CARE."
        ],
        "work_experience": [
            "11 years experience overall"
        ],
        "address": [
            "2/319 OMR,KARAPAKKAM,CHENNAI-600 097, Chennai"
        ],
        "language": [],
        "gender": []
    },
    {
        "page": "97",
        "name": [
            "Dr Prakash Selvaperumal"
        ],
        "education_background": [
            "MBBS, MD PAEDIATRICS( AIIIMS)"
        ],
        "work_experience": [
            "8 years experience overall"
        ],
        "address": [
            "2/319 OMR,KARAPAKKAM,CHENNAI-600 097, Chennai"
        ],
        "language": [
            "English,Hindi,Tamil"
        ],
        "gender": [
            "male"
        ]
    },
    {
        "page": "98",
        "name": [
            "Dr Priya Biswakumar"
        ],
        "education_background": [
            "MBBS, DNB (PAED), MNAMS"
        ],
        "work_experience": [
            "16 years experience overall"
        ],
        "address": [
            "Apollo Children\u2019s Hospitals 15, Shafi Mohammed Road Thousand Lights Chennai 600 006 PH:044-2829 6262, Chennai"
        ],
        "language": [
            "English,Hindi,Malayalam,Tamil"
        ],
        "gender": [
            "Female"
        ]
    },
    {
        "page": "35",
        "name": [
            "Dr Kamal Chetri"
        ],
        "education_background": [
            "MD; DNB; DM (GASTROENTEROLOGY; SGPGIMS)"
        ],
        "work_experience": [
            "17 years experience overall"
        ],
        "address": [
            "Lotus Tower, Christian Basti, G S Road, Guwahati, Assam, Guwahati"
        ],
        "language": [
            "English,Hindi"
        ],
        "gender": [
            "male"
        ]
    }
]