[
    {
        "page": "0",
        "name": [
            "Dr. Alluri Raja Gopala Raju"
        ],
        "specialization": [
            "Cardiology"
        ],
        "location": [
            "Banjara Hills, Hyderabad"
        ],
        "phone": [
            "+91-40 6810 6585"
        ]
    },
    {
        "page": "10",
        "name": [
            "Dr. Priyen Kantilal Shah"
        ],
        "specialization": [
            "Cardiology"
        ],
        "location": [
            "Banjara Hills, Hyderabad"
        ],
        "phone": [
            "+91-40 6810 6585"
        ]
    },
    {
        "page": "1",
        "name": [
            "Dr. Alok Rath"
        ],
        "specialization": [
            "Gastroenterology \u2013 Surgical, General Surgery",
            "Gastroenterology \u2013 Surgical"
        ],
        "location": [
            "CARE Hospitals, Banjara Hills, Hyderabad, CARE Hospitals Outpatient Centre, Banjara Hills, Hyderabad",
            "Banjara Hills, Hyderabad"
        ],
        "phone": [
            "+91-40 6810 6585"
        ]
    },
    {
        "page": "100",
        "name": [
            "Dr. Ravi Kanth VS"
        ],
        "specialization": [
            "Anaesthesiology"
        ],
        "location": [
            "CARE Hospitals, Banjara Hills, Hyderabad",
            "Banjara Hills, Hyderabad"
        ],
        "phone": [
            "+91-40 6810 6585"
        ]
    },
    {
        "page": "101",
        "name": [
            "Dr. Ravi Kumar Mallelli"
        ],
        "specialization": [
            "General Medicine/Internal Medicine"
        ],
        "location": [
            "CARE Hospitals, Banjara Hills, Hyderabad",
            "Banjara Hills, Hyderabad"
        ],
        "phone": [
            "+91-40 6810 6585"
        ]
    },
    {
        "page": "102",
        "name": [
            "Dr. S. P. Manik Prabhu"
        ],
        "specialization": [
            "Neurosurgery"
        ],
        "location": [
            "CARE Hospitals, Banjara Hills, Hyderabad",
            "Banjara Hills, Hyderabad"
        ],
        "phone": [
            "+91-40 6810 6585"
        ]
    },
    {
        "page": "103",
        "name": [
            "Dr. S.V. Padmasri Deepthi"
        ],
        "specialization": [
            "Dermatology"
        ],
        "location": [
            "CARE Hospitals, Banjara Hills, Hyderabad",
            "Banjara Hills, Hyderabad"
        ],
        "phone": [
            "+91-40 6810 6585"
        ]
    },
    {
        "page": "104",
        "name": [
            "Dr. Sandeep Borphalkar"
        ],
        "specialization": [
            "General Medicine/Internal Medicine"
        ],
        "location": [
            "CARE Hospitals, Banjara Hills, Hyderabad",
            "Banjara Hills, Hyderabad"
        ],
        "phone": [
            "+91-40 6810 6585"
        ]
    },
    {
        "page": "106",
        "name": [
            "Dr. Somita Christopher"
        ],
        "specialization": [
            "Anaesthesiology"
        ],
        "location": [
            "CARE Hospitals, Banjara Hills, Hyderabad",
            "Banjara Hills, Hyderabad"
        ],
        "phone": [
            "+91-40 6810 6585"
        ]
    },
    {
        "page": "107",
        "name": [
            "Dr. Sripurna Deepti Challa"
        ],
        "specialization": [
            "Rheumatology"
        ],
        "location": [
            "Banjara Hills, Hyderabad"
        ],
        "phone": [
            "+91-40 6810 6585"
        ]
    },
    {
        "page": "109",
        "name": [
            "Dr. T L N Swamy"
        ],
        "specialization": [
            "Pulmonology"
        ],
        "location": [
            "CARE Hospitals, Banjara Hills, Hyderabad, CARE Hospitals Outpatient Centre, Banjara Hills, Hyderabad",
            "Banjara Hills, Hyderabad"
        ],
        "phone": [
            "+91-40 6810 6585"
        ]
    },
    {
        "page": "108",
        "name": [
            "Dr. Surya Kiran Indukuri"
        ],
        "specialization": [
            "Vascular & Endovascular Surgery"
        ],
        "location": [
            "Banjara Hills, Hyderabad",
            "CARE Hospitals Outpatient Centre, Banjara Hills, Hyderabad"
        ],
        "phone": [
            "+91-40 6810 6585"
        ]
    },
    {
        "page": "105",
        "name": [
            "Dr. Shashank Jaiswal"
        ],
        "specialization": [
            "Neurology"
        ],
        "location": [
            "CARE Hospitals, Banjara Hills, Hyderabad",
            "Banjara Hills, Hyderabad"
        ],
        "phone": [
            "+91-40 6810 6585"
        ]
    },
    {
        "page": "11",
        "name": [
            "Dr. Ratan Jha"
        ],
        "specialization": [
            "Nephrology",
            "Nephrology, Renal Transplant"
        ],
        "location": [
            "Banjara Hills, Hyderabad",
            "CARE Hospitals Outpatient Centre, Banjara Hills, Hyderabad"
        ],
        "phone": [
            "+91-40 6810 6585"
        ]
    },
    {
        "page": "110",
        "name": [
            "Dr. T. Narasimha Rao"
        ],
        "specialization": [
            "Neurosurgery"
        ],
        "location": [
            "CARE Hospitals, Banjara Hills, Hyderabad",
            "Banjara Hills, Hyderabad"
        ],
        "phone": [
            "+91-40 6810 6585"
        ]
    },
    {
        "page": "111",
        "name": [
            "Dr. Umesh Tukaram"
        ],
        "specialization": [
            "Neurology"
        ],
        "location": [
            "Banjara Hills, Hyderabad",
            "CARE Hospitals Outpatient Centre, Banjara Hills, Hyderabad"
        ],
        "phone": [
            "+91-40 6810 6585"
        ]
    },
    {
        "page": "112",
        "name": [
            "Dr. Venkatesh Yeddula"
        ],
        "specialization": [
            "Neurosurgery"
        ],
        "location": [
            "CARE Hospitals, Banjara Hills, Hyderabad",
            "Banjara Hills, Hyderabad"
        ],
        "phone": [
            "+91-40 6810 6585"
        ]
    },
    {
        "page": "113",
        "name": [
            "Dr. Vikram Sharma"
        ],
        "specialization": [
            "Neurology"
        ],
        "location": [
            "Banjara Hills, Hyderabad",
            "CARE Hospitals Outpatient Centre, Banjara Hills, Hyderabad"
        ],
        "phone": [
            "+91-40 6810 6585"
        ]
    },
    {
        "page": "114",
        "name": [
            "Dr. Vikranth Mummaneni"
        ],
        "specialization": [
            "Surgical Oncology"
        ],
        "location": [
            "CARE Hospitals, Banjara Hills, Hyderabad, CARE Hospitals, HITEC City, Hyderabad",
            "Banjara Hills, Hyderabad"
        ],
        "phone": [
            "+91-40 6810 6585"
        ]
    },
    {
        "page": "115",
        "name": [
            "Dr. Shaadab Ahmed Mohammed"
        ],
        "specialization": [
            "Cardiology"
        ],
        "location": [
            "CARE Hospitals, Malakpet, Hyderabad",
            "Banjara Hills, Hyderabad"
        ],
        "phone": [
            "+91-40 6810 6585"
        ]
    },
    {
        "page": "116",
        "name": [
            "Dr. Anand Babu Mavoori"
        ],
        "specialization": [
            "Orthopaedics"
        ],
        "location": [
            "Banjara Hills, Hyderabad",
            "Gurunanak CARE Hospitals, Musheerabad, Hyderabad"
        ],
        "phone": [
            "+91-40 6810 6585"
        ]
    },
    {
        "page": "117",
        "name": [
            "Dr. C Kiran Kumar"
        ],
        "specialization": [
            "Emergency Medicine"
        ],
        "location": [
            "Banjara Hills, Hyderabad",
            "Gurunanak CARE Hospitals, Musheerabad, Hyderabad"
        ],
        "phone": [
            "+91-40 6810 6585"
        ]
    },
    {
        "page": "118",
        "name": [
            "Dr. Gulla Surya Prakash"
        ],
        "specialization": [
            "Cardiology"
        ],
        "location": [
            "Banjara Hills, Hyderabad",
            "Gurunanak CARE Hospitals, Musheerabad, Hyderabad"
        ],
        "phone": [
            "+91-40 6810 6585"
        ]
    },
    {
        "page": "119",
        "name": [
            "Dr. Subhash Kumar S"
        ],
        "specialization": [
            "Dermatology"
        ],
        "location": [
            "Banjara Hills, Hyderabad",
            "Gurunanak CARE Hospitals, Musheerabad, Hyderabad"
        ],
        "phone": [
            "+91-40 6810 6585"
        ]
    },
    {
        "page": "12",
        "name": [
            "Dr. S.V. Padmasri Deepthi"
        ],
        "specialization": [
            "Dermatology"
        ],
        "location": [
            "CARE Hospitals, Banjara Hills, Hyderabad",
            "Banjara Hills, Hyderabad"
        ],
        "phone": [
            "+91-40 6810 6585"
        ]
    },
    {
        "page": "120",
        "name": [
            "Dr. T. Vishal"
        ],
        "specialization": [
            "Medical Oncology"
        ],
        "location": [
            "Banjara Hills, Hyderabad",
            "Gurunanak CARE Hospitals, Musheerabad, Hyderabad"
        ],
        "phone": [
            "+91-40 6810 6585"
        ]
    },
    {
        "page": "121",
        "name": [
            "Dr. Varun Addagarla"
        ],
        "specialization": [
            "Gastroenterology Medical"
        ],
        "location": [
            "Banjara Hills, Hyderabad",
            "Gurunanak CARE Hospitals, Musheerabad, Hyderabad"
        ],
        "phone": [
            "+91-40 6810 6585"
        ]
    },
    {
        "page": "122",
        "name": [
            "Dr. A Nagesh"
        ],
        "specialization": [
            "Cardiac Surgery"
        ],
        "location": [
            "CARE Hospitals, Banjara Hills, Hyderabad, CARE Hospitals Outpatient Centre, Banjara Hills, Hyderabad, Ramkrishna CARE Hospitals, Raipur, CARE CHL Hospitals, Indore",
            "Banjara Hills, Hyderabad"
        ],
        "phone": [
            "+91-40 6810 6585"
        ]
    },
    {
        "page": "123",
        "name": [
            "Dr. Abhishek Sabbani"
        ],
        "specialization": [
            "General Medicine/Internal Medicine"
        ],
        "location": [
            "CARE Hospitals, HITEC City, Hyderabad",
            "Banjara Hills, Hyderabad"
        ],
        "phone": [
            "+91-40 6810 6585"
        ]
    },
    {
        "page": "124",
        "name": [
            "Dr. Aditya Sunder Goparaju"
        ],
        "specialization": [
            "Spine Surgery"
        ],
        "location": [
            "CARE Hospitals, HITEC City, Hyderabad",
            "Banjara Hills, Hyderabad"
        ],
        "phone": [
            "+91-40 6810 6585"
        ]
    },
    {
        "page": "125",
        "name": [
            "Dr. B. Aravind Reddy"
        ],
        "specialization": [
            "Nephrology"
        ],
        "location": [
            "CARE Hospitals, HITEC City, Hyderabad",
            "Banjara Hills, Hyderabad"
        ],
        "phone": [
            "+91-40 6810 6585"
        ]
    },
    {
        "page": "126",
        "name": [
            "Dr. Bhavani Prasad Ganji"
        ],
        "specialization": [
            "Neurosurgery"
        ],
        "location": [
            "CARE Hospitals, HITEC City, Hyderabad",
            "Banjara Hills, Hyderabad"
        ],
        "phone": [
            "+91-40 6810 6585"
        ]
    },
    {
        "page": "127",
        "name": [
            "Dr. Deepak Koppaka"
        ],
        "specialization": [
            "Medical Oncology"
        ],
        "location": [
            "CARE Hospitals, HITEC City, Hyderabad",
            "Banjara Hills, Hyderabad"
        ],
        "phone": [
            "+91-40 6810 6585"
        ]
    },
    {
        "page": "128",
        "name": [
            "Dr. Divya Sai Narsingam"
        ],
        "specialization": [
            "Plastic Surgery"
        ],
        "location": [
            "CARE Hospitals, HITEC City, Hyderabad",
            "Banjara Hills, Hyderabad"
        ],
        "phone": [
            "+91-40 6810 6585"
        ]
    },
    {
        "page": "129",
        "name": [
            "Dr. L V Sivakumar Gokavarapu"
        ],
        "specialization": [
            "Vascular & Endovascular Surgery"
        ],
        "location": [
            "CARE Hospitals, HITEC City, Hyderabad",
            "Banjara Hills, Hyderabad"
        ],
        "phone": [
            "+91-40 6810 6585"
        ]
    },
    {
        "page": "13",
        "name": [
            "Dr. Sandesh Nanisetty"
        ],
        "specialization": [
            "Neurology"
        ],
        "location": [
            "CARE Hospitals, Banjara Hills, Hyderabad",
            "Banjara Hills, Hyderabad"
        ],
        "phone": [
            "+91-40 6810 6585"
        ]
    },
    {
        "page": "130",
        "name": [
            "Dr. Geetha Nagasree N"
        ],
        "specialization": [
            "Surgical Oncology"
        ],
        "location": [
            "CARE Hospitals, HITEC City, Hyderabad",
            "Banjara Hills, Hyderabad"
        ],
        "phone": [
            "+91-40 6810 6585"
        ]
    },
    {
        "page": "131",
        "name": [
            "Dr. Golla Naga Sathish"
        ],
        "specialization": [
            "Radiology"
        ],
        "location": [
            "CARE Hospitals, HITEC City, Hyderabad",
            "Banjara Hills, Hyderabad"
        ],
        "phone": [
            "+91-40 6810 6585"
        ]
    },
    {
        "page": "132",
        "name": [
            "Dr. Harini Atturu"
        ],
        "specialization": [
            "Psychiatry"
        ],
        "location": [
            "CARE Hospitals, HITEC City, Hyderabad, CARE Hospitals Outpatient Centre, HITEC City, Hyderabad",
            "Banjara Hills, Hyderabad"
        ],
        "phone": [
            "+91-40 6810 6585"
        ]
    },
    {
        "page": "133",
        "name": [
            "Dr. Haritha Koganti"
        ],
        "specialization": [
            "Neurology"
        ],
        "location": [
            "CARE Hospitals, HITEC City, Hyderabad",
            "Banjara Hills, Hyderabad"
        ],
        "phone": [
            "+91-40 6810 6585"
        ]
    },
    {
        "page": "134",
        "name": [
            "Dr. Kailas Mirche"
        ],
        "specialization": [
            "Neurology"
        ],
        "location": [
            "CARE Hospitals, HITEC City, Hyderabad",
            "Banjara Hills, Hyderabad"
        ],
        "phone": [
            "+91-40 6810 6585"
        ]
    },
    {
        "page": "135",
        "name": [
            "Dr. Laxminadh Sivaraju"
        ],
        "specialization": [
            "Neurosurgery"
        ],
        "location": [
            "CARE Hospitals, HITEC City, Hyderabad",
            "Banjara Hills, Hyderabad"
        ],
        "phone": [
            "+91-40 6810 6585"
        ]
    },
    {
        "page": "14",
        "name": [
            "Dr. Somita Christopher"
        ],
        "specialization": [
            "Anaesthesiology"
        ],
        "location": [
            "CARE Hospitals, Banjara Hills, Hyderabad",
            "Banjara Hills, Hyderabad"
        ],
        "phone": [
            "+91-40 6810 6585"
        ]
    },
    {
        "page": "15",
        "name": [
            "Dr. Sripurna Deepti Challa"
        ],
        "specialization": [
            "Rheumatology"
        ],
        "location": [
            "Banjara Hills, Hyderabad"
        ],
        "phone": [
            "+91-40 6810 6585"
        ]
    },
    {
        "page": "16",
        "name": [
            "Dr. Surya Kiran Indukuri"
        ],
        "specialization": [
            "Vascular & Endovascular Surgery"
        ],
        "location": [
            "Banjara Hills, Hyderabad",
            "CARE Hospitals Outpatient Centre, Banjara Hills, Hyderabad"
        ],
        "phone": [
            "+91-40 6810 6585"
        ]
    },
    {
        "page": "17",
        "name": [
            "Dr. Umesh Tukaram"
        ],
        "specialization": [
            "Neurology"
        ],
        "location": [
            "Banjara Hills, Hyderabad",
            "CARE Hospitals Outpatient Centre, Banjara Hills, Hyderabad"
        ],
        "phone": [
            "+91-40 6810 6585"
        ]
    },
    {
        "page": "18",
        "name": [
            "Dr. Venkatesh Yeddula"
        ],
        "specialization": [
            "Neurosurgery"
        ],
        "location": [
            "CARE Hospitals, Banjara Hills, Hyderabad",
            "Banjara Hills, Hyderabad"
        ],
        "phone": [
            "+91-40 6810 6585"
        ]
    },
    {
        "page": "19",
        "name": [
            "Dr. Vikranth Mummaneni"
        ],
        "specialization": [
            "Surgical Oncology"
        ],
        "location": [
            "CARE Hospitals, Banjara Hills, Hyderabad, CARE Hospitals, HITEC City, Hyderabad",
            "Banjara Hills, Hyderabad"
        ],
        "phone": [
            "+91-40 6810 6585"
        ]
    },
    {
        "page": "2",
        "name": [
            "Dr. Alok Rath"
        ],
        "specialization": [
            "Gastroenterology \u2013 Surgical, General Surgery",
            "Gastroenterology \u2013 Surgical"
        ],
        "location": [
            "CARE Hospitals, Banjara Hills, Hyderabad, CARE Hospitals Outpatient Centre, Banjara Hills, Hyderabad",
            "Banjara Hills, Hyderabad"
        ],
        "phone": [
            "+91-40 6810 6585"
        ]
    },
    {
        "page": "20",
        "name": [
            "Dr. Shaadab Ahmed Mohammed"
        ],
        "specialization": [
            "Cardiology"
        ],
        "location": [
            "CARE Hospitals, Malakpet, Hyderabad",
            "Banjara Hills, Hyderabad"
        ],
        "phone": [
            "+91-40 6810 6585"
        ]
    },
    {
        "page": "21",
        "name": [
            "Dr. Anand Babu Mavoori"
        ],
        "specialization": [
            "Orthopaedics"
        ],
        "location": [
            "Banjara Hills, Hyderabad",
            "Gurunanak CARE Hospitals, Musheerabad, Hyderabad"
        ],
        "phone": [
            "+91-40 6810 6585"
        ]
    },
    {
        "page": "22",
        "name": [
            "Dr. C Kiran Kumar"
        ],
        "specialization": [
            "Emergency Medicine"
        ],
        "location": [
            "Banjara Hills, Hyderabad",
            "Gurunanak CARE Hospitals, Musheerabad, Hyderabad"
        ],
        "phone": [
            "+91-40 6810 6585"
        ]
    },
    {
        "page": "23",
        "name": [
            "Dr. Varun Addagarla"
        ],
        "specialization": [
            "Gastroenterology Medical"
        ],
        "location": [
            "Banjara Hills, Hyderabad",
            "Gurunanak CARE Hospitals, Musheerabad, Hyderabad"
        ],
        "phone": [
            "+91-40 6810 6585"
        ]
    },
    {
        "page": "24",
        "name": [
            "Dr. A Nagesh"
        ],
        "specialization": [
            "Cardiac Surgery"
        ],
        "location": [
            "CARE Hospitals, Banjara Hills, Hyderabad, CARE Hospitals Outpatient Centre, Banjara Hills, Hyderabad, CARE Hospitals, Nampally, Hyderabad, Ramkrishna CARE Hospitals, Raipur, CARE CHL Hospitals, Indore",
            "Banjara Hills, Hyderabad"
        ],
        "phone": [
            "+91-40 6810 6585"
        ]
    },
    {
        "page": "25",
        "name": [
            "Dr. Harini Atturu"
        ],
        "specialization": [
            "Psychiatry"
        ],
        "location": [
            "CARE Hospitals, HITEC City, Hyderabad, CARE Hospitals Outpatient Centre, HITEC City, Hyderabad",
            "Banjara Hills, Hyderabad"
        ],
        "phone": [
            "+91-40 6810 6585"
        ]
    },
    {
        "page": "26",
        "name": [
            "Dr. Haritha Koganti"
        ],
        "specialization": [
            "Neurology"
        ],
        "location": [
            "CARE Hospitals, HITEC City, Hyderabad",
            "Banjara Hills, Hyderabad"
        ],
        "phone": [
            "+91-40 6810 6585"
        ]
    },
    {
        "page": "27",
        "name": [
            "Dr. Laxminadh Sivaraju"
        ],
        "specialization": [
            "Neurosurgery"
        ],
        "location": [
            "CARE Hospitals, HITEC City, Hyderabad",
            "Banjara Hills, Hyderabad"
        ],
        "phone": [
            "+91-40 6810 6585"
        ]
    },
    {
        "page": "28",
        "name": [
            "Dr. Mustafa Hussain Razvi"
        ],
        "specialization": [
            "Gastroenterology \u2013 Surgical, General Surgery",
            "Gastroenterology \u2013 Surgical"
        ],
        "location": [
            "CARE Hospitals, HITEC City, Hyderabad",
            "Banjara Hills, Hyderabad"
        ],
        "phone": [
            "+91-40 6810 6585"
        ]
    },
    {
        "page": "29",
        "name": [
            "Dr. Pavan Kumar Reddy N"
        ],
        "specialization": [
            "Critical Care Medicine"
        ],
        "location": [
            "CARE Hospitals, HITEC City, Hyderabad",
            "Banjara Hills, Hyderabad"
        ],
        "phone": [
            "+91-40 6810 6585"
        ]
    },
    {
        "page": "3",
        "name": [
            "Dr. Bhavani Prasad Gudavalli"
        ],
        "specialization": [
            "Critical Care Medicine"
        ],
        "location": [
            "CARE Hospitals, Banjara Hills, Hyderabad",
            "Banjara Hills, Hyderabad"
        ],
        "phone": [
            "+91-40 6810 6585"
        ]
    },
    {
        "page": "30",
        "name": [
            "Dr. Polukonda Geetha Vani"
        ],
        "specialization": [
            "Radiology"
        ],
        "location": [
            "CARE Hospitals, HITEC City, Hyderabad",
            "Banjara Hills, Hyderabad"
        ],
        "phone": [
            "+91-40 6810 6585"
        ]
    },
    {
        "page": "31",
        "name": [
            "Dr. Ruksana Ahmed"
        ],
        "specialization": [
            "Lab Medicine"
        ],
        "location": [
            "CARE Hospitals, HITEC City, Hyderabad",
            "Banjara Hills, Hyderabad"
        ],
        "phone": [
            "+91-40 6810 6585"
        ]
    },
    {
        "page": "34",
        "name": [
            "Dr. Naren Bollineni"
        ],
        "specialization": [
            "Surgical Oncology"
        ],
        "location": [
            "CARE Hospitals, HITEC City, Hyderabad",
            "Banjara Hills, Hyderabad"
        ],
        "phone": [
            "+91-40 6810 6585"
        ]
    },
    {
        "page": "36",
        "name": [
            "Dr. Avinash Kumar Roy"
        ],
        "specialization": [
            "General Surgery"
        ],
        "location": [
            "CARE Hospitals, Malakpet, Hyderabad",
            "Banjara Hills, Hyderabad"
        ],
        "phone": [
            "+91-40 6810 6585"
        ]
    },
    {
        "page": "35",
        "name": [
            "Dr. Rajiv Vanka"
        ],
        "specialization": [
            "Radiology"
        ],
        "location": [
            "CARE Hospitals, HITEC City, Hyderabad",
            "Banjara Hills, Hyderabad"
        ],
        "phone": [
            "+91-40 6810 6585"
        ]
    },
    {
        "page": "33",
        "name": [
            "Dr. T Raghupati Nagendra"
        ],
        "specialization": [
            "Radiology"
        ],
        "location": [
            "CARE Hospitals, HITEC City, Hyderabad",
            "Banjara Hills, Hyderabad"
        ],
        "phone": [
            "+91-40 6810 6585"
        ]
    },
    {
        "page": "32",
        "name": [
            "Dr. T Jaya Simha Chowdhury"
        ],
        "specialization": [
            "Emergency Medicine"
        ],
        "location": [
            "CARE Hospitals, HITEC City, Hyderabad",
            "Banjara Hills, Hyderabad"
        ],
        "phone": [
            "+91-40 6810 6585"
        ]
    },
    {
        "page": "37",
        "name": [
            "Dr. Beeku Naik Ds"
        ],
        "specialization": [
            "Cardiology"
        ],
        "location": [
            "CARE Hospitals, Malakpet, Hyderabad",
            "Banjara Hills, Hyderabad"
        ],
        "phone": [
            "+91-40 6810 6585"
        ]
    },
    {
        "page": "38",
        "name": [
            "Dr. Mohammed Mukarram Ali"
        ],
        "specialization": [
            "Pulmonology"
        ],
        "location": [
            "CARE Hospitals, Malakpet, Hyderabad",
            "Banjara Hills, Hyderabad"
        ],
        "phone": [
            "+91-40 6810 6585"
        ]
    },
    {
        "page": "39",
        "name": [
            "Dr. Repakula Kartheek"
        ],
        "specialization": [
            "Orthopaedics"
        ],
        "location": [
            "CARE Hospitals, Malakpet, Hyderabad",
            "Banjara Hills, Hyderabad"
        ],
        "phone": [
            "+91-40 6810 6585"
        ]
    },
    {
        "page": "4",
        "name": [
            "Dr. Radhika Malireddy"
        ],
        "specialization": [
            "Vascular & Endovascular Surgery"
        ],
        "location": [
            "CARE Hospitals, Banjara Hills, Hyderabad, CARE Hospitals Outpatient Centre, Banjara Hills, Hyderabad",
            "Banjara Hills, Hyderabad"
        ],
        "phone": [
            "+91-40 6810 6585"
        ]
    },
    {
        "page": "41",
        "name": [
            "Dr. Kotra Siva Kumar"
        ],
        "specialization": [
            "Orthopaedics"
        ],
        "location": [
            "Banjara Hills, Hyderabad",
            "CARE Hospitals, Nampally, Hyderabad"
        ],
        "phone": [
            "+91-40 6810 6585"
        ]
    },
    {
        "page": "42",
        "name": [
            "Dr. Sandeep Raj Bharma"
        ],
        "specialization": [
            "Pulmonology"
        ],
        "location": [
            "Banjara Hills, Hyderabad",
            "CARE Hospitals, Nampally, Hyderabad"
        ],
        "phone": [
            "+91-40 6810 6585"
        ]
    },
    {
        "page": "40",
        "name": [
            "Dr. Syed Mustafa Ashraf"
        ],
        "specialization": [
            "General Medicine/Internal Medicine"
        ],
        "location": [
            "CARE Hospitals, Malakpet, Hyderabad",
            "Banjara Hills, Hyderabad"
        ],
        "phone": [
            "+91-40 6810 6585"
        ]
    },
    {
        "page": "46",
        "name": [
            "Dr. Anoop Agrawal"
        ],
        "specialization": [
            "Cardiology"
        ],
        "location": [
            "CARE Hospitals, Banjara Hills, Hyderabad",
            "Banjara Hills, Hyderabad"
        ],
        "phone": [
            "+91-40 6810 6585"
        ]
    },
    {
        "page": "44",
        "name": [
            "Dr. Upendra Kumar N"
        ],
        "specialization": [
            "Urology"
        ],
        "location": [
            "Banjara Hills, Hyderabad",
            "CARE Hospitals, Nampally, Hyderabad"
        ],
        "phone": [
            "+91-40 6810 6585"
        ]
    },
    {
        "page": "43",
        "name": [
            "Dr. Syeda Shaista M Hussaini"
        ],
        "specialization": [
            "Nephrology"
        ],
        "location": [
            "Banjara Hills, Hyderabad"
        ],
        "phone": [
            "+91-40 6810 6585"
        ]
    },
    {
        "page": "45",
        "name": [
            "Dr. Akash Chaudhary"
        ],
        "specialization": [
            "Gastroenterology Medical"
        ],
        "location": [
            "CARE Hospitals, Banjara Hills, Hyderabad",
            "Banjara Hills, Hyderabad"
        ],
        "phone": [
            "+91-40 6810 6585"
        ]
    },
    {
        "page": "48",
        "name": [
            "Dr. Deepa Pola"
        ],
        "specialization": [
            "Pediatric Cardiology"
        ],
        "location": [
            "CARE Hospitals, Banjara Hills, Hyderabad",
            "Banjara Hills, Hyderabad"
        ],
        "phone": [
            "+91-40 6810 6585"
        ]
    },
    {
        "page": "49",
        "name": [
            "Dr. Koteshwara Prasad V"
        ],
        "specialization": [
            "Orthopaedics"
        ],
        "location": [
            "Banjara Hills, Hyderabad"
        ],
        "phone": [
            "+91-40 6810 6585"
        ]
    },
    {
        "page": "50",
        "name": [
            "Dr. Mir Zia Ur Rahaman Ali"
        ],
        "specialization": [
            "Orthopaedics"
        ],
        "location": [
            "Banjara Hills, Hyderabad",
            "CARE Hospitals Outpatient Centre, Banjara Hills, Hyderabad"
        ],
        "phone": [
            "+91-40 6810 6585"
        ]
    },
    {
        "page": "51",
        "name": [
            "Dr. T. Narasimha Rao"
        ],
        "specialization": [
            "Neurosurgery"
        ],
        "location": [
            "CARE Hospitals, Banjara Hills, Hyderabad",
            "Banjara Hills, Hyderabad"
        ],
        "phone": [
            "+91-40 6810 6585"
        ]
    },
    {
        "page": "47",
        "name": [
            "Dr. Bhuvaneswara Raju Basina"
        ],
        "specialization": [
            "Neurosurgery"
        ],
        "location": [
            "CARE Hospitals, Banjara Hills, Hyderabad",
            "Banjara Hills, Hyderabad"
        ],
        "phone": [
            "+91-40 6810 6585"
        ]
    },
    {
        "page": "52",
        "name": [
            "Dr. Vikram Sharma"
        ],
        "specialization": [
            "Neurology"
        ],
        "location": [
            "Banjara Hills, Hyderabad",
            "CARE Hospitals Outpatient Centre, Banjara Hills, Hyderabad"
        ],
        "phone": [
            "+91-40 6810 6585"
        ]
    },
    {
        "page": "53",
        "name": [
            "Dr. Ashwin Kumar Talla"
        ],
        "specialization": [
            "Orthopaedics"
        ],
        "location": [
            "CARE Hospitals, HITEC City, Hyderabad",
            "Banjara Hills, Hyderabad"
        ],
        "phone": [
            "+91-40 6810 6585"
        ]
    },
    {
        "page": "5",
        "name": [
            "Dr. G.V.S.Prasad"
        ],
        "specialization": [
            "Ophthalmology"
        ],
        "location": [
            "Banjara Hills, Hyderabad",
            "CARE Hospitals Outpatient Centre, Banjara Hills, Hyderabad"
        ],
        "phone": [
            "+91-40 6810 6585"
        ]
    },
    {
        "page": "54",
        "name": [
            "Dr. B. Aravind Reddy"
        ],
        "specialization": [
            "Nephrology"
        ],
        "location": [
            "CARE Hospitals, HITEC City, Hyderabad",
            "Banjara Hills, Hyderabad"
        ],
        "phone": [
            "+91-40 6810 6585"
        ]
    },
    {
        "page": "58",
        "name": [
            "Dr. Sankaramaddi Suresh Reddy"
        ],
        "specialization": [
            "Orthopaedics"
        ],
        "location": [
            "CARE Hospitals, Malakpet, Hyderabad",
            "Banjara Hills, Hyderabad"
        ],
        "phone": [
            "+91-40 6810 6585"
        ]
    },
    {
        "page": "59",
        "name": [
            "Dr. Shravan Kumar Ch"
        ],
        "specialization": [
            "Cardiology"
        ],
        "location": [
            "CARE Hospitals, Malakpet, Hyderabad",
            "Banjara Hills, Hyderabad"
        ],
        "phone": [
            "+91-40 6810 6585"
        ]
    },
    {
        "page": "55",
        "name": [
            "Dr. G Madhusudhan Reddy"
        ],
        "specialization": [
            "Renal Transplant, Urology",
            "Renal Transplant"
        ],
        "location": [
            "CARE Hospitals, HITEC City, Hyderabad",
            "Banjara Hills, Hyderabad"
        ],
        "phone": [
            "+91-40 6810 6585"
        ]
    },
    {
        "page": "60",
        "name": [
            "Dr. Suryakala Sanapathi"
        ],
        "specialization": [
            "General Medicine/Internal Medicine"
        ],
        "location": [
            "CARE Hospitals, Malakpet, Hyderabad",
            "Banjara Hills, Hyderabad"
        ],
        "phone": [
            "+91-40 6810 6585"
        ]
    },
    {
        "page": "57",
        "name": [
            "Dr. Rohit Chauhan"
        ],
        "specialization": [
            "Radiology"
        ],
        "location": [
            "CARE Hospitals, Malakpet, Hyderabad",
            "Banjara Hills, Hyderabad"
        ],
        "phone": [
            "+91-40 6810 6585"
        ]
    },
    {
        "page": "62",
        "name": [
            "Dr. Ramiz Panjwani"
        ],
        "specialization": [
            "Nephrology",
            "Nephrology, Renal Transplant"
        ],
        "location": [
            "Banjara Hills, Hyderabad",
            "CARE Hospitals, Nampally, Hyderabad"
        ],
        "phone": [
            "+91-40 6810 6585"
        ]
    },
    {
        "page": "63",
        "name": [
            "Dr. Ramiz Panjwani"
        ],
        "specialization": [
            "Nephrology",
            "Nephrology, Renal Transplant"
        ],
        "location": [
            "Banjara Hills, Hyderabad",
            "CARE Hospitals, Nampally, Hyderabad"
        ],
        "phone": [
            "+91-40 6810 6585"
        ]
    },
    {
        "page": "56",
        "name": [
            "Dr. Arun Kumar Teegalapally"
        ],
        "specialization": [
            "Orthopaedics"
        ],
        "location": [
            "CARE Hospitals, Malakpet, Hyderabad",
            "Banjara Hills, Hyderabad"
        ],
        "phone": [
            "+91-40 6810 6585"
        ]
    },
    {
        "page": "61",
        "name": [
            "Dr. Vinod Vadthya"
        ],
        "specialization": [
            "Cardiology"
        ],
        "location": [
            "CARE Hospitals, Malakpet, Hyderabad",
            "Banjara Hills, Hyderabad"
        ],
        "phone": [
            "+91-40 6810 6585"
        ]
    },
    {
        "page": "6",
        "name": [
            "Dr. Gandham Sneha"
        ],
        "specialization": [
            "General Medicine/Internal Medicine"
        ],
        "location": [
            "Banjara Hills, Hyderabad",
            "CARE Hospitals Outpatient Centre, Banjara Hills, Hyderabad"
        ],
        "phone": [
            "+91-40 6810 6585"
        ]
    },
    {
        "page": "64",
        "name": [
            "Dr. T Vivek"
        ],
        "specialization": [
            "Pulmonology"
        ],
        "location": [
            "Banjara Hills, Hyderabad",
            "CARE Hospitals, Nampally, Hyderabad"
        ],
        "phone": [
            "+91-40 6810 6585"
        ]
    },
    {
        "page": "65",
        "name": [
            "Dr.  A Manikanteswara Rao D"
        ],
        "specialization": [
            "Gastroenterology \u2013 Surgical"
        ],
        "location": [
            "CARE Hospitals, Banjara Hills, Hyderabad",
            "Banjara Hills, Hyderabad"
        ],
        "phone": [
            "+91-40 6810 6585"
        ]
    },
    {
        "page": "66",
        "name": [
            "Dr. Pardhasaradhi P"
        ],
        "specialization": [
            "Gastroenterology \u2013 Surgical"
        ],
        "location": [
            "CARE Hospitals, Banjara Hills, Hyderabad",
            "Banjara Hills, Hyderabad"
        ],
        "phone": [
            "+91-40 6810 6585"
        ]
    },
    {
        "page": "67",
        "name": [
            "Dr. Sailaja Vasireddy"
        ],
        "specialization": [
            "Cardiac Surgery",
            "Cardiac Surgery, Vascular Surgery"
        ],
        "location": [
            "CARE Hospitals, Banjara Hills, Hyderabad",
            "Banjara Hills, Hyderabad"
        ],
        "phone": [
            "+91-40 6810 6585"
        ]
    },
    {
        "page": "68",
        "name": [
            "Dr. Avinash Chaitanya S"
        ],
        "specialization": [
            "Surgical Oncology"
        ],
        "location": [
            "CARE Hospitals, HITEC City, Hyderabad",
            "Banjara Hills, Hyderabad"
        ],
        "phone": [
            "+91-40 6810 6585"
        ]
    },
    {
        "page": "69",
        "name": [
            "Dr. Gayathri Gadiyaram"
        ],
        "specialization": [
            "Radiology"
        ],
        "location": [
            "CARE Hospitals, HITEC City, Hyderabad",
            "Banjara Hills, Hyderabad"
        ],
        "phone": [
            "+91-40 6810 6585"
        ]
    },
    {
        "page": "70",
        "name": [
            "Dr. Geetha Nagasree N"
        ],
        "specialization": [
            "Surgical Oncology"
        ],
        "location": [
            "CARE Hospitals, HITEC City, Hyderabad",
            "Banjara Hills, Hyderabad"
        ],
        "phone": [
            "+91-40 6810 6585"
        ]
    },
    {
        "page": "7",
        "name": [
            "Dr. Irene Faith Manoja"
        ],
        "specialization": [
            "Radiology"
        ],
        "location": [
            "Banjara Hills, Hyderabad"
        ],
        "phone": [
            "+91-40 6810 6585"
        ]
    },
    {
        "page": "71",
        "name": [
            "Dr. Bhageerath Raj D"
        ],
        "specialization": [
            "Gastroenterology Medical"
        ],
        "location": [
            "Banjara Hills, Hyderabad"
        ],
        "phone": [
            "+91-40 6810 6585"
        ]
    },
    {
        "page": "72",
        "name": [
            "Dr. Lalitha Ravinuthala"
        ],
        "specialization": [
            "Cardiology"
        ],
        "location": [
            "Banjara Hills, Hyderabad",
            "CARE Hospitals, Nampally, Hyderabad"
        ],
        "phone": [
            "+91-40 6810 6585"
        ]
    },
    {
        "page": "73",
        "name": [
            "Dr. Ramaiz Panjwani"
        ],
        "specialization": [
            "Nephrology"
        ],
        "location": [
            "Banjara Hills, Hyderabad",
            "CARE Hospitals, Nampally, Hyderabad"
        ],
        "phone": [
            "+91-40 6810 6585"
        ]
    },
    {
        "page": "74",
        "name": [
            "Dr. Sai Sree"
        ],
        "specialization": [
            "Dermatology"
        ],
        "location": [
            "Banjara Hills, Hyderabad",
            "CARE Hospitals, Nampally, Hyderabad"
        ],
        "phone": [
            "+91-40 6810 6585"
        ]
    },
    {
        "page": "75",
        "name": [
            "Dr. Akash Chaudhary"
        ],
        "specialization": [
            "Gastroenterology Medical"
        ],
        "location": [
            "CARE Hospitals, Banjara Hills, Hyderabad",
            "Banjara Hills, Hyderabad"
        ],
        "phone": [
            "+91-40 6810 6585"
        ]
    },
    {
        "page": "76",
        "name": [
            "Dr. Alluri Raja Gopala Raju"
        ],
        "specialization": [
            "Cardiology"
        ],
        "location": [
            "Banjara Hills, Hyderabad"
        ],
        "phone": [
            "+91-40 6810 6585"
        ]
    },
    {
        "page": "77",
        "name": [
            "Dr. Alok Rath"
        ],
        "specialization": [
            "Gastroenterology \u2013 Surgical, General Surgery, Laparoscopic and Bariatric Surgery",
            "Gastroenterology \u2013 Surgical"
        ],
        "location": [
            "CARE Hospitals, Banjara Hills, Hyderabad, CARE Hospitals Outpatient Centre, Banjara Hills, Hyderabad",
            "Banjara Hills, Hyderabad"
        ],
        "phone": [
            "+91-40 6810 6585"
        ]
    },
    {
        "page": "78",
        "name": [
            "Dr. Anoop Agarwal"
        ],
        "specialization": [
            "Cardiology"
        ],
        "location": [
            "CARE Hospitals, Banjara Hills, Hyderabad",
            "Banjara Hills, Hyderabad"
        ],
        "phone": [
            "+91-40 6810 6585"
        ]
    },
    {
        "page": "79",
        "name": [
            "Dr. Ashok Reddy Somu"
        ],
        "specialization": [
            "Vascular & Interventional Radiology"
        ],
        "location": [
            "CARE Hospitals, Banjara Hills, Hyderabad, CARE Hospitals Outpatient Centre, Banjara Hills, Hyderabad",
            "Banjara Hills, Hyderabad"
        ],
        "phone": [
            "+91-40 6810 6585"
        ]
    },
    {
        "page": "8",
        "name": [
            "Dr. Praneeth Polamuri"
        ],
        "specialization": [
            "Cardiology"
        ],
        "location": [
            "CARE Hospitals, Banjara Hills, Hyderabad",
            "Banjara Hills, Hyderabad"
        ],
        "phone": [
            "+91-40 6810 6585"
        ]
    },
    {
        "page": "80",
        "name": [
            "Dr. Bhavana Nukala"
        ],
        "specialization": [
            "Dermatology"
        ],
        "location": [
            "Banjara Hills, Hyderabad"
        ],
        "phone": [
            "+91-40 6810 6585"
        ]
    },
    {
        "page": "81",
        "name": [
            "Dr. Bhavani Prasad Gudavalli"
        ],
        "specialization": [
            "Critical Care Medicine"
        ],
        "location": [
            "CARE Hospitals, Banjara Hills, Hyderabad",
            "Banjara Hills, Hyderabad"
        ],
        "phone": [
            "+91-40 6810 6585"
        ]
    },
    {
        "page": "82",
        "name": [
            "Dr. Bhuvaneswara Raju Basina"
        ],
        "specialization": [
            "Neurosurgery"
        ],
        "location": [
            "CARE Hospitals, Banjara Hills, Hyderabad",
            "Banjara Hills, Hyderabad"
        ],
        "phone": [
            "+91-40 6810 6585"
        ]
    },
    {
        "page": "83",
        "name": [
            "Dr. D.V. Srinivas"
        ],
        "specialization": [
            "Gastroenterology Medical"
        ],
        "location": [
            "CARE Hospitals, Banjara Hills, Hyderabad, CARE Hospitals Outpatient Centre, Banjara Hills, Hyderabad",
            "Banjara Hills, Hyderabad"
        ],
        "phone": [
            "+91-40 6810 6585"
        ]
    },
    {
        "page": "84",
        "name": [
            "Dr. Radhika Malireddy"
        ],
        "specialization": [
            "Vascular & Endovascular Surgery"
        ],
        "location": [
            "CARE Hospitals, Banjara Hills, Hyderabad, CARE Hospitals Outpatient Centre, Banjara Hills, Hyderabad",
            "Banjara Hills, Hyderabad"
        ],
        "phone": [
            "+91-40 6810 6585"
        ]
    },
    {
        "page": "85",
        "name": [
            "Dr. G Rama Subramanyam"
        ],
        "specialization": [
            "Cardiac Surgery"
        ],
        "location": [
            "CARE Hospitals, Banjara Hills, Hyderabad, CARE Hospitals Outpatient Centre, Banjara Hills, Hyderabad",
            "Banjara Hills, Hyderabad"
        ],
        "phone": [
            "+91-40 6810 6585"
        ]
    },
    {
        "page": "87",
        "name": [
            "Dr. Gandham Sneha"
        ],
        "specialization": [
            "General Medicine/Internal Medicine"
        ],
        "location": [
            "Banjara Hills, Hyderabad",
            "CARE Hospitals Outpatient Centre, Banjara Hills, Hyderabad"
        ],
        "phone": [
            "+91-40 6810 6585"
        ]
    },
    {
        "page": "88",
        "name": [
            "Dr. M. Hanumantha Reddy"
        ],
        "specialization": [
            "Cardiology"
        ],
        "location": [
            "Banjara Hills, Hyderabad",
            "CARE Hospitals Outpatient Centre, Banjara Hills, Hyderabad"
        ],
        "phone": [
            "+91-40 6810 6585"
        ]
    },
    {
        "page": "89",
        "name": [
            "Dr. Irene Faith Manoja"
        ],
        "specialization": [
            "Radiology"
        ],
        "location": [
            "Banjara Hills, Hyderabad"
        ],
        "phone": [
            "+91-40 6810 6585"
        ]
    },
    {
        "page": "90",
        "name": [
            "Dr. Kumbham Shiva Reddy"
        ],
        "specialization": [
            "Paediatrics"
        ],
        "location": [
            "CARE Hospitals, Banjara Hills, Hyderabad, CARE Hospitals Outpatient Centre, Banjara Hills, Hyderabad",
            "Banjara Hills, Hyderabad"
        ],
        "phone": [
            "+91-40 6810 6585"
        ]
    },
    {
        "page": "91",
        "name": [
            "Dr. M. A. Suboor Shaherose"
        ],
        "specialization": [
            "Medical Oncology"
        ],
        "location": [
            "CARE Hospitals Outpatient Centre, Banjara Hills, Hyderabad, CARE Hospitals, HITEC City, Hyderabad, CARE Hospitals, Malakpet, Hyderabad",
            "Banjara Hills, Hyderabad"
        ],
        "phone": [
            "+91-40 6810 6585"
        ]
    },
    {
        "page": "93",
        "name": [
            "Dr. Mohammed Ateequr Rahman"
        ],
        "specialization": [
            "Neurology"
        ],
        "location": [
            "Banjara Hills, Hyderabad",
            "CARE Hospitals Outpatient Centre, Banjara Hills, Hyderabad"
        ],
        "phone": [
            "+91-40 6810 6585"
        ]
    },
    {
        "page": "94",
        "name": [
            "Dr. Nishanth Vemana"
        ],
        "specialization": [
            "Psychiatry"
        ],
        "location": [
            "CARE Hospitals, Banjara Hills, Hyderabad, CARE Hospitals Outpatient Centre, Banjara Hills, Hyderabad",
            "Banjara Hills, Hyderabad"
        ],
        "phone": [
            "+91-40 6810 6585"
        ]
    },
    {
        "page": "95",
        "name": [
            "Dr. P L N Kapardhi"
        ],
        "specialization": [
            "Cardiology"
        ],
        "location": [
            "CARE Hospitals, Banjara Hills, Hyderabad, CARE Hospitals Outpatient Centre, Banjara Hills, Hyderabad",
            "Banjara Hills, Hyderabad"
        ],
        "phone": [
            "+91-40 6810 6585"
        ]
    },
    {
        "page": "96",
        "name": [
            "Dr. Praneeth Polamuri"
        ],
        "specialization": [
            "Cardiology"
        ],
        "location": [
            "CARE Hospitals, Banjara Hills, Hyderabad",
            "Banjara Hills, Hyderabad"
        ],
        "phone": [
            "+91-40 6810 6585"
        ]
    },
    {
        "page": "97",
        "name": [
            "Dr. Prashant Prakashrao Patil"
        ],
        "specialization": [
            "Paediatric Cardiology"
        ],
        "location": [
            "CARE Hospitals, Banjara Hills, Hyderabad, CARE Hospitals Outpatient Centre, Banjara Hills, Hyderabad, CARE Hospitals, HITEC City, Hyderabad, CARE Hospitals, Bhubaneswar",
            "Banjara Hills, Hyderabad"
        ],
        "phone": [
            "+91-40 6810 6585"
        ]
    },
    {
        "page": "98",
        "name": [
            "Dr. Ranjana Pankanti"
        ],
        "specialization": [
            "Lab Medicine"
        ],
        "location": [
            "Banjara Hills, Hyderabad",
            "CARE Hospitals Outpatient Centre, Banjara Hills, Hyderabad"
        ],
        "phone": [
            "+91-40 6810 6585"
        ]
    },
    {
        "page": "9",
        "name": [
            "Dr. Prashant Prakashrao Patil"
        ],
        "specialization": [
            "Paediatric Cardiology"
        ],
        "location": [
            "CARE Hospitals, Banjara Hills, Hyderabad, CARE Hospitals Outpatient Centre, Banjara Hills, Hyderabad, CARE Hospitals, HITEC City, Hyderabad, CARE Hospitals, Bhubaneswar",
            "Banjara Hills, Hyderabad"
        ],
        "phone": [
            "+91-40 6810 6585"
        ]
    },
    {
        "page": "86",
        "name": [
            "Dr. G.V.S.Prasad"
        ],
        "specialization": [
            "Ophthalmology"
        ],
        "location": [
            "Banjara Hills, Hyderabad",
            "CARE Hospitals Outpatient Centre, Banjara Hills, Hyderabad"
        ],
        "phone": [
            "+91-40 6810 6585"
        ]
    },
    {
        "page": "92",
        "name": [
            "Dr. M P V Suman"
        ],
        "specialization": [
            "Neurology"
        ],
        "location": [
            "Banjara Hills, Hyderabad",
            "CARE Hospitals Outpatient Centre, Banjara Hills, Hyderabad"
        ],
        "phone": [
            "+91-40 6810 6585"
        ]
    },
    {
        "page": "99",
        "name": [
            "Dr. Ratan Jha"
        ],
        "specialization": [
            "Nephrology"
        ],
        "location": [
            "Banjara Hills, Hyderabad",
            "CARE Hospitals Outpatient Centre, Banjara Hills, Hyderabad"
        ],
        "phone": [
            "+91-40 6810 6585"
        ]
    }
]