[
    {
        "page": "100",
        "name": [
            "Dr Matthew Wilson"
        ],
        "education_background": [
            "MBBS (Hons) FRANZCOG"
        ],
        "specialization": [
            "Advanced Operative Laparoscopy",
            "Obstetrics & Gynaecology",
            "O & G Ultrasound",
            "Advanced Endoscopic Surgery"
        ],
        "address": [
            "Suite 304 / 10 Norbrik Drive",
            "BELLA VISTA"
        ],
        "phone": [
            "(02) 8883 5143"
        ]
    },
    {
        "page": "10",
        "name": [
            "Dr Arthur Clements"
        ],
        "education_background": [
            "BSc (Med),  MBBS,  FRACP"
        ],
        "specialization": [
            "Medical Oncology"
        ],
        "address": [
            "WAHROONGA",
            "Level 2, 185 Fox Valley Road",
            "BELLA VISTA",
            "Suite G12, 9 Norbrik Drive"
        ],
        "phone": [
            "(02) 9056 1100",
            "(02) 8850 8100"
        ]
    },
    {
        "page": "101",
        "name": [
            "Dr Maylene Pineda"
        ],
        "education_background": [
            "MBBS, FRANZCOG, DDU, MPhil (Med) Usyd"
        ],
        "specialization": [
            "Obstetrics & Gynaecology"
        ],
        "address": [
            "PARRAMATTA",
            "Suite 4.03, Level 4, 17 Macquarie Street"
        ],
        "phone": [
            "(02) 7809 0947"
        ]
    },
    {
        "page": "104",
        "name": [
            "Dr Monika Mukerji"
        ],
        "education_background": [
            "MBBS(Hons) FRANZCOG"
        ],
        "specialization": [
            "Obstetrics & Gynaecology"
        ],
        "address": [
            "WAHROONGA",
            "Suite 116, 172 Fox Valley Road",
            "BELLA VISTA",
            "10 Norbrik Drive"
        ],
        "phone": [
            "1300 724 380"
        ]
    },
    {
        "page": "105",
        "name": [
            "A/Prof Muh Geot Wong"
        ],
        "education_background": [
            "MBBS, PhD, FRACP"
        ],
        "specialization": [
            "Nephrology"
        ],
        "address": [
            "CHATSWOOD",
            "Phone:"
        ],
        "phone": [
            "(02) 9411 6515"
        ]
    },
    {
        "page": "106",
        "name": [
            "Dr Navneet Gupta"
        ],
        "education_background": [
            "MBBS; FANCA"
        ],
        "specialization": [
            "Anaesthesia"
        ],
        "address": [
            "STRATHFIELD",
            "Phone:"
        ],
        "phone": []
    },
    {
        "page": "103",
        "name": [
            "Dr Michael Chan"
        ],
        "education_background": [
            "MBBS FRANZCR"
        ],
        "specialization": [
            "Clinical Radiology"
        ],
        "address": [
            "185 Fox Valley Road",
            "WAHROONGA"
        ],
        "phone": [
            "(02) 9480 9850"
        ]
    },
    {
        "page": "102",
        "name": [
            "Dr Michael Carroll"
        ],
        "education_background": [
            "MBBS (Hons UNSW), FAFRM (RACP), FFPMANZCA"
        ],
        "specialization": [
            "Rehabilitation Medicine",
            "Pain Medicine"
        ],
        "address": [
            "Suite 1, Level 3, 20-22 Macquarie Street",
            "PARRAMATTA",
            "Suite 206, 185 Fox Valley Road",
            "WAHROONGA",
            "Sydney Adventist Hospital, 185 Fox Valley Road"
        ],
        "phone": [
            "(02) 9687 9633",
            "(02) 9480 3460"
        ]
    },
    {
        "page": "107",
        "name": [
            "Dr Neda Varzeshi"
        ],
        "education_background": [
            "MD FRANZCR"
        ],
        "specialization": [
            "Clinical Radiology"
        ],
        "address": [
            "185 Fox Valley Road",
            "WAHROONGA"
        ],
        "phone": [
            "(02) 9480 9850"
        ]
    },
    {
        "page": "112",
        "name": [
            "A/Prof Nigel Hope"
        ],
        "education_background": [
            "MBBS, PhD, FRACS, FAOrthA"
        ],
        "specialization": [
            "Orthopaedic Surgery",
            "Hip Surgery",
            "Knee Surgery"
        ],
        "address": [
            "SYDNEY",
            "WAHROONGA",
            "Phone:",
            "Suite 601, 185 Fox Valley Road"
        ],
        "phone": [
            "02 9262 2088",
            "(02) 9473 8648"
        ]
    },
    {
        "page": "113",
        "name": [
            "Dr Oliver Florica"
        ],
        "education_background": [
            "MD FRACS"
        ],
        "specialization": [
            "Upper GI Robotic Surgery",
            "General Surgery",
            "Obesity Surgery"
        ],
        "address": [
            "WAHROONGA",
            "Suite G12, 172 Fox Valley Road"
        ],
        "phone": [
            "1800 95 96 95"
        ]
    },
    {
        "page": "12",
        "name": [
            "Dr Avigdor Saks"
        ],
        "education_background": [
            "MBChB FRANZCR"
        ],
        "specialization": [
            "Clinical Radiology"
        ],
        "address": [
            "185 Fox Valley Road",
            "WAHROONGA"
        ],
        "phone": [
            "(02) 9480 9826"
        ]
    },
    {
        "page": "108",
        "name": [
            "Dr Niell Boustred"
        ],
        "education_background": [
            "MB BCh, FCS(SA)ORL, FRACS"
        ],
        "specialization": [
            "ENT Surgery (Otolaryngology Head & Neck Surgery)"
        ],
        "address": [
            "Suite 12, 25-29 Hunter Street",
            "HORNSBY"
        ],
        "phone": [
            "(02) 9476 1919"
        ]
    },
    {
        "page": "13",
        "name": [
            "Dr Bala Indrajit"
        ],
        "education_background": [
            "MBBS(Hons) MRCS(Eng) FCSSL FRACS(Urol)"
        ],
        "specialization": [
            "Urology",
            "Urological Robotic Surgery"
        ],
        "address": [
            "DUBBO",
            "Dubbo Private Hospital, Suite 1 Level 2, Moran Dr",
            "145 Church Street",
            "PENDLE HILL",
            "172 Fox Valley Road",
            "MUDGEE",
            "WAHROONGA",
            "2-12 Civic Park Avenue"
        ],
        "phone": [
            "(02) 6881 6715",
            "(02) 9636 7696"
        ]
    },
    {
        "page": "111",
        "name": [
            "A/Prof Nicholas Ngui"
        ],
        "education_background": [
            "BSc (Med), MBBS (UNSW, Hons), FRACS"
        ],
        "specialization": [
            "Breast Surgery",
            "General Surgery"
        ],
        "address": [
            "WAHROONGA",
            "Suite 4, Level 4,  185 Fox Valley Road"
        ],
        "phone": [
            "(02) 7227 6363"
        ]
    },
    {
        "page": "11",
        "name": [
            "Dr Assad Zahid"
        ],
        "education_background": [
            "MBBS BSc(Med) MS MPhil FRACS"
        ],
        "specialization": [
            "Colorectal Surgery",
            "Colorectal Robotic Surgery",
            "Colonoscopy",
            "General Surgery"
        ],
        "address": [
            "185 Fox Valley Road",
            "WAHROONGA"
        ],
        "phone": [
            "(02) 4626 6654"
        ]
    },
    {
        "page": "133",
        "name": [
            "Dr Peter Wood"
        ],
        "education_background": [
            "MBBS FRANZCOG"
        ],
        "specialization": [
            "Advanced Operative Laparoscopy",
            "Obstetrics & Gynaecology",
            "Advanced Endoscopic Surgery"
        ],
        "address": [
            "WAHROONGA",
            "Suite 11, 176 Fox Valley Road"
        ],
        "phone": [
            "(02) 9487 2622"
        ]
    },
    {
        "page": "131",
        "name": [
            "Dr Upeksha De Silva"
        ],
        "education_background": [
            "BSc (Med), MBBS, FRACS (Vasc)"
        ],
        "specialization": [
            "Vascular Surgery"
        ],
        "address": [
            "Phone:",
            "HORNSBY"
        ],
        "phone": [
            "(02) 9477 6238"
        ]
    },
    {
        "page": "136",
        "name": [
            "Dr Philip Le Page"
        ],
        "education_background": [
            "MBBS, FRACS, ANZGOSA"
        ],
        "specialization": [
            "Gastroscopy",
            "Obesity Surgery",
            "Gastric & Oesophageal Surgery",
            "Hepatobiliary & Pancreatic Surgery",
            "General Surgery"
        ],
        "address": [
            "49 Frenchs Forest Road East",
            "185 Fox Valley Road",
            "WAHROONGA",
            "CONCORD WEST",
            "FRENCHS FOREST",
            "Hospital Road"
        ],
        "phone": [
            "(02) 9126 8963"
        ]
    },
    {
        "page": "137",
        "name": [
            "Dr Piotr Laniewski"
        ],
        "education_background": [
            "MBBS(UNSW) FRACS(Plast) FRACS(Gen Surg)"
        ],
        "specialization": [
            "Hand Surgery",
            "Plastic & Reconstructive Surgery"
        ],
        "address": [
            "ERINA",
            "Phone:",
            "BELLA VISTA",
            "4 Ilya Avenue"
        ],
        "phone": [
            "(02) 8824 8339",
            "(02) 4365 5500"
        ]
    },
    {
        "page": "130",
        "name": [
            "ClinA/Prof Paul Stewart"
        ],
        "education_background": [
            "MBBS (Hons), FFARACS, FANZCA"
        ],
        "specialization": [
            "Anaesthesia"
        ],
        "address": [
            "WAHROONGA",
            "Phone:"
        ],
        "phone": []
    },
    {
        "page": "14",
        "name": [
            "Dr Bill (Vasilis) Mouratidis"
        ],
        "education_background": [],
        "specialization": [
            "Nuclear Medicine (Physician)"
        ],
        "address": [],
        "phone": []
    },
    {
        "page": "149",
        "name": [
            "Dr Robin Choong"
        ],
        "education_background": [
            "MBBS, FRACP, FCICM"
        ],
        "specialization": [
            "Intensive Care Medicine"
        ],
        "address": [
            "Palmerston Road",
            "The Childrens Hospital, Hawkesbury Road",
            "WESTMEAD",
            "HORNSBY"
        ],
        "phone": [
            "(02) 9845 1995",
            "(02) 9485 6633"
        ]
    },
    {
        "page": "135",
        "name": [
            "Dr Philip Bergersen"
        ],
        "education_background": [
            "MBBS, FRACS"
        ],
        "specialization": [
            "Urology",
            "Urological Robotic Surgery"
        ],
        "address": [
            "CHATSWOOD",
            "Phone:",
            "25 - 29 Hunter Street",
            "HORNSBY"
        ],
        "phone": [
            "(02) 9413 4200"
        ]
    },
    {
        "page": "16",
        "name": [
            "Dr Brenda Cumarasingam"
        ],
        "education_background": [
            "MBBS, BSc, FRACP"
        ],
        "specialization": [
            "Nuclear Medicine (Physician)",
            "PET (Positron Emission Tomography)"
        ],
        "address": [
            "WAHROONGA",
            "San Clinic, Suite 306, 185 Fox Valley Road"
        ],
        "phone": [
            "(02) 9480 8750"
        ]
    },
    {
        "page": "148",
        "name": [
            "Dr Richard Wittal"
        ],
        "education_background": [
            "MB BS, FACD"
        ],
        "specialization": [
            "Dermatology"
        ],
        "address": [
            "LIVERPOOL",
            "Phone:",
            "DARLINGHURST",
            "Suite 7, Level 1, 45-47 Goulburn Street",
            "BEECROFT",
            "121 Crown Street"
        ],
        "phone": [
            "(02) 8738 4560",
            "(02) 9484 9244",
            "(02) 8833 3000"
        ]
    },
    {
        "page": "161",
        "name": [
            "Dr A Scott Newman"
        ],
        "education_background": [
            "MBBS (NSW), FRACS (Orth), FAOA"
        ],
        "specialization": [
            "Orthopaedic Surgery",
            "Foot & Ankle  Surgery"
        ],
        "address": [
            "185 Fox Valley Road",
            "WAHROONGA",
            "Phone:",
            "BELLA VISTA"
        ],
        "phone": [
            "(02) 8711 0120",
            "(02) 8711 0100"
        ]
    },
    {
        "page": "152",
        "name": [
            "Dr Samantha Herath"
        ],
        "education_background": [
            "MBBS MPhil FRACP"
        ],
        "specialization": [
            "Sleep Medicine",
            "Respiratory Medicine",
            "Bronchoscopy"
        ],
        "address": [
            "Suite 118, Level 1, 172 Fox Valley Road",
            "WAHROONGA"
        ],
        "phone": [
            "(02) 9487 8373"
        ]
    },
    {
        "page": "163",
        "name": [
            "Dr Shenaaz Mazid"
        ],
        "education_background": [
            "FRACP MBBS"
        ],
        "specialization": [
            "General Medicine",
            "Nephrology"
        ],
        "address": [
            "WAHROONGA",
            "Suite 212, San Clinic Tulloch, 185 Fox Valley Road"
        ],
        "phone": [
            "(02) 9480 6255"
        ]
    },
    {
        "page": "160",
        "name": [
            "Dr Sara Booth-Mason"
        ],
        "education_background": [
            "MBBS, MRCP(UK), FRCS, FRC Ophth (UK), FRANZCO"
        ],
        "specialization": [
            "Ophthalmology"
        ],
        "address": [
            "Lvl 2/ 741 Pacific Hwy",
            "GORDON"
        ],
        "phone": [
            "(02) 9418 1488"
        ]
    },
    {
        "page": "162",
        "name": [
            "Dr Shanu Gambhir"
        ],
        "education_background": [
            "MBChB, MS, FRACS (Neurosurgery - Brain and spine)"
        ],
        "specialization": [
            "Neurosurgery",
            "Spine Surgery"
        ],
        "address": [
            "Suite 210, Level 2, 172 Fox Valley Road",
            "BELLA VISTA",
            "NORTH SYDNEY",
            "Suite 6.05, 8 Elizabeth McCarthur Drive",
            "Suite 1.06, 3 - 9 Gillies Street",
            "WAHROONGA"
        ],
        "phone": [
            "(02) 9053 2700"
        ]
    },
    {
        "page": "165",
        "name": [
            "Dr Sonia Saxena"
        ],
        "education_background": [
            "MBBS(Hons) B.Pharm U.Syd"
        ],
        "specialization": [
            "Endocrinology"
        ],
        "address": [
            "WAHROONGA",
            "Suite 602, 185 Fox Valley Road"
        ],
        "phone": [
            "0423 173 747"
        ]
    },
    {
        "page": "164",
        "name": [
            "Dr Simon Rowe"
        ],
        "education_background": [
            "BA, BSc, MBBS"
        ],
        "specialization": [
            "Neurology"
        ],
        "address": [],
        "phone": []
    },
    {
        "page": "168",
        "name": [
            "Dr Sunita  Gurnasinghani"
        ],
        "education_background": [
            "MBBS, DCH, AMC, FRACP"
        ],
        "specialization": [
            "Paediatrics"
        ],
        "address": [
            "GLADESVILLE",
            "WAHROONGA",
            "146 Pittwater Road",
            "Suite 606, 185 Fox Valley Road"
        ],
        "phone": [
            "(02) 8018 6377",
            "(02) 9480 8660"
        ]
    },
    {
        "page": "167",
        "name": [
            "Dr Stephanie Hayes"
        ],
        "education_background": [
            "MBBS (Hons), FRACP, FRACPA, MMED (Clin Epi)"
        ],
        "specialization": [
            "Haematological Oncology",
            "Clinical Haematology"
        ],
        "address": [
            "Suite 402, 185 Fox Valley Road",
            "WAHROONGA",
            "Phone:",
            "LINDFIELD"
        ],
        "phone": [
            "(02) 8090 7507",
            "(02) 8072 6838"
        ]
    },
    {
        "page": "166",
        "name": [
            "Dr Sris Baskaranathan"
        ],
        "education_background": [
            "MBchB FRACS"
        ],
        "specialization": [
            "Urology",
            "Urological Robotic Surgery"
        ],
        "address": [
            "NORWEST",
            "Suite 506, 185 Fox Valley Road",
            "RICHMOND",
            "2-8 Brookhollow Avenue",
            "4 Columbia Court",
            "WAHROONGA",
            "BAULKHAM HILLS",
            "41 March Street"
        ],
        "phone": [
            "1300 138 226",
            "1300 227 527"
        ]
    },
    {
        "page": "170",
        "name": [
            "Dr Tania Hossack"
        ],
        "education_background": [
            "BSc(Hons) MBBS(Hon) MSc FRACS(Urol)"
        ],
        "specialization": [
            "Urology",
            "Urological Robotic Surgery"
        ],
        "address": [
            "Suite 104, Level 1, 2-8 Brookhollow Ave",
            "NORWEST"
        ],
        "phone": [
            "(02) 8960 6370"
        ]
    },
    {
        "page": "169",
        "name": [
            "Dr Susan Wan"
        ],
        "education_background": [
            "MBBS MMed(Clin Epi) FRACP PhD"
        ],
        "specialization": [
            "Nephrology"
        ],
        "address": [
            "ST LEONARDS",
            "North Shore Private Hospital, Westbourne Street"
        ],
        "phone": [
            "(02) 9463 1966"
        ]
    },
    {
        "page": "173",
        "name": [
            "A/Prof Vahid Mohabbati"
        ],
        "education_background": [
            "FAChPM, FFPMANZCA, FRACGP, MD"
        ],
        "specialization": [
            "Palliative Medicine",
            "Pain Medicine"
        ],
        "address": [
            "Campbelltown Private Hospital 42 Parkside Crescent",
            "PARRAMATTA",
            "CAMPBELLTOWN",
            "Level 3, 20-22 Macquarie Street",
            "Parkway San Clinic, 172 Fox Valley Road",
            "WAHROONGA"
        ],
        "phone": [
            "(02) 9687 9633"
        ]
    },
    {
        "page": "171",
        "name": [
            "Dr Thomas Theodorou"
        ],
        "education_background": [
            "MBBS (Uni NSW), FANZCA"
        ],
        "specialization": [
            "Anaesthesia"
        ],
        "address": [
            "CASTLE HILL",
            "Phone:"
        ],
        "phone": [
            "(02) 8850 2972"
        ]
    },
    {
        "page": "187",
        "name": [
            "Dr Abdul Haidary"
        ],
        "education_background": [
            "FAFRM (RACD)"
        ],
        "specialization": [
            "Rehabilitation Medicine"
        ],
        "address": [
            "434 Bobbin Head Road",
            "2 Technology Place",
            "Windsor Road",
            "MACQUARIE UNIVERSITY",
            "NORTH TURRAMURRA",
            "BAULKHAM HILLS"
        ],
        "phone": [
            "02 9812 3605",
            "(02) 9488 0257",
            "(02) 9639 3333"
        ]
    },
    {
        "page": "176",
        "name": [
            "Dr Vivian Yang"
        ],
        "education_background": [
            "FRANZCOG MBBS"
        ],
        "specialization": [
            "Gynaecology Robotic Surgery",
            "Transvaginal Mesh Surgery for Stress Incontinence",
            "Advanced Endoscopic Surgery",
            "Advanced Operative Laparoscopy",
            "Gynaecology"
        ],
        "address": [
            "CHATSWOOD",
            "EASTWOOD",
            "Phone:"
        ],
        "phone": [
            "(02) 9874 5543"
        ]
    },
    {
        "page": "17",
        "name": [
            "Dr Brian Hsu"
        ],
        "education_background": [],
        "specialization": [
            "Orthopaedic Surgery",
            "Paediatric Spine"
        ],
        "address": [
            "WESTMEAD",
            "Hainsworth Street"
        ],
        "phone": [
            "1300-975-800"
        ]
    },
    {
        "page": "28",
        "name": [
            "Dr Colin Tso"
        ],
        "education_background": [
            "MBBS, FRACP, PhD, FCSANZ"
        ],
        "specialization": [
            "Cardiology"
        ],
        "address": [
            "Suite G04, 3 Carlingford Road",
            "EPPING"
        ],
        "phone": [
            "(02) 9188 1520"
        ]
    },
    {
        "page": "24",
        "name": [
            "Dr Cecelia  De Gzell"
        ],
        "education_background": [
            "BMedSc(Syd), BMed(Newcastle), FRANZCR, PhD"
        ],
        "specialization": [
            "Radiation Oncology"
        ],
        "address": [
            "185 Fox Valley Road",
            "WAHROONGA",
            "Phone:",
            "CONCORD"
        ],
        "phone": [
            "(02) 9182 6008",
            "(02) 9480 4200"
        ]
    },
    {
        "page": "3",
        "name": [
            "Dr Alan Lam"
        ],
        "education_background": [
            "MBBS (Syd), FAFRM"
        ],
        "specialization": [
            "Rehabilitation Medicine"
        ],
        "address": [
            "NORTH TURRAMURRA",
            "434 Bobbin Head Road",
            "HORNSBY",
            "2 Manor Road"
        ],
        "phone": [
            "(02) 9488 0257",
            "(02) 9847 5016"
        ]
    },
    {
        "page": "31",
        "name": [
            "Dr David Kinchington"
        ],
        "education_background": [
            "MBBS FANZCA"
        ],
        "specialization": [
            "Anaesthesia"
        ],
        "address": [
            "100 Alexander Street",
            "CROWS NEST"
        ],
        "phone": [
            "0418 266 486"
        ]
    },
    {
        "page": "30",
        "name": [
            "Dr David Hale"
        ],
        "education_background": [
            "MB Bs (Syd) FRACS (Orth) FA.Orth.A"
        ],
        "specialization": [
            "Orthopaedic Surgery",
            "MAKO Surgery",
            "Hip Surgery",
            "Knee Surgery"
        ],
        "address": [
            "BLACKTOWN",
            "WAHROONGA",
            "Phone:",
            "Suite 601A, 185 Fox Valley Road"
        ],
        "phone": [
            "(02) 9480 8688",
            "(02) 9480 8686"
        ]
    },
    {
        "page": "4",
        "name": [
            "Dr Alan Samakeh"
        ],
        "education_background": [
            "BSc Hons (Syd), BDent Hons (Syd), MBBS (Syd), FRACDS(OMS)"
        ],
        "specialization": [
            "Oral & Maxillofacial Surgery"
        ],
        "address": [
            "WAHROONGA",
            "Suite 201, 38 Somerset Street",
            "KINGSWOOD",
            "Suite 220, Clark Tower, 185 Fox Valley Road"
        ],
        "phone": [
            "1300 494 979"
        ]
    },
    {
        "page": "29",
        "name": [
            "A/Prof Craig  Lynch"
        ],
        "education_background": [
            "MBChB MMedSci FRACS FCSSANZ FASCRS(int)"
        ],
        "specialization": [
            "Gastroscopy",
            "Colonoscopy",
            "Colorectal Surgery",
            "Colorectal Robotic Surgery",
            "General Surgery"
        ],
        "address": [
            "185 Fox Valley Road",
            "WAHROONGA"
        ],
        "phone": [
            "(02) 9480 6210"
        ]
    },
    {
        "page": "35",
        "name": [
            "Dr Edmund O'Leary"
        ],
        "education_background": [
            "BSc (Hons), MBBCh, MRCS (Eng), FRACS (Orth), FAOrthoA"
        ],
        "specialization": [
            "Orthopaedic Surgery",
            "Foot & Ankle  Surgery",
            "Knee Surgery",
            "Hip Surgery"
        ],
        "address": [
            "WAHROONGA",
            "172 Fox Valley Road"
        ],
        "phone": [
            "(02) 9099 4426"
        ]
    },
    {
        "page": "41",
        "name": [
            "Dr Eisen Liang"
        ],
        "education_background": [
            "MBBS (Hons1 NSW), FRCR, FRANZCR"
        ],
        "specialization": [
            "Interventional Radiology",
            "Clinical Radiology"
        ],
        "address": [
            "San Clinic, Suite 407, 185 Fox Valley Road",
            "WAHROONGA",
            "Phone:",
            "ST LEONARDS"
        ],
        "phone": [
            "(02) 9480 8728",
            "(02) 9520 5320"
        ]
    },
    {
        "page": "47",
        "name": [
            "Dr Erik La Hei"
        ],
        "education_background": [
            "MBBS (Syd Uni) FRACS Paediatric & General Surgery"
        ],
        "specialization": [
            "Paediatric Urology",
            "Paediatric Surgery"
        ],
        "address": [
            "WAHROONGA",
            "172 Fox Valley Road"
        ],
        "phone": [
            "1300 857 845"
        ]
    },
    {
        "page": "40",
        "name": [
            "Dr Edwin Szeto"
        ],
        "education_background": [
            "BSc(Med)(Hons) MBBS FRACP"
        ],
        "specialization": [
            "Nuclear Medicine (Physician)",
            "PET (Positron Emission Tomography)"
        ],
        "address": [
            "185 Fox Valley Road",
            "WAHROONGA"
        ],
        "phone": [
            "(02) 9480 9850"
        ]
    },
    {
        "page": "58",
        "name": [
            "Dr Grahame Smith"
        ],
        "education_background": [
            "MB BS (Hons), FRACS (Urology, Paeds)"
        ],
        "specialization": [
            "Paediatric Urology"
        ],
        "address": [
            "Suite 406, 185 Fox Valley Road",
            "WESTMEAD",
            "The Children's Hospital",
            "Cnr Mons And Darcy Roads",
            "WAHROONGA"
        ],
        "phone": [
            "(02) 9845 3349",
            "(02) 9052 7586"
        ]
    },
    {
        "page": "6",
        "name": [
            "Dr Allan Molloy"
        ],
        "education_background": [
            "MBBS, BSc (Hons), FFARCS, FANZCA, FFPMANZCA, FAChPM(RACP)"
        ],
        "specialization": [
            "Anaesthesia"
        ],
        "address": [
            "Suite 3, 100 Alexander Street",
            "CROWS NEST"
        ],
        "phone": [
            "(02) 8436-7600"
        ]
    },
    {
        "page": "5",
        "name": [
            "Dr Ali Gursel"
        ],
        "education_background": [
            "MB BS ( Hons UNSW), FRACS, FAOrthoA"
        ],
        "specialization": [
            "Orthopaedic Surgery",
            "MAKO Surgery",
            "Hip Surgery",
            "Knee Surgery"
        ],
        "address": [
            "WAHROONGA",
            "BAULKHAM HILLS",
            "Suite 601B, 185 Fox Valley Road",
            "11 Norbrik Drive"
        ],
        "phone": [
            "(02) 9806 3333"
        ]
    },
    {
        "page": "59",
        "name": [
            "Dr Hansoo Lee"
        ],
        "education_background": [
            "BSc (Med), MBBS, MS (Vasc), FRACS (Vasc)"
        ],
        "specialization": [
            "Vascular Surgery"
        ],
        "address": [
            "BELLA VISTA",
            "BLACKTOWN",
            "Phone:",
            "Suite G10, Norbrik Drive",
            "HORNSBY"
        ],
        "phone": [
            "(02) 8822 7333",
            "(02) 8622 1455",
            "(02) 9477 6238"
        ]
    },
    {
        "page": "66",
        "name": [
            "Dr Ian Edmunds"
        ],
        "education_background": [
            "MBBS, FRACS(Orth), FAOrthA"
        ],
        "specialization": [
            "Orthopaedic Surgery",
            "Hand Surgery"
        ],
        "address": [
            "Suite 2, 49 Palmerston Road",
            "HORNSBY"
        ],
        "phone": [
            "(02) 9482 5511"
        ]
    },
    {
        "page": "64",
        "name": [
            "Dr Ho-Ning Wu"
        ],
        "education_background": [
            "MBBS, FRACP, FAChPM, G Dip (Med)"
        ],
        "specialization": [
            "Palliative Medicine"
        ],
        "address": [
            "WAHROONGA",
            "Suite 214, Parkway San Clinic, 172 Fox Valley Road"
        ],
        "phone": [
            "(02) 9687 9633"
        ]
    },
    {
        "page": "63",
        "name": [],
        "education_background": [],
        "specialization": [],
        "address": [],
        "phone": []
    },
    {
        "page": "68",
        "name": [
            "Dr Ian Sweeney"
        ],
        "education_background": [
            "BDS (Hons), MDSc, GRAD DIP CLIN DENT (Sedation&Pain control), FRACDS"
        ],
        "specialization": [
            "Dentist"
        ],
        "address": [
            "TURRAMURRA",
            "Phone:",
            "HORNSBY"
        ],
        "phone": [
            "(02) 9440 7087"
        ]
    },
    {
        "page": "69",
        "name": [
            "Dr Imogen Patterson"
        ],
        "education_background": [
            "BSc, MBBS, FRACS (Urology)"
        ],
        "specialization": [
            "Urology"
        ],
        "address": [
            "WAHROONGA",
            "Suite 506, 185 Fox Valley Road"
        ],
        "phone": [
            "02 9055 5406"
        ]
    },
    {
        "page": "67",
        "name": [
            "Dr Ian Nicholson"
        ],
        "education_background": [
            "MB BS (Syd), FRACS"
        ],
        "specialization": [
            "Cardiothoracic Surgery"
        ],
        "address": [
            "WAHROONGA",
            "Suite 7, Level 1, Hainsworth Street",
            "WESTMEAD",
            "Suite 602, 185 Fox Valley Road"
        ],
        "phone": [
            "(02) 9635 5325"
        ]
    },
    {
        "page": "65",
        "name": [
            "Dr Hunter Wang"
        ],
        "education_background": [
            "MBBS, BCOM, FRACP"
        ],
        "specialization": [
            "Gastroscopy",
            "Colonoscopy",
            "Gastroenterology & Hepatology",
            "EUS (Endoscopic Ultrasound)",
            "ERCP (Endoscopic Retrograde Cholangiopancreatography)"
        ],
        "address": [
            "185 Fox Valley Road",
            "WAHROONGA"
        ],
        "phone": [
            "1800 592 233"
        ]
    },
    {
        "page": "75",
        "name": [
            "Dr Jagdev Singh"
        ],
        "education_background": [
            "MBBS, FRACP"
        ],
        "specialization": [
            "Paediatric Respiratory & Sleep Medicine"
        ],
        "address": [
            "24 Mons Road",
            "WESTMEAD"
        ],
        "phone": [
            "133 482"
        ]
    },
    {
        "page": "77",
        "name": [
            "Dr Jennifer Law"
        ],
        "education_background": [
            "BSc(Med) MBBS (Hons) FRACP"
        ],
        "specialization": [
            "Cardiology",
            "Echocardiology"
        ],
        "address": [
            "MONA VALE",
            "105 Frenchs Forest Road",
            "185 Fox Valley Road",
            "Phone:",
            "WAHROONGA",
            "DEE WHY",
            "22 Fisher Road",
            "FRENCHS FOREST"
        ],
        "phone": [
            "(02) 8598 3070",
            "(02) 9979 6962",
            "(02) 8598 3079",
            "(02) 9982 8300"
        ]
    },
    {
        "page": "7",
        "name": [
            "Dr Andrew Hooton"
        ],
        "education_background": [
            "MBChB, FANZCA"
        ],
        "specialization": [
            "Anaesthesia"
        ],
        "address": [
            "Suite 3, 100 Alexander Street",
            "CROWS NEST"
        ],
        "phone": [
            "(02) 8436-7666"
        ]
    },
    {
        "page": "78",
        "name": [
            "Prof John Boyages"
        ],
        "education_background": [
            "MBBS (Hons) FRANZCR PhD"
        ],
        "specialization": [
            "Radiation Oncology"
        ],
        "address": [
            "REVESBY",
            "WEST GOSFORD",
            "1-3 Macarthur Avenue",
            "Level 2 Clark Tower, 185 Fox Valley Road",
            "41 William Street",
            "WAHROONGA"
        ],
        "phone": [
            "(02) 4349 8000",
            "(02) 8722 2800",
            "(02) 9480 4200"
        ]
    },
    {
        "page": "76",
        "name": [
            "A/Prof James Sullivan"
        ],
        "education_background": [
            "MHEd, MBBS (Hons), FRACS, FAOrthA"
        ],
        "specialization": [
            "Orthopaedic Surgery",
            "MAKO Surgery",
            "Knee Surgery",
            "Hip Surgery"
        ],
        "address": [
            "WAHROONGA",
            "BELLA VISTA",
            "Suite 601B, 185 Fox Valley Road",
            "11 Norbrik Drive"
        ],
        "phone": [
            "(02) 9806 3333"
        ]
    },
    {
        "page": "80",
        "name": [
            "Dr John Kippen"
        ],
        "education_background": [
            "BSc, MBBCh, FRACS(Plast)"
        ],
        "specialization": [
            "Plastic & Reconstructive Surgery"
        ],
        "address": [
            "Phone:",
            "MONA VALE"
        ],
        "phone": [
            "(02) 9997 3866"
        ]
    },
    {
        "page": "8",
        "name": [
            "Dr Andrew Peng"
        ],
        "education_background": [
            "MBBS , FRANZCOG"
        ],
        "specialization": [
            "Advanced Operative Laparoscopy",
            "Obstetrics & Gynaecology",
            "Advanced Endoscopic Surgery"
        ],
        "address": [
            "MONA VALE",
            "Phone:",
            "SYDNEY",
            "WAHROONGA",
            "Suite 605, 185 Fox Valley Road"
        ],
        "phone": [
            "0457 666 088"
        ]
    },
    {
        "page": "79",
        "name": [
            "Dr John Keogh"
        ],
        "education_background": [
            "MBBS (Hons), Dip Paed, FRCOG, FRANZCOG"
        ],
        "specialization": [
            "Advanced Operative Laparoscopy",
            "Obstetrics & Gynaecology",
            "Advanced Endoscopic Surgery",
            "Infertility"
        ],
        "address": [
            "WAHROONGA",
            "Suite 304, 185 Fox Valley Road"
        ],
        "phone": [
            "(02) 9480 8747"
        ]
    },
    {
        "page": "82",
        "name": [
            "Dr John Pedersen"
        ],
        "education_background": [
            "B.M.B.S FRANZCR"
        ],
        "specialization": [
            "Clinical Radiology"
        ],
        "address": [
            "185 Fox Valley Road",
            "WAHROONGA"
        ],
        "phone": [
            "(02) 9480 9850"
        ]
    },
    {
        "page": "81",
        "name": [
            "Dr John Parratt"
        ],
        "education_background": [
            "MBChB MD FRACP"
        ],
        "specialization": [
            "Neurology"
        ],
        "address": [
            "ST LEONARDS",
            "Suite 405, 480 Pacific Highway"
        ],
        "phone": [
            "(02) 8021 8001"
        ]
    },
    {
        "page": "85",
        "name": [
            "Dr Kavita Enjeti"
        ],
        "education_background": [
            "BSc, MBBS (Hons I), FACD"
        ],
        "specialization": [
            "Dermatology"
        ],
        "address": [
            "185 Fox Valley Road",
            "WAHROONGA"
        ],
        "phone": [
            "(02) 9489 9272"
        ]
    },
    {
        "page": "84",
        "name": [
            "Dr Katherine Benson"
        ],
        "education_background": [
            "MBBS (Hons), FRACP"
        ],
        "specialization": [
            "Endocrinology"
        ],
        "address": [
            "WAHROONGA",
            "Suite 209, 172 Fox Valley Road"
        ],
        "phone": [
            "(02) 9487 2626"
        ]
    },
    {
        "page": "83",
        "name": [
            "Dr Jun Nagamori"
        ],
        "education_background": [
            "MB BS, FRACS"
        ],
        "specialization": [
            "Orthopaedic Surgery",
            "MAKO Surgery",
            "Knee Surgery"
        ],
        "address": [
            "Suite 601B, 185 Fox Valley Rd",
            "Ground Floor Suite G18, 11 Norbrik Drive",
            "63 Sorrell Street",
            "BELLA VISTA",
            "NORTH PARRAMATTA",
            "WAHROONGA"
        ],
        "phone": [
            "(02) 9806 3333"
        ]
    },
    {
        "page": "88",
        "name": [
            "Dr Kris (Krzysztof) Urbaniak"
        ],
        "education_background": [
            "MD, FRANZCOG, DDU"
        ],
        "specialization": [
            "Advanced Operative Laparoscopy",
            "Obstetrics & Gynaecology",
            "Advanced Endoscopic Surgery"
        ],
        "address": [
            "WAHROONGA",
            "Suite 104, 172 Fox Valley Road"
        ],
        "phone": [
            "(02) 9054 9071"
        ]
    },
    {
        "page": "87",
        "name": [
            "Dr Kong Chung"
        ],
        "education_background": [
            "MBBCh  FRACP"
        ],
        "specialization": [
            "Neurology"
        ],
        "address": [
            "Phone:",
            "HORNSBY"
        ],
        "phone": [
            "(02) 9477 1672"
        ]
    },
    {
        "page": "94",
        "name": [
            "Dr Madhu Fernando"
        ],
        "education_background": [
            "MBBS, MD, MRCOG, FRANZCOG"
        ],
        "specialization": [
            "Obstetrics & Gynaecology"
        ],
        "address": [
            "Suite 115, 172 Fox Valley Road",
            "WAHROONGA"
        ],
        "phone": [
            "(02) 8456 4363"
        ]
    },
    {
        "page": "86",
        "name": [
            "Dr Kenneth Faulder"
        ],
        "education_background": [
            "MBBS, FRANZCR"
        ],
        "specialization": [
            "Interventional Neuroradiology"
        ],
        "address": [
            "Suite 201, Level 2, 2 Technology Place",
            "ST LEONARDS",
            "Phone:",
            "WESTMEAD",
            "Suite A.312 Level 3 7 Westbourne Street",
            "MACQUARIE UNIVERSITY"
        ],
        "phone": [
            "(02) 8580 5208",
            "1300 553 339"
        ]
    },
    {
        "page": "90",
        "name": [
            "Dr Linda Atkins"
        ],
        "education_background": [
            "MBBS (hons) FRANZCOG, DDU"
        ],
        "specialization": [
            "O & G Ultrasound"
        ],
        "address": [
            "185 Fox Valley Road",
            "WAHROONGA",
            "NEWTOWN",
            "412/100 Carillon Street"
        ],
        "phone": [
            "(02) 9480 9800",
            "(02) 9519 0999"
        ]
    },
    {
        "page": "95",
        "name": [
            "Dr Malcolm Ogborne"
        ],
        "education_background": [
            "MB BS, FRACP"
        ],
        "specialization": [
            "Sleep Medicine",
            "Respiratory Medicine",
            "Bronchoscopy"
        ],
        "address": [
            "Phone:",
            "HORNSBY"
        ],
        "phone": [
            "02 7200 7204"
        ]
    },
    {
        "page": "96",
        "name": [
            "Dr Marcus Chia"
        ],
        "education_background": [
            "MBBS (Hons) FRACS (Orth) BAppSc (Physio)"
        ],
        "specialization": [
            "Orthopaedic Surgery",
            "Shoulder & Elbow Surgery"
        ],
        "address": [
            "CREMORNE",
            "MONA VALE",
            "Phone:",
            "Lakeview Private Hospital, 17-19 Solent Circuit",
            "WAHROONGA",
            "Northern Beaches Hospital, 105 Frenchs Forest Road",
            "FRENCHS FOREST",
            "NORWEST",
            "Suite 403, The San Clinic, 185 Fox Valley Road"
        ],
        "phone": [
            "(02) 8072 0595",
            "(02) 8014 4252"
        ]
    },
    {
        "page": "99",
        "name": [
            "Dr Matthew Sherlock"
        ],
        "education_background": [
            "MBBS Sydney University, FRACS"
        ],
        "specialization": [
            "Orthopaedic Surgery",
            "Shoulder & Elbow Surgery"
        ],
        "address": [
            "Sydney Academy Of Sport, Wakehurst Parkway",
            "WOLLSTONECRAFT",
            "NARRABEEN",
            "Mater Clinic, Suite G02, 3-9 Gillies Rd"
        ],
        "phone": [
            "(02) 8403 8022"
        ]
    }
]