[
    {
        "page": "0",
        "name": [
            "Carlo B. Bifulco, MD"
        ],
        "specialization": [
            "Hematologic Pathology",
            "Clinical and Laboratory Pathology",
            "Anatomic Pathology"
        ],
        "language": [],
        "address": [
            "810 12th Street, P.O. Box 149, Hood River, OR 97031"
        ],
        "phone": []
    },
    {
        "page": "100",
        "name": [
            "Jason R. Wollmuth, MD"
        ],
        "specialization": [
            "Interventional Cardiology"
        ],
        "language": [
            ""
        ],
        "address": [],
        "phone": [
            "(503) 962-1000"
        ]
    },
    {
        "page": "101",
        "name": [
            "Ramakrishnan Ranganath, MD"
        ],
        "specialization": [
            "Interventional Cardiology"
        ],
        "language": [
            "English"
        ],
        "address": [],
        "phone": [
            "(806) 744-7223"
        ]
    },
    {
        "page": "103",
        "name": [
            "Evelyn M. Brosnan, MD"
        ],
        "specialization": [
            "Medical Oncology",
            "Hematology Oncology",
            "Internal Medicine"
        ],
        "language": [
            ""
        ],
        "address": [],
        "phone": [
            "(503) 215-5696"
        ]
    },
    {
        "page": "102",
        "name": [
            "Przemyslaw W. Twardowski, MD"
        ],
        "specialization": [
            "Medical Oncology"
        ],
        "language": [
            ""
        ],
        "address": [],
        "phone": [
            "(310) 829-8317"
        ]
    },
    {
        "page": "104",
        "name": [
            "Natasha C. Edwin, MD"
        ],
        "specialization": [
            "Medical Oncology",
            "Hematology Oncology"
        ],
        "language": [
            "English"
        ],
        "address": [],
        "phone": [
            "(503) 216-6300"
        ]
    },
    {
        "page": "106",
        "name": [
            "Vik M. Dabhi, MD, PhD"
        ],
        "specialization": [
            "Medical Oncology"
        ],
        "language": [
            ""
        ],
        "address": [],
        "phone": [
            "(888) 472-2633"
        ]
    },
    {
        "page": "107",
        "name": [
            "Andrzej R. Maciejewski, MD"
        ],
        "specialization": [
            "Nephrology"
        ],
        "language": [],
        "address": [],
        "phone": [
            "(907) 222-1714"
        ]
    },
    {
        "page": "108",
        "name": [
            "Jerusha E. Latteri, ARNP"
        ],
        "specialization": [
            "Nephrology"
        ],
        "language": [],
        "address": [],
        "phone": [
            "(509) 942-3163"
        ]
    },
    {
        "page": "105",
        "name": [
            "Regan M. Duffy, MD, MPH"
        ],
        "specialization": [
            "Medical Oncology"
        ],
        "language": [
            ""
        ],
        "address": [],
        "phone": [
            "(503) 216-6300"
        ]
    },
    {
        "page": "109",
        "name": [
            "Johnson L. Moon, MD"
        ],
        "specialization": [
            "Neurology",
            "Clinical Neurophysiology"
        ],
        "language": [
            ""
        ],
        "address": [],
        "phone": [
            "(714) 879-7200"
        ]
    },
    {
        "page": "110",
        "name": [
            "Thomas W. Ela, MD"
        ],
        "specialization": [
            "Neuromuscular Medicine",
            "Neurology",
            "Clinical Neurophysiology"
        ],
        "language": [
            ""
        ],
        "address": [],
        "phone": [
            "(714) 780-9770"
        ]
    },
    {
        "page": "111",
        "name": [
            "Tracy Bazan, MD"
        ],
        "specialization": [
            "Neuromuscular Medicine",
            "Neurology"
        ],
        "language": [
            ""
        ],
        "address": [],
        "phone": [
            "(503) 215-8580"
        ]
    },
    {
        "page": "112",
        "name": [
            "Danielle M. Wald Baker, PsyD"
        ],
        "specialization": [
            "Neurology",
            "Psychology",
            "Neuropsychology"
        ],
        "language": [
            "English"
        ],
        "address": [],
        "phone": [
            "(509) 474-6650"
        ]
    },
    {
        "page": "113",
        "name": [
            "Silvia P. Russo, MD"
        ],
        "specialization": [
            "Neurology"
        ],
        "language": [
            "English"
        ],
        "address": [],
        "phone": [
            "(509) 474-5725"
        ]
    },
    {
        "page": "114",
        "name": [
            "Callum H. MacKintosh, PA-C"
        ],
        "specialization": [
            "Neurosurgery"
        ],
        "language": [],
        "address": [],
        "phone": [
            "(503) 935-8501"
        ]
    },
    {
        "page": "115",
        "name": [
            "Soohan Bong, PA-C"
        ],
        "specialization": [
            "Neurosurgery"
        ],
        "language": [],
        "address": [],
        "phone": [
            "(503) 935-8501"
        ]
    },
    {
        "page": "116",
        "name": [
            "Benjamin C. Ling, MD"
        ],
        "specialization": [
            "Neurosurgery",
            "Pediatric Neurosurgery"
        ],
        "language": [],
        "address": [],
        "phone": [
            "(509) 624-9112"
        ]
    },
    {
        "page": "117",
        "name": [
            "Ashok Modha, MD"
        ],
        "specialization": [
            "Neurosurgery"
        ],
        "language": [],
        "address": [],
        "phone": [
            "(360) 256-8584"
        ]
    },
    {
        "page": "118",
        "name": [
            "Deepak K. Stokes, MD"
        ],
        "specialization": [
            "Obstetrics and Gynecology"
        ],
        "language": [
            ""
        ],
        "address": [],
        "phone": [
            "(707) 445-3443"
        ]
    },
    {
        "page": "119",
        "name": [
            "Leon J. Baginski, MD"
        ],
        "specialization": [
            "Obstetrics and Gynecology"
        ],
        "language": [
            ""
        ],
        "address": [],
        "phone": [
            "(949) 276-6266"
        ]
    },
    {
        "page": "11",
        "name": [
            "Douglas E. Griffith, ARNP"
        ],
        "specialization": [
            "Cardiology",
            "Electrophysiology"
        ],
        "language": [
            "English"
        ],
        "address": [],
        "phone": [
            "(509) 942-3272"
        ]
    },
    {
        "page": "10",
        "name": [
            "April L. Valdez, ARNP"
        ],
        "specialization": [
            "Cardiology"
        ],
        "language": [],
        "address": [],
        "phone": [
            "(509) 942-3272"
        ]
    },
    {
        "page": "12",
        "name": [
            "Brian A. Palafox, MD"
        ],
        "specialization": [
            "Cardiothoracic Surgery"
        ],
        "language": [
            ""
        ],
        "address": [],
        "phone": [
            "(714) 997-2224"
        ]
    },
    {
        "page": "121",
        "name": [
            "Megan M. Petersen, MD"
        ],
        "specialization": [
            "Obstetrics and Gynecology",
            "Gynecologic Medical Oncology"
        ],
        "language": [],
        "address": [],
        "phone": [
            "(406) 238-2500"
        ]
    },
    {
        "page": "122",
        "name": [
            "Kendra M. Bloomfield, MD"
        ],
        "specialization": [
            "Obstetrics and Gynecology"
        ],
        "language": [
            "English"
        ],
        "address": [],
        "phone": [
            "(541) 732-7460"
        ]
    },
    {
        "page": "120",
        "name": [
            "Tiffany U. Tran, MD"
        ],
        "specialization": [
            "Obstetrics and Gynecology"
        ],
        "language": [
            "English and Vietnamese"
        ],
        "address": [],
        "phone": [
            "(949) 347-6777"
        ]
    },
    {
        "page": "125",
        "name": [
            "Noelle Zavala, MD"
        ],
        "specialization": [
            "Obstetrics and Gynecology"
        ],
        "language": [
            "English"
        ],
        "address": [],
        "phone": [
            "(806) 725-7530"
        ]
    },
    {
        "page": "126",
        "name": [
            "Adaobi Okonkwor, MD"
        ],
        "specialization": [
            "Obstetrics and Gynecology"
        ],
        "language": [
            ""
        ],
        "address": [],
        "phone": [
            "(806) 293-5113"
        ]
    },
    {
        "page": "127",
        "name": [
            "Cady L. Laws, ARNP"
        ],
        "specialization": [
            "Obstetrics and Gynecology"
        ],
        "language": [
            "English"
        ],
        "address": [],
        "phone": [
            "(509) 942-2555"
        ]
    },
    {
        "page": "1",
        "name": [
            "Louise N. Bacon, MD"
        ],
        "specialization": [
            "General Surgery",
            "Bariatric Surgery"
        ],
        "language": [
            "English"
        ],
        "address": [],
        "phone": [
            "(949) 364-1007"
        ]
    },
    {
        "page": "128",
        "name": [
            "Kenton L. Sizemore, MD"
        ],
        "specialization": [
            "Obstetrics and Gynecology"
        ],
        "language": [
            "English"
        ],
        "address": [],
        "phone": [
            "(509) 942-2555"
        ]
    },
    {
        "page": "129",
        "name": [
            "Marie L. Harris, ARNP"
        ],
        "specialization": [
            "Obstetrics and Gynecology"
        ],
        "language": [
            "English"
        ],
        "address": [],
        "phone": [
            "(509) 942-2555"
        ]
    },
    {
        "page": "130",
        "name": [
            "Mark E. Mulholland, MD"
        ],
        "specialization": [
            "Obstetrics and Gynecology"
        ],
        "language": [
            "English"
        ],
        "address": [],
        "phone": [
            "(509) 942-2555"
        ]
    },
    {
        "page": "124",
        "name": [
            "David W. Blann, MD"
        ],
        "specialization": [
            "Obstetrics and Gynecology"
        ],
        "language": [
            ""
        ],
        "address": [],
        "phone": [
            "(806) 725-6963"
        ]
    },
    {
        "page": "123",
        "name": [
            "Amanda Hatton, MD"
        ],
        "specialization": [
            "Obstetrics and Gynecology"
        ],
        "language": [
            "English"
        ],
        "address": [],
        "phone": [
            "(806) 725-6430"
        ]
    },
    {
        "page": "131",
        "name": [
            "Dominique K. Grant, MD"
        ],
        "specialization": [
            "Obstetrics and Gynecology"
        ],
        "language": [],
        "address": [],
        "phone": [
            "(509) 838-4211"
        ]
    },
    {
        "page": "134",
        "name": [
            "Daniel P. DeBottis, MD"
        ],
        "specialization": [
            "Orthopedic Surgery"
        ],
        "language": [
            "English"
        ],
        "address": [],
        "phone": [
            "(714) 634-4567"
        ]
    },
    {
        "page": "133",
        "name": [
            "Armando A. Gama, DDS"
        ],
        "specialization": [
            "Oral and Maxillofacial Surgery"
        ],
        "language": [],
        "address": [],
        "phone": [
            "(406) 728-6840"
        ]
    },
    {
        "page": "132",
        "name": [
            "Michael L. Giese, OD, FAAO"
        ],
        "specialization": [
            "Optometry"
        ],
        "language": [
            "English"
        ],
        "address": [],
        "phone": [
            "(888) 472-2633"
        ]
    },
    {
        "page": "135",
        "name": [
            "S. S. Bederman, MD, PhD"
        ],
        "specialization": [
            "Spine Surgery",
            "Orthopedic Surgery"
        ],
        "language": [
            ""
        ],
        "address": [],
        "phone": [
            "(714) 598-1745"
        ]
    },
    {
        "page": "138",
        "name": [
            "Chad J. Marion, MD"
        ],
        "specialization": [
            "Orthopedic Surgery"
        ],
        "language": [
            ""
        ],
        "address": [],
        "phone": [
            "(888) 472-2633"
        ]
    },
    {
        "page": "136",
        "name": [
            "Marc R. Davidson, MD"
        ],
        "specialization": [
            "Orthopedic Surgery"
        ],
        "language": [],
        "address": [],
        "phone": [
            "(503) 661-5388"
        ]
    },
    {
        "page": "137",
        "name": [
            "Gavin J. Button, MD"
        ],
        "specialization": [
            "Spine Surgery",
            "Orthopedic Surgery"
        ],
        "language": [
            "English and Spanish"
        ],
        "address": [],
        "phone": [
            "(503) 234-9861"
        ]
    },
    {
        "page": "139",
        "name": [
            "Marianne E. Wilkins, PAC"
        ],
        "specialization": [
            "Orthopedic Surgery"
        ],
        "language": [
            "English"
        ],
        "address": [],
        "phone": [
            "(888) 472-2633"
        ]
    },
    {
        "page": "141",
        "name": [
            "Constantine (Gus) W. Palaskas, MD"
        ],
        "specialization": [
            "Otolaryngology",
            "Otology",
            "Neurotology"
        ],
        "language": [
            "English"
        ],
        "address": [],
        "phone": [
            "(888) 472-2633"
        ]
    },
    {
        "page": "140",
        "name": [
            "Thomas A. Lamperti, MD"
        ],
        "specialization": [
            "Otolaryngology"
        ],
        "language": [
            ""
        ],
        "address": [],
        "phone": [
            "(888) 472-2633"
        ]
    },
    {
        "page": "143",
        "name": [
            "Kenneth E. Grant, MD"
        ],
        "specialization": [
            "Pediatric Gastroenterology"
        ],
        "language": [],
        "address": [],
        "phone": [
            "(888) 770-2462"
        ]
    },
    {
        "page": "142",
        "name": [
            "Jeffrey H. Ho, DO"
        ],
        "specialization": [
            "Pediatric Gastroenterology"
        ],
        "language": [],
        "address": [],
        "phone": [
            "(888) 770-2462"
        ]
    },
    {
        "page": "144",
        "name": [
            "Monica M. Zherebtsov, MD"
        ],
        "specialization": [
            "Pediatric Gastroenterology"
        ],
        "language": [
            ""
        ],
        "address": [],
        "phone": [
            "(509) 474-5437"
        ]
    },
    {
        "page": "145",
        "name": [
            "Sarah J. Hill, MD"
        ],
        "specialization": [
            "Pediatric General Surgery"
        ],
        "language": [
            "English"
        ],
        "address": [],
        "phone": [
            "(509) 474-5445"
        ]
    },
    {
        "page": "146",
        "name": [
            "Cale A. Franklin, MD"
        ],
        "specialization": [
            "Pediatrics"
        ],
        "language": [
            ""
        ],
        "address": [],
        "phone": [
            "(323) 293-7171"
        ]
    },
    {
        "page": "147",
        "name": [
            "Hannah N. Kim, MD"
        ],
        "specialization": [
            "Pediatrics"
        ],
        "language": [
            "English and Korean"
        ],
        "address": [],
        "phone": [
            "(310) 406-2349"
        ]
    },
    {
        "page": "148",
        "name": [
            "Genesa R. Wagoner, MD"
        ],
        "specialization": [
            "Pediatrics"
        ],
        "language": [
            ""
        ],
        "address": [],
        "phone": [
            "(310) 548-9118"
        ]
    },
    {
        "page": "149",
        "name": [
            "M. Andrew Bressler, DO"
        ],
        "specialization": [
            "Pediatrics"
        ],
        "language": [
            "English and Russian"
        ],
        "address": [],
        "phone": [
            "(541) 732-8370"
        ]
    },
    {
        "page": "150",
        "name": [
            "Elisabeth P. Ware, MD"
        ],
        "specialization": [
            "Internal Medicine",
            "Pediatrics"
        ],
        "language": [
            "English"
        ],
        "address": [],
        "phone": [
            "(206) 517-6700"
        ]
    },
    {
        "page": "151",
        "name": [
            "Elisabeth P. Ware, MD"
        ],
        "specialization": [
            "Internal Medicine",
            "Pediatrics"
        ],
        "language": [
            "English"
        ],
        "address": [],
        "phone": [
            "(206) 517-6700"
        ]
    },
    {
        "page": "152",
        "name": [
            "Brian L. Simmerman, MD"
        ],
        "specialization": [
            "Pediatrics"
        ],
        "language": [
            ""
        ],
        "address": [],
        "phone": [
            "(509) 944-8770"
        ]
    },
    {
        "page": "153",
        "name": [
            "Benjamin W. Lacey, MD"
        ],
        "specialization": [
            "Physical Medicine and Rehabilitation"
        ],
        "language": [
            ""
        ],
        "address": [],
        "phone": [
            "(888) 472-2633"
        ]
    },
    {
        "page": "154",
        "name": [
            "Sara Hieter, PT, DPT"
        ],
        "specialization": [
            "Sports Physical Therapy",
            "Physical Therapy",
            "Brain Injury and Stroke Rehabilitation",
            "Neurologic Physical Therapy"
        ],
        "language": [
            "English"
        ],
        "address": [],
        "phone": [
            "(503) 717-7789"
        ]
    },
    {
        "page": "155",
        "name": [
            "Lisa Perreault, PT, MSPT"
        ],
        "specialization": [
            "Sports Physical Therapy",
            "Physical Therapy"
        ],
        "language": [
            ""
        ],
        "address": [],
        "phone": [
            "(503) 582-4600"
        ]
    },
    {
        "page": "156",
        "name": [
            "Lindsey M. Hegdahl, PT, DPT"
        ],
        "specialization": [
            "Orthopedic Physical Therapy",
            "Women's Health Physical Therapy",
            "Physical Therapy"
        ],
        "language": [
            "English"
        ],
        "address": [],
        "phone": [
            "(541) 732-6619"
        ]
    },
    {
        "page": "157",
        "name": [
            "Lori L. Kirsten, DPT"
        ],
        "specialization": [
            "Physical Therapy"
        ],
        "language": [
            ""
        ],
        "address": [],
        "phone": [
            "(888) 472-2633"
        ]
    },
    {
        "page": "158",
        "name": [
            "Megan E. Jones, DPT"
        ],
        "specialization": [
            "Physical Therapy"
        ],
        "language": [
            "English"
        ],
        "address": [],
        "phone": [
            "(888) 472-2633"
        ]
    },
    {
        "page": "159",
        "name": [
            "Michelle A. Navaja, DPT"
        ],
        "specialization": [
            "Physical Therapy"
        ],
        "language": [
            ""
        ],
        "address": [],
        "phone": [
            "(888) 472-2633"
        ]
    },
    {
        "page": "13",
        "name": [
            "J. Christian C. Cash, MD"
        ],
        "specialization": [
            "Cardiothoracic Surgery"
        ],
        "language": [],
        "address": [],
        "phone": [
            "(310) 543-1464"
        ]
    },
    {
        "page": "14",
        "name": [
            "Tracey R. Childs, MD"
        ],
        "specialization": [
            "Colon and Rectal Surgery",
            "General Surgery"
        ],
        "language": [
            ""
        ],
        "address": [],
        "phone": [
            "(310) 829-8928"
        ]
    },
    {
        "page": "15",
        "name": [
            "John D. Zdral, MD"
        ],
        "specialization": [
            "Comprehensive Ophthalmology"
        ],
        "language": [
            "English"
        ],
        "address": [],
        "phone": [
            "(714) 879-7372"
        ]
    },
    {
        "page": "161",
        "name": [
            "Winter Wildt-Bailey, DPT"
        ],
        "specialization": [
            "Physical Therapy"
        ],
        "language": [
            "English"
        ],
        "address": [],
        "phone": [
            "(888) 472-2633"
        ]
    },
    {
        "page": "162",
        "name": [
            "Ellen Forslund, DPT"
        ],
        "specialization": [
            "Physical Therapy"
        ],
        "language": [
            ""
        ],
        "address": [],
        "phone": [
            "(888) 472-2633"
        ]
    },
    {
        "page": "163",
        "name": [
            "Gia Calabrese, DPT"
        ],
        "specialization": [
            "Physical Therapy"
        ],
        "language": [
            ""
        ],
        "address": [],
        "phone": [
            "(888) 472-2633"
        ]
    },
    {
        "page": "165",
        "name": [
            "Mia E. Skourtis, MD"
        ],
        "specialization": [
            "Plastic Surgery"
        ],
        "language": [],
        "address": [],
        "phone": [
            "(503) 232-3242"
        ]
    },
    {
        "page": "166",
        "name": [
            "Lovelyne E. N. Sharma, MD"
        ],
        "specialization": [
            "Preventive Medicine"
        ],
        "language": [],
        "address": [],
        "phone": [
            "(509) 942-6020"
        ]
    },
    {
        "page": "160",
        "name": [
            "Shari J. Brennecke, MPT"
        ],
        "specialization": [
            "Physical Therapy"
        ],
        "language": [
            ""
        ],
        "address": [],
        "phone": [
            "(888) 472-2633"
        ]
    },
    {
        "page": "164",
        "name": [
            "James J. Lee, MD"
        ],
        "specialization": [
            "Plastic Surgery"
        ],
        "language": [
            ""
        ],
        "address": [],
        "phone": [
            "(818) 361-0917"
        ]
    },
    {
        "page": "18",
        "name": [
            "Shelly Wedge, LPA"
        ],
        "specialization": [
            "Counseling"
        ],
        "language": [
            "English"
        ],
        "address": [],
        "phone": [
            "(907) 921-5050"
        ]
    },
    {
        "page": "19",
        "name": [
            "Sivajothi Kanagalingam, MD"
        ],
        "specialization": [
            "Critical Care Medicine"
        ],
        "language": [
            "English"
        ],
        "address": [],
        "phone": [
            "(541) 732-7600"
        ]
    },
    {
        "page": "16",
        "name": [
            "Thomas A. Hanscom, MD"
        ],
        "specialization": [
            "Comprehensive Ophthalmology"
        ],
        "language": [
            "English"
        ],
        "address": [],
        "phone": [
            "(310) 829-3303"
        ]
    },
    {
        "page": "20",
        "name": [
            "Delphine J. Lee, MD"
        ],
        "specialization": [
            "Dermatology"
        ],
        "language": [
            "English and Chinese - Mandarin"
        ],
        "address": [],
        "phone": [
            "(310) 449-5265"
        ]
    },
    {
        "page": "21",
        "name": [
            "Melinda Liu, MD, FAAD"
        ],
        "specialization": [
            "Dermatology"
        ],
        "language": [],
        "address": [],
        "phone": [
            "(888) 472-2633"
        ]
    },
    {
        "page": "22",
        "name": [
            "Christy Goff, CDCES, MS, RDN, CD"
        ],
        "specialization": [
            "Diabetes Education",
            "Dietetics"
        ],
        "language": [
            ""
        ],
        "address": [],
        "phone": [
            "(888) 472-2633"
        ]
    },
    {
        "page": "23",
        "name": [
            "Shephal K. Doshi, MD"
        ],
        "specialization": [
            "Cardiology",
            "Electrophysiology"
        ],
        "language": [
            ""
        ],
        "address": [],
        "phone": [
            "(310) 829-7678"
        ]
    },
    {
        "page": "24",
        "name": [
            "Ingrid J. Hazlett, ARNP, BC-ADM"
        ],
        "specialization": [
            "Endocrinology"
        ],
        "language": [],
        "address": [],
        "phone": [
            "(406) 329-5781"
        ]
    },
    {
        "page": "26",
        "name": [
            "Mohammed Bakdash, MD"
        ],
        "specialization": [
            "Endocrinology"
        ],
        "language": [],
        "address": [],
        "phone": [
            "(806) 744-7223"
        ]
    },
    {
        "page": "27",
        "name": [
            "Norah A. Nguyen, MD"
        ],
        "specialization": [
            "Family Medicine Obstetrics"
        ],
        "language": [
            ""
        ],
        "address": [],
        "phone": [
            "(360) 563-5900"
        ]
    },
    {
        "page": "28",
        "name": [
            "Angela B. Lowe, MD"
        ],
        "specialization": [
            "Family Medicine"
        ],
        "language": [],
        "address": [],
        "phone": [
            "(818) 869-7600"
        ]
    },
    {
        "page": "25",
        "name": [
            "Molly K. Quinn, PA-C"
        ],
        "specialization": [
            "Endocrinology"
        ],
        "language": [
            ""
        ],
        "address": [],
        "phone": [
            "(406) 329-5781"
        ]
    },
    {
        "page": "29",
        "name": [
            "Aaron W. Lin, DO"
        ],
        "specialization": [
            "Family Medicine"
        ],
        "language": [
            ""
        ],
        "address": [],
        "phone": [
            "(909) 860-1144"
        ]
    },
    {
        "page": "3",
        "name": [
            "Serena K. Short, LMHC"
        ],
        "specialization": [
            "Behavioral Medicine"
        ],
        "language": [
            "English"
        ],
        "address": [],
        "phone": [
            "(888) 472-2633"
        ]
    },
    {
        "page": "30",
        "name": [
            "Temitope J. Ajagbe, MD"
        ],
        "specialization": [
            "Family Medicine"
        ],
        "language": [
            "English and Yoruba"
        ],
        "address": [],
        "phone": [
            "(310) 831-9482"
        ]
    },
    {
        "page": "31",
        "name": [
            "Temitope J. Ajagbe, MD"
        ],
        "specialization": [
            "Family Medicine"
        ],
        "language": [
            "English and Yoruba"
        ],
        "address": [],
        "phone": [
            "(310) 831-9482"
        ]
    },
    {
        "page": "32",
        "name": [
            "Mark R. Needham, MD"
        ],
        "specialization": [
            "Family Medicine"
        ],
        "language": [
            "English"
        ],
        "address": [],
        "phone": [
            "(310) 829-8903"
        ]
    },
    {
        "page": "33",
        "name": [
            "Steven P. Seizer, MD"
        ],
        "specialization": [
            "Family Medicine"
        ],
        "language": [
            "English"
        ],
        "address": [],
        "phone": [
            "(310) 829-8948"
        ]
    },
    {
        "page": "34",
        "name": [
            "Neil M. Olsen, MD"
        ],
        "specialization": [
            "Family Medicine"
        ],
        "language": [
            "English"
        ],
        "address": [],
        "phone": [
            "(541) 732-8000"
        ]
    },
    {
        "page": "35",
        "name": [
            "Michelle S. Powell, FNP"
        ],
        "specialization": [
            "Family Medicine"
        ],
        "language": [
            "English"
        ],
        "address": [],
        "phone": [
            "(503) 717-7650"
        ]
    },
    {
        "page": "17",
        "name": [
            "Cheryl Ferucci, LPC"
        ],
        "specialization": [
            "Counseling"
        ],
        "language": [
            "English"
        ],
        "address": [],
        "phone": [
            "(907) 212-6900"
        ]
    },
    {
        "page": "2",
        "name": [
            "Sami B. Hamamji, MD"
        ],
        "specialization": [
            "General Surgery",
            "Bariatric Surgery"
        ],
        "language": [
            ""
        ],
        "address": [],
        "phone": [
            "(714) 541-5959"
        ]
    },
    {
        "page": "37",
        "name": [
            "Mary E. Swihart, ARNP"
        ],
        "specialization": [
            "Family Medicine"
        ],
        "language": [
            "English"
        ],
        "address": [],
        "phone": [
            "(509) 942-3125"
        ]
    },
    {
        "page": "36",
        "name": [
            "Jessica L. Almaguer, ARNP"
        ],
        "specialization": [
            "Family Medicine"
        ],
        "language": [],
        "address": [],
        "phone": [
            "(509) 942-3291"
        ]
    },
    {
        "page": "4",
        "name": [
            "Jason D. Daly, LICSW, DCSW"
        ],
        "specialization": [
            "Behavioral Medicine"
        ],
        "language": [],
        "address": [],
        "phone": [
            "(888) 472-2633"
        ]
    },
    {
        "page": "39",
        "name": [
            "Samuel S. Y. Leung, DO"
        ],
        "specialization": [
            "Family Medicine"
        ],
        "language": [
            "English and Chinese - Cantonese"
        ],
        "address": [],
        "phone": [
            "(425) 741-7750"
        ]
    },
    {
        "page": "38",
        "name": [
            "Lise K. Alexander, MD"
        ],
        "specialization": [
            "Family Medicine"
        ],
        "language": [
            "English"
        ],
        "address": [],
        "phone": [
            "(425) 744-7153"
        ]
    },
    {
        "page": "40",
        "name": [
            "Sang Y. Won, MD"
        ],
        "specialization": [
            "Family Medicine"
        ],
        "language": [
            "English"
        ],
        "address": [],
        "phone": [
            "(425) 744-7153"
        ]
    },
    {
        "page": "41",
        "name": [
            "Julie A. Hornsby, ARNP"
        ],
        "specialization": [
            "Family Medicine"
        ],
        "language": [
            ""
        ],
        "address": [],
        "phone": [
            "(425) 347-6330"
        ]
    },
    {
        "page": "45",
        "name": [
            "Arkadiy B. Tkachev, MD"
        ],
        "specialization": [
            "Family Medicine"
        ],
        "language": [
            "English and Russian"
        ],
        "address": [],
        "phone": [
            "(425) 227-3700"
        ]
    },
    {
        "page": "42",
        "name": [
            "Julie A. Hornsby, ARNP"
        ],
        "specialization": [
            "Family Medicine"
        ],
        "language": [
            ""
        ],
        "address": [],
        "phone": [
            "(425) 347-6330"
        ]
    },
    {
        "page": "44",
        "name": [
            "Marianne T. Broers, MD"
        ],
        "specialization": [
            "Family Medicine"
        ],
        "language": [
            "English"
        ],
        "address": [],
        "phone": [
            "(253) 435-3400"
        ]
    },
    {
        "page": "46",
        "name": [
            "Jenny A. T. Le, DO"
        ],
        "specialization": [
            "Family Medicine"
        ],
        "language": [],
        "address": [],
        "phone": [
            "(425) 227-3700"
        ]
    },
    {
        "page": "48",
        "name": [
            "Sonja P. Maddox, MD"
        ],
        "specialization": [
            "Family Medicine"
        ],
        "language": [
            "English"
        ],
        "address": [],
        "phone": [
            "(425) 227-3700"
        ]
    },
    {
        "page": "47",
        "name": [
            "Jenny A. T. Le, DO"
        ],
        "specialization": [
            "Family Medicine"
        ],
        "language": [],
        "address": [],
        "phone": [
            "(425) 227-3700"
        ]
    },
    {
        "page": "5",
        "name": [
            "Steven M. Rodriguez, ARNP"
        ],
        "specialization": [
            "Cardiac Surgery"
        ],
        "language": [
            "English"
        ],
        "address": [],
        "phone": [
            "(360) 493-4510"
        ]
    },
    {
        "page": "49",
        "name": [
            "Sonja P. Maddox, MD"
        ],
        "specialization": [
            "Family Medicine"
        ],
        "language": [
            "English"
        ],
        "address": [],
        "phone": [
            "(425) 227-3700"
        ]
    },
    {
        "page": "51",
        "name": [
            "Lisa B. Sieberson, DNP, ARNP"
        ],
        "specialization": [
            "Family Medicine"
        ],
        "language": [
            "English"
        ],
        "address": [],
        "phone": [
            "(206) 517-6700"
        ]
    },
    {
        "page": "52",
        "name": [
            "Priyanka Naik, DO"
        ],
        "specialization": [
            "Family Medicine"
        ],
        "language": [
            ""
        ],
        "address": [],
        "phone": [
            "(206) 517-6700"
        ]
    },
    {
        "page": "53",
        "name": [
            "Julia S. Doyle, ARNP"
        ],
        "specialization": [
            "Family Medicine"
        ],
        "language": [
            "English"
        ],
        "address": [],
        "phone": [
            "(509) 252-9602"
        ]
    },
    {
        "page": "54",
        "name": [
            "Ann A. Abraham, MD"
        ],
        "specialization": [
            "Gastroenterology Nutrition",
            "Pediatric Gastroenterology",
            "Pediatric Hepatology"
        ],
        "language": [
            "English"
        ],
        "address": [],
        "phone": [
            "(509) 474-5437"
        ]
    },
    {
        "page": "56",
        "name": [
            "Anton J. Bilchik, MD"
        ],
        "specialization": [
            "General Surgery",
            "Surgical Oncology"
        ],
        "language": [
            ""
        ],
        "address": [],
        "phone": [
            "(310) 449-5206"
        ]
    },
    {
        "page": "50",
        "name": [
            "Cynthia L. Wilcox, MD"
        ],
        "specialization": [
            "Family Medicine"
        ],
        "language": [
            "English"
        ],
        "address": [],
        "phone": [
            "(206) 517-6700"
        ]
    },
    {
        "page": "43",
        "name": [
            "Marianne T. Broers, MD"
        ],
        "specialization": [
            "Family Medicine"
        ],
        "language": [
            "English"
        ],
        "address": [],
        "phone": [
            "(253) 435-3400"
        ]
    },
    {
        "page": "55",
        "name": [
            "Armani P. Patel, MD"
        ],
        "specialization": [
            "Gastroenterology"
        ],
        "language": [
            "English"
        ],
        "address": [],
        "phone": [
            "(310) 214-7236"
        ]
    },
    {
        "page": "6",
        "name": [
            "Steven M. Rodriguez, ARNP"
        ],
        "specialization": [
            "Cardiac Surgery"
        ],
        "language": [
            "English"
        ],
        "address": [],
        "phone": [
            "(360) 493-4510"
        ]
    },
    {
        "page": "57",
        "name": [
            "Melanie R. Goldfarb, MD"
        ],
        "specialization": [
            "Endocrine Surgery",
            "General Surgery"
        ],
        "language": [
            ""
        ],
        "address": [],
        "phone": [
            "(310) 829-8751"
        ]
    },
    {
        "page": "58",
        "name": [
            "Deron J. Ludwig, MD, FACS, FASMBS"
        ],
        "specialization": [
            "Bariatric Medicine",
            "General Surgery"
        ],
        "language": [],
        "address": [],
        "phone": [
            "(406) 329-5866"
        ]
    },
    {
        "page": "61",
        "name": [
            "Mary E. Kuebrich, ARNP"
        ],
        "specialization": [
            "Geriatric Medicine"
        ],
        "language": [
            "English"
        ],
        "address": [],
        "phone": [
            "(503) 215-6600"
        ]
    },
    {
        "page": "62",
        "name": [
            "Delia L. Takagi, MD"
        ],
        "specialization": [
            "Internal Medicine",
            "Geriatric Medicine"
        ],
        "language": [],
        "address": [],
        "phone": [
            "(509) 942-3135"
        ]
    },
    {
        "page": "63",
        "name": [
            "Lissette Ramierez-Suero, MD"
        ],
        "specialization": [
            "Internal Medicine",
            "Geriatric Medicine"
        ],
        "language": [],
        "address": [],
        "phone": [
            "(509) 942-3135"
        ]
    },
    {
        "page": "64",
        "name": [
            "Meng Lu, MD"
        ],
        "specialization": [
            "Glaucoma",
            "Comprehensive Ophthalmology"
        ],
        "language": [
            "English and Chinese - Mandarin"
        ],
        "address": [],
        "phone": [
            "(888) 472-2633"
        ]
    },
    {
        "page": "65",
        "name": [
            "Christopher J. Darus, MD"
        ],
        "specialization": [
            "Gynecologic Oncology"
        ],
        "language": [
            "English"
        ],
        "address": [],
        "phone": [
            "(503) 215-2075"
        ]
    },
    {
        "page": "66",
        "name": [
            "Kim A. Kanaly, MD"
        ],
        "specialization": [
            "Gynecology"
        ],
        "language": [
            ""
        ],
        "address": [],
        "phone": [
            "(949) 364-4400"
        ]
    },
    {
        "page": "67",
        "name": [
            "Patricia A. Wallace, MD"
        ],
        "specialization": [
            "Gynecology",
            "Urogynecology"
        ],
        "language": [
            ""
        ],
        "address": [],
        "phone": [
            "(949) 364-4400"
        ]
    },
    {
        "page": "68",
        "name": [
            "Ashish A. Patel, MD, DDS, FACS"
        ],
        "specialization": [
            "Head and Neck Surgery"
        ],
        "language": [
            ""
        ],
        "address": [],
        "phone": [
            "(503) 215-3053"
        ]
    },
    {
        "page": "59",
        "name": [
            "Harrison M. Friend, PAC"
        ],
        "specialization": [
            "General Surgery"
        ],
        "language": [],
        "address": [],
        "phone": [
            "(541) 732-8388"
        ]
    },
    {
        "page": "7",
        "name": [
            "Robert H. Merz, MD"
        ],
        "specialization": [
            "Cardiology"
        ],
        "language": [
            ""
        ],
        "address": [],
        "phone": [
            "(310) 829-7678"
        ]
    },
    {
        "page": "70",
        "name": [
            "Caleb A. Langsam, PA-C"
        ],
        "specialization": [
            "Hematology Oncology"
        ],
        "language": [
            "English"
        ],
        "address": [],
        "phone": [
            "(503) 215-1600"
        ]
    },
    {
        "page": "71",
        "name": [
            "Cynthia B. Aller, DO, PhD"
        ],
        "specialization": [
            "Medical Oncology",
            "Hematology"
        ],
        "language": [
            "English"
        ],
        "address": [],
        "phone": [
            "(360) 754-3934"
        ]
    },
    {
        "page": "73",
        "name": [
            "Karen E. Evensen, MD"
        ],
        "specialization": [
            "Orthopedic Surgery",
            "Hip and Knee Orthopedic Surgery"
        ],
        "language": [
            ""
        ],
        "address": [],
        "phone": [
            "(714) 626-8630"
        ]
    },
    {
        "page": "72",
        "name": [
            "Divyanshoo R. Kohli, MD"
        ],
        "specialization": [
            "Interventional Gastroenterology",
            "Hepatology",
            "Gastroenterology"
        ],
        "language": [
            "English"
        ],
        "address": [],
        "phone": [
            "(509) 252-1711"
        ]
    },
    {
        "page": "74",
        "name": [
            "Julie A. DeLilly, MD"
        ],
        "specialization": [
            "Internal Medicine"
        ],
        "language": [
            ""
        ],
        "address": [],
        "phone": [
            "(310) 376-8816"
        ]
    },
    {
        "page": "75",
        "name": [
            "Bonnie A. Connolly, MD"
        ],
        "specialization": [
            "Internal Medicine"
        ],
        "language": [
            "English"
        ],
        "address": [],
        "phone": [
            "(714) 505-7110"
        ]
    },
    {
        "page": "69",
        "name": [
            "Eric C. Anderson, MD, PhD"
        ],
        "specialization": [
            "Hematology Oncology"
        ],
        "language": [
            "English"
        ],
        "address": [],
        "phone": [
            "(541) 387-6447"
        ]
    },
    {
        "page": "76",
        "name": [
            "Anthony I. Bae, MD"
        ],
        "specialization": [
            "Internal Medicine"
        ],
        "language": [
            "English"
        ],
        "address": [],
        "phone": [
            "(714) 577-6652"
        ]
    },
    {
        "page": "79",
        "name": [
            "Jeremy R. Krueger, DO"
        ],
        "specialization": [
            "Internal Medicine"
        ],
        "language": [
            "English"
        ],
        "address": [],
        "phone": [
            "(541) 732-5000"
        ]
    },
    {
        "page": "77",
        "name": [
            "Molly M. L. Olsen, MD"
        ],
        "specialization": [
            "Internal Medicine"
        ],
        "language": [
            ""
        ],
        "address": [],
        "phone": [
            "(541) 387-6125"
        ]
    },
    {
        "page": "80",
        "name": [
            "Kimberly J. Herder, MD"
        ],
        "specialization": [
            "Internal Medicine"
        ],
        "language": [
            "English"
        ],
        "address": [],
        "phone": [
            "(503) 215-6405"
        ]
    },
    {
        "page": "78",
        "name": [
            "Daniel R. Brandenburg, MD"
        ],
        "specialization": [
            "Internal Medicine"
        ],
        "language": [
            "English"
        ],
        "address": [],
        "phone": [
            "(541) 732-5000"
        ]
    },
    {
        "page": "81",
        "name": [
            "RaYoung Chung, NP, AOCNP"
        ],
        "specialization": [
            "Internal Medicine"
        ],
        "language": [
            "English"
        ],
        "address": [],
        "phone": [
            "(503) 215-5696"
        ]
    },
    {
        "page": "60",
        "name": [
            "Kai L. Sharbono, MD"
        ],
        "specialization": [
            "General Surgery"
        ],
        "language": [
            "English"
        ],
        "address": [],
        "phone": [
            "(509) 747-6194"
        ]
    },
    {
        "page": "82",
        "name": [
            "Taylor L. Krieg, DO"
        ],
        "specialization": [
            "Internal Medicine"
        ],
        "language": [
            "English"
        ],
        "address": [],
        "phone": [
            "(503) 215-9700"
        ]
    },
    {
        "page": "84",
        "name": [
            "Rafat Unnisa, MD"
        ],
        "specialization": [
            "Internal Medicine"
        ],
        "language": [
            "English and Hindi"
        ],
        "address": [],
        "phone": [
            "(425) 412-7200"
        ]
    },
    {
        "page": "86",
        "name": [
            "Robert P. Mclaughlin, MD"
        ],
        "specialization": [
            "Internal Medicine"
        ],
        "language": [
            "English"
        ],
        "address": [],
        "phone": [
            "(253) 214-1920"
        ]
    },
    {
        "page": "87",
        "name": [
            "Dana A. Swenson, MD"
        ],
        "specialization": [
            "Internal Medicine"
        ],
        "language": [
            "English"
        ],
        "address": [],
        "phone": [
            "(425) 814-5000"
        ]
    },
    {
        "page": "85",
        "name": [
            "Ruchi G. Sharma, MD"
        ],
        "specialization": [
            "Internal Medicine"
        ],
        "language": [
            "English and Hindi"
        ],
        "address": [],
        "phone": [
            "(425) 412-7200"
        ]
    },
    {
        "page": "88",
        "name": [
            "E. Kai Hansen, MD"
        ],
        "specialization": [
            "Internal Medicine"
        ],
        "language": [
            "English"
        ],
        "address": [],
        "phone": [
            "(425) 814-5000"
        ]
    },
    {
        "page": "83",
        "name": [
            "Anita Elangovan, MD, MPH"
        ],
        "specialization": [
            "Internal Medicine"
        ],
        "language": [
            "English and Spanish"
        ],
        "address": [],
        "phone": [
            "(425) 412-7200"
        ]
    },
    {
        "page": "90",
        "name": [
            "Kathryn A. Pearson, MD"
        ],
        "specialization": [
            "Internal Medicine"
        ],
        "language": [
            "English"
        ],
        "address": [],
        "phone": [
            "(1888) 472-2633"
        ]
    },
    {
        "page": "89",
        "name": [
            "James A. Lund, MD"
        ],
        "specialization": [
            "Internal Medicine"
        ],
        "language": [
            "English"
        ],
        "address": [],
        "phone": [
            "(425) 814-5000"
        ]
    },
    {
        "page": "91",
        "name": [
            "Nona Niculescu, MD"
        ],
        "specialization": [
            "Internal Medicine"
        ],
        "language": [
            "English, Romanian and Russian"
        ],
        "address": [],
        "phone": [
            "(425) 744-7153"
        ]
    },
    {
        "page": "93",
        "name": [
            "Shailaja Reddy, MD"
        ],
        "specialization": [
            "Internal Medicine"
        ],
        "language": [
            "English, Hindi, Kannada and Telugu"
        ],
        "address": [],
        "phone": [
            "(425) 227-3700"
        ]
    },
    {
        "page": "92",
        "name": [
            "Shailaja Reddy, MD"
        ],
        "specialization": [
            "Internal Medicine"
        ],
        "language": [
            "English, Hindi, Kannada and Telugu"
        ],
        "address": [],
        "phone": [
            "(425) 227-3700"
        ]
    },
    {
        "page": "94",
        "name": [
            "Shalini Nair, MD"
        ],
        "specialization": [
            "Internal Medicine"
        ],
        "language": [
            "English, Hindi, Kannada, Tamil and Malayalam"
        ],
        "address": [],
        "phone": [
            "(425) 227-3700"
        ]
    },
    {
        "page": "95",
        "name": [
            "Amanda B. Methvin, MD"
        ],
        "specialization": [
            "Internal Medicine"
        ],
        "language": [
            "English"
        ],
        "address": [],
        "phone": [
            "(206) 326-2400"
        ]
    },
    {
        "page": "96",
        "name": [
            "Andrew M. Dym, MD"
        ],
        "specialization": [
            "Internal Medicine"
        ],
        "language": [
            "English"
        ],
        "address": [],
        "phone": [
            "(206) 517-6700"
        ]
    },
    {
        "page": "97",
        "name": [
            "Christina C. Kaba, MD"
        ],
        "specialization": [
            "Internal Medicine"
        ],
        "language": [],
        "address": [],
        "phone": [
            "(206) 517-6700"
        ]
    },
    {
        "page": "98",
        "name": [
            "Lesley E. King, MD"
        ],
        "specialization": [
            "Internal Medicine"
        ],
        "language": [
            "English"
        ],
        "address": [],
        "phone": [
            "(206) 326-2400"
        ]
    },
    {
        "page": "9",
        "name": [
            "Jocelyn N. Spoon, MD"
        ],
        "specialization": [
            "Cardiology"
        ],
        "language": [
            ""
        ],
        "address": [],
        "phone": [
            "(406) 329-5615"
        ]
    },
    {
        "page": "8",
        "name": [
            "Sarina A. Van Der Zee, MD"
        ],
        "specialization": [
            "Cardiology"
        ],
        "language": [
            ""
        ],
        "address": [],
        "phone": [
            "(310) 829-7678"
        ]
    }
]