[
    {
        "page": "0",
        "name": [
            "Siobhan Aaron, CNP"
        ],
        "specialization": [
            "Hospice and Palliative Medicine"
        ],
        "position": [
            "Siobhan Aaron, CNP"
        ],
        "address": [],
        "phone": [
            "1-866-UH4-CARE"
        ]
    },
    {
        "page": "1",
        "name": [
            "Cassandra Abbott, LPCC-S"
        ],
        "specialization": [
            "Clinical Counseling"
        ],
        "position": [
            "Cassandra Abbott, LPCC-S"
        ],
        "address": [
            "6802 W Snowville Rd (16 mi.)"
        ],
        "phone": [
            "1-866-UH4-CARE"
        ]
    },
    {
        "page": "100",
        "name": [
            "Linda Baer, CNP"
        ],
        "specialization": [
            "Hematology and Oncology"
        ],
        "position": [
            "Linda Baer, CNP"
        ],
        "address": [
            "5133 Ridge Rd (27 mi.)"
        ],
        "phone": [
            "1-866-UH4-CARE"
        ]
    },
    {
        "page": "101",
        "name": [
            "Robert Bagdasaryan, MD"
        ],
        "specialization": [],
        "position": [
            "Robert Bagdasaryan, MD"
        ],
        "address": [],
        "phone": [
            "1-866-UH4-CARE"
        ]
    },
    {
        "page": "102",
        "name": [
            "Michael Bage, MD"
        ],
        "specialization": [
            "Cardiology"
        ],
        "position": [
            "Michael Bage, MD"
        ],
        "address": [
            "1900 23rd St (26 mi.)"
        ],
        "phone": [
            "1-866-UH4-CARE"
        ]
    },
    {
        "page": "104",
        "name": [
            "Bryan Baillis, MD"
        ],
        "specialization": [
            "Dermatology"
        ],
        "position": [
            "Bryan Baillis, MD"
        ],
        "address": [
            "5783 Wooster Pike (30 mi.)"
        ],
        "phone": [
            "1-866-UH4-CARE"
        ]
    },
    {
        "page": "103",
        "name": [
            "Christopher Bailey, PhD"
        ],
        "specialization": [
            "Psychology-Neuropsychology"
        ],
        "position": [
            "Christopher Bailey, PhD"
        ],
        "address": [
            "11100 Euclid Ave (0 mi.)"
        ],
        "phone": [
            "1-866-UH4-CARE"
        ]
    },
    {
        "page": "10",
        "name": [
            "Timothy Adamowicz, DO"
        ],
        "specialization": [
            "Hematology and Oncology"
        ],
        "position": [
            "Timothy Adamowicz, DO"
        ],
        "address": [
            "701 Tyler St (57 mi.)"
        ],
        "phone": [
            "1-866-UH4-CARE"
        ]
    },
    {
        "page": "105",
        "name": [
            "Ewa Bak, MD"
        ],
        "specialization": [
            "Internal Medicine"
        ],
        "position": [
            "Ewa Bak, MD"
        ],
        "address": [
            "1611 S Green Rd (5 mi.)"
        ],
        "phone": [
            "1-866-UH4-CARE"
        ]
    },
    {
        "page": "106",
        "name": [
            "Kaitlyn Baker, MSSA"
        ],
        "specialization": [],
        "position": [
            "Kaitlyn Baker, MSSA"
        ],
        "address": [
            "25111 Country Club Blvd (17 mi.)"
        ],
        "phone": [
            "1-866-UH4-CARE"
        ]
    },
    {
        "page": "107",
        "name": [
            "Veronica Baker, CNP"
        ],
        "specialization": [
            "Psychology-Adult Psychology"
        ],
        "position": [
            "Veronica Baker, CNP"
        ],
        "address": [
            "26949 Chagrin Blvd (7 mi.)"
        ],
        "phone": [
            "1-866-UH4-CARE"
        ]
    },
    {
        "page": "109",
        "name": [
            "Krishna Balabhadrapatruni, MD"
        ],
        "specialization": [
            "Nephrology"
        ],
        "position": [
            "Krishna Balabhadrapatruni, MD"
        ],
        "address": [
            "11100 Euclid Ave (0 mi.)"
        ],
        "phone": [
            "1-866-UH4-CARE"
        ]
    },
    {
        "page": "11",
        "name": [
            "Kathryn Adams, MSW"
        ],
        "specialization": [],
        "position": [
            "Kathryn Adams, MSW"
        ],
        "address": [
            "7370 Engle Rd (15 mi.)"
        ],
        "phone": [
            "1-866-UH4-CARE"
        ]
    },
    {
        "page": "110",
        "name": [
            "Arielle Ballard, LPCC"
        ],
        "specialization": [
            "Clinical Counseling"
        ],
        "position": [
            "Arielle Ballard, LPCC"
        ],
        "address": [
            "4212 State Route 306 (13 mi.)"
        ],
        "phone": [
            "1-866-UH4-CARE"
        ]
    },
    {
        "page": "111",
        "name": [
            "Gerardo Balmori-Angel, IMFT"
        ],
        "specialization": [
            "Family Therapy"
        ],
        "position": [
            "Gerardo Balmori-Angel, IMFT"
        ],
        "address": [
            "35895 Royalton Rd (25 mi.)"
        ],
        "phone": [
            "1-866-UH4-CARE"
        ]
    },
    {
        "page": "113",
        "name": [
            "Tanya Banerjee, MD"
        ],
        "specialization": [
            "OB/GYN-General"
        ],
        "position": [
            "Tanya Banerjee, MD"
        ],
        "address": [
            "6847 N Chestnut St (29 mi.)"
        ],
        "phone": [
            "1-866-UH4-CARE"
        ]
    },
    {
        "page": "108",
        "name": [
            "Emad Baky, MD"
        ],
        "specialization": [
            "OBSTETRICS - GYNECOLOGY"
        ],
        "position": [
            "Emad Baky, MD"
        ],
        "address": [],
        "phone": [
            "1-866-UH4-CARE"
        ]
    },
    {
        "page": "112",
        "name": [
            "Nicholas Bambakidis, MD"
        ],
        "specialization": [
            "Neurological Surgery, Radiology-Neuroradiology"
        ],
        "position": [
            "Nicholas Bambakidis, MD"
        ],
        "address": [
            "1000 Auburn Dr (5 mi.)"
        ],
        "phone": [
            "1-866-UH4-CARE"
        ]
    },
    {
        "page": "114",
        "name": [
            "Haley Banfield, BCBA"
        ],
        "specialization": [
            "Behavioral Analysis"
        ],
        "position": [
            "Haley Banfield, BCBA"
        ],
        "address": [
            "315 Tanglewood Ln (18 mi.)"
        ],
        "phone": [
            "1-866-UH4-CARE"
        ]
    },
    {
        "page": "116",
        "name": [
            "Charlie Bango, LPCC"
        ],
        "specialization": [
            "Clinical Counseling"
        ],
        "position": [
            "Charlie Bango, LPCC"
        ],
        "address": [
            "20525 Center Ridge Rd (13 mi.)"
        ],
        "phone": [
            "1-866-UH4-CARE"
        ]
    },
    {
        "page": "117",
        "name": [
            "Craig Banks, DC"
        ],
        "specialization": [
            "Chiropractic"
        ],
        "position": [
            "Craig Banks, DC"
        ],
        "address": [
            "1251 Main St (27 mi.)"
        ],
        "phone": [
            "1-866-UH4-CARE"
        ]
    },
    {
        "page": "12",
        "name": [
            "Matthew Adams, MD"
        ],
        "specialization": [
            "Ophthalmology"
        ],
        "position": [
            "Matthew Adams, MD"
        ],
        "address": [
            "3401 Enterprise Pkwy (6 mi.)"
        ],
        "phone": [
            "1-866-UH4-CARE"
        ]
    },
    {
        "page": "115",
        "name": [
            "James Bangayan, DPM"
        ],
        "specialization": [
            "Podiatry"
        ],
        "position": [
            "James Bangayan, DPM"
        ],
        "address": [],
        "phone": [
            "1-866-UH4-CARE"
        ]
    },
    {
        "page": "120",
        "name": [
            "Peter Barach, PhD"
        ],
        "specialization": [
            "Psychology-Adult Psychology"
        ],
        "position": [
            "Peter Barach, PhD"
        ],
        "address": [],
        "phone": [
            "1-866-UH4-CARE"
        ]
    },
    {
        "page": "121",
        "name": [
            "Elizabeth Baracz-zimmerman, DPM"
        ],
        "specialization": [
            "Podiatry"
        ],
        "position": [
            "Elizabeth Baracz-zimmerman, DPM"
        ],
        "address": [
            "7393 Broadview Rd (11 mi.)"
        ],
        "phone": [
            "1-866-UH4-CARE"
        ]
    },
    {
        "page": "119",
        "name": [
            "Saurabh Bansal, MD"
        ],
        "specialization": [
            "Nephrology"
        ],
        "position": [
            "Saurabh Bansal, MD"
        ],
        "address": [
            "805 Columbia Rd (17 mi.)"
        ],
        "phone": [
            "1-866-UH4-CARE"
        ]
    },
    {
        "page": "118",
        "name": [
            "Kristina Banks, NP"
        ],
        "specialization": [
            "Family Medicine"
        ],
        "position": [
            "Kristina Banks, NP"
        ],
        "address": [
            "2054 S Green Rd (5 mi.)"
        ],
        "phone": [
            "1-866-UH4-CARE"
        ]
    },
    {
        "page": "123",
        "name": [
            "Kristen Barefield, MSSA, LISW"
        ],
        "specialization": [],
        "position": [
            "Kristen Barefield, MSSA, LISW"
        ],
        "address": [
            "955 Windham Ct (60 mi.)"
        ],
        "phone": [
            "1-866-UH4-CARE"
        ]
    },
    {
        "page": "122",
        "name": [
            "Elizabeth Barber, LISW-S"
        ],
        "specialization": [],
        "position": [
            "Elizabeth Barber, LISW-S"
        ],
        "address": [
            "750 Abbe Rd S (26 mi.)"
        ],
        "phone": [
            "1-866-UH4-CARE"
        ]
    },
    {
        "page": "126",
        "name": [
            "Charles Bark, MD"
        ],
        "specialization": [
            "Infectious Disease"
        ],
        "position": [
            "Charles Bark, MD"
        ],
        "address": [
            "11100 Euclid Ave (0 mi.)"
        ],
        "phone": [
            "1-866-UH4-CARE"
        ]
    },
    {
        "page": "127",
        "name": [
            "Bradley Barker, MD"
        ],
        "specialization": [
            "Family Medicine"
        ],
        "position": [
            "Bradley Barker, MD"
        ],
        "address": [
            "1120 E Broad St (26 mi.)"
        ],
        "phone": [
            "1-866-UH4-CARE"
        ]
    },
    {
        "page": "128",
        "name": [
            "Emily Barker, PA-C"
        ],
        "specialization": [
            "Dermatology"
        ],
        "position": [
            "Emily Barker, PA-C"
        ],
        "address": [
            "5783 Wooster Pike (30 mi.)"
        ],
        "phone": [
            "1-866-UH4-CARE"
        ]
    },
    {
        "page": "125",
        "name": [
            "Angelo Barile, MD"
        ],
        "specialization": [
            "Internal Medicine"
        ],
        "position": [
            "Angelo Barile, MD"
        ],
        "address": [],
        "phone": [
            "1-866-UH4-CARE"
        ]
    },
    {
        "page": "124",
        "name": [
            "Mary Bargmann, CNP"
        ],
        "specialization": [
            "Internal Medicine"
        ],
        "position": [
            "Mary Bargmann, CNP"
        ],
        "address": [
            "27155 Chardon Rd (8 mi.)"
        ],
        "phone": [
            "1-866-UH4-CARE"
        ]
    },
    {
        "page": "129",
        "name": [
            "Alayna Barnes, NP"
        ],
        "specialization": [
            "Nurse Practitioner"
        ],
        "position": [
            "Alayna Barnes, NP"
        ],
        "address": [
            "3401 Enterprise Pkwy (7 mi.)"
        ],
        "phone": [
            "1-866-UH4-CARE"
        ]
    },
    {
        "page": "130",
        "name": [
            "Lisa Barnes, CNP"
        ],
        "specialization": [
            "Pediatrics"
        ],
        "position": [
            "Lisa Barnes, CNP"
        ],
        "address": [
            "5901 E Royalton Rd (13 mi.)"
        ],
        "phone": [
            "1-866-UH4-CARE"
        ]
    },
    {
        "page": "131",
        "name": [
            "Stephanie Barnes-Mercado, MD"
        ],
        "specialization": [
            "English, Spanish"
        ],
        "position": [
            "Stephanie Barnes-Mercado, MD"
        ],
        "address": [
            "10524 Euclid Ave (0 mi.)"
        ],
        "phone": [
            "1-866-UH4-CARE"
        ]
    },
    {
        "page": "13",
        "name": [
            "Michael Adams, CDCA"
        ],
        "specialization": [
            "Clinical Counseling"
        ],
        "position": [
            "Michael Adams, CDCA"
        ],
        "address": [
            "606 Central Center (167 mi.)"
        ],
        "phone": [
            "1-866-UH4-CARE"
        ]
    },
    {
        "page": "15",
        "name": [
            "Francoise Adan, MD"
        ],
        "specialization": [
            "Psychiatry-Adult Psychiatry"
        ],
        "position": [
            "Francoise Adan, MD"
        ],
        "address": [
            "3723 Park East Dr (7 mi.)"
        ],
        "phone": [
            "1-866-UH4-CARE"
        ]
    },
    {
        "page": "14",
        "name": [
            "Richard Adams, Jr., DO"
        ],
        "specialization": [
            "Radiology"
        ],
        "position": [
            "Richard Adams, Jr., DO"
        ],
        "address": [
            "1025 Center St (58 mi.)"
        ],
        "phone": [
            "1-866-UH4-CARE"
        ]
    },
    {
        "page": "16",
        "name": [
            "Breunna Adebanjo, LPN"
        ],
        "specialization": [
            "Addiction Medicine"
        ],
        "position": [
            "Breunna Adebanjo, LPN"
        ],
        "address": [
            "7400 Huntington Park Dr (121 mi.)"
        ],
        "phone": [
            "1-866-UH4-CARE"
        ]
    },
    {
        "page": "17",
        "name": [
            "Kasie Adkins, DO"
        ],
        "specialization": [
            "Dermatology"
        ],
        "position": [
            "Kasie Adkins, DO"
        ],
        "address": [
            "5817 Happy Hollow Rd (212 mi.)"
        ],
        "phone": [
            "1-866-UH4-CARE"
        ]
    },
    {
        "page": "18",
        "name": [
            "Corrine Adler, DO"
        ],
        "specialization": [
            "Family Medicine"
        ],
        "position": [
            "Corrine Adler, DO"
        ],
        "address": [
            "7225 Old Oak Blvd (15 mi.)"
        ],
        "phone": [
            "1-866-UH4-CARE"
        ]
    },
    {
        "page": "19",
        "name": [
            "Sakib Adnan, MD"
        ],
        "specialization": [
            "Bariatric Surgery, General Surgery"
        ],
        "position": [
            "Sakib Adnan, MD"
        ],
        "address": [],
        "phone": [
            "1-866-UH4-CARE"
        ]
    },
    {
        "page": "20",
        "name": [
            "Randall Adolph, DO"
        ],
        "specialization": [],
        "position": [
            "Randall Adolph, DO"
        ],
        "address": [],
        "phone": [
            "1-866-UH4-CARE"
        ]
    },
    {
        "page": "21",
        "name": [
            "Mark Aeder, MD"
        ],
        "specialization": [
            "Transplant Surgery, General Surgery"
        ],
        "position": [
            "Mark Aeder, MD"
        ],
        "address": [],
        "phone": [
            "1-866-UH4-CARE"
        ]
    },
    {
        "page": "23",
        "name": [
            "Arpit Agarwal, MD"
        ],
        "specialization": [
            "Pediatric Cardiology, Pediatric Radiology"
        ],
        "position": [
            "Arpit Agarwal, MD"
        ],
        "address": [
            "11100 Euclid Ave (0 mi.)"
        ],
        "phone": [
            "1-866-UH4-CARE"
        ]
    },
    {
        "page": "24",
        "name": [
            "Alexis Aghotte, LISW-S"
        ],
        "specialization": [],
        "position": [
            "Alexis Aghotte, LISW-S"
        ],
        "address": [
            "11565 Pearl Rd (17 mi.)"
        ],
        "phone": [
            "1-866-UH4-CARE"
        ]
    },
    {
        "page": "132",
        "name": [
            "Brian Barnett, MD"
        ],
        "specialization": [
            "Psychiatry"
        ],
        "position": [
            "Brian Barnett, MD"
        ],
        "address": [],
        "phone": [
            "1-866-UH4-CARE"
        ]
    },
    {
        "page": "22",
        "name": [
            "Farshid Afsarifard, PhD"
        ],
        "specialization": [
            "Psychology"
        ],
        "position": [
            "Farshid Afsarifard, PhD"
        ],
        "address": [
            "8701 Mentor Ave (18 mi.)"
        ],
        "phone": [
            "1-866-UH4-CARE"
        ]
    },
    {
        "page": "25",
        "name": [
            "Naman Agrawal, MD"
        ],
        "specialization": [],
        "position": [
            "Naman Agrawal, MD"
        ],
        "address": [],
        "phone": [
            "1-866-UH4-CARE"
        ]
    },
    {
        "page": "26",
        "name": [
            "Megan Ahlman, SLP"
        ],
        "specialization": [
            "Speech and Language Pathology"
        ],
        "position": [
            "Megan Ahlman, SLP"
        ],
        "address": [
            "11635 Euclid Ave (0 mi.)"
        ],
        "phone": [
            "1-866-UH4-CARE"
        ]
    },
    {
        "page": "28",
        "name": [
            "Mansoor Ahmed, MD"
        ],
        "specialization": [],
        "position": [
            "Mansoor Ahmed, MD"
        ],
        "address": [],
        "phone": [
            "1-866-UH4-CARE"
        ]
    },
    {
        "page": "27",
        "name": [
            "Erum Ahmad, MD"
        ],
        "specialization": [
            "Psychiatry-Child and Adolescent Psychiatry, Psychiatry-Adult Psychiatry"
        ],
        "position": [
            "Erum Ahmad, MD"
        ],
        "address": [
            "10524 Euclid Ave (0 mi.)"
        ],
        "phone": [
            "1-866-UH4-CARE"
        ]
    },
    {
        "page": "3",
        "name": [
            "Hassan Aboumerhi, MD"
        ],
        "specialization": [
            "Pain Medicine (Anesthesiology)"
        ],
        "position": [
            "Hassan Aboumerhi, MD"
        ],
        "address": [
            "8655 Market St (19 mi.)"
        ],
        "phone": [
            "1-866-UH4-CARE"
        ]
    },
    {
        "page": "29",
        "name": [
            "Syed Ahmed, MD"
        ],
        "specialization": [
            "Psychiatry"
        ],
        "position": [
            "Syed Ahmed, MD"
        ],
        "address": [
            "E Royalton Rd (14 mi.)"
        ],
        "phone": [
            "1-866-UH4-CARE"
        ]
    },
    {
        "page": "2",
        "name": [
            "Hannah Abigail, DPM"
        ],
        "specialization": [
            "Podiatry"
        ],
        "position": [
            "Hannah Abigail, DPM"
        ],
        "address": [
            "8175 Market St (60 mi.)"
        ],
        "phone": [
            "1-866-UH4-CARE"
        ]
    },
    {
        "page": "30",
        "name": [
            "Stacey Aiton, LPCC"
        ],
        "specialization": [
            "Clinical Counseling"
        ],
        "position": [
            "Stacey Aiton, LPCC"
        ],
        "address": [
            "25101 Chagrin Blvd (6 mi.)"
        ],
        "phone": [
            "1-866-UH4-CARE"
        ]
    },
    {
        "page": "33",
        "name": [
            "Mohamed Alalwani, MD"
        ],
        "specialization": [
            "Internal Medicine"
        ],
        "position": [
            "Mohamed Alalwani, MD"
        ],
        "address": [
            "25200 Center Ridge Rd (16 mi.)"
        ],
        "phone": [
            "1-866-UH4-CARE"
        ]
    },
    {
        "page": "34",
        "name": [
            "Samer Alamir, MD"
        ],
        "specialization": [
            "Psychiatry-Adult Psychiatry"
        ],
        "position": [
            "Samer Alamir, MD"
        ],
        "address": [
            "28871 Center Ridge Rd (18 mi.)"
        ],
        "phone": [
            "1-866-UH4-CARE"
        ]
    },
    {
        "page": "36",
        "name": [
            "Erin Alencherry, MD"
        ],
        "specialization": [
            "Radiology-Diagnostic Radiology, Radiology-Breast Imaging"
        ],
        "position": [
            "Erin Alencherry, MD"
        ],
        "address": [],
        "phone": [
            "1-866-UH4-CARE"
        ]
    },
    {
        "page": "32",
        "name": [
            "Joy Akuchie, PA-C"
        ],
        "specialization": [
            "Family Medicine"
        ],
        "position": [
            "Joy Akuchie, PA-C"
        ],
        "address": [
            "917 N Lake St (34 mi.)"
        ],
        "phone": [
            "1-866-UH4-CARE"
        ]
    },
    {
        "page": "35",
        "name": [
            "Spencer Albertson, MD"
        ],
        "specialization": [
            "Orthopedic Surgery"
        ],
        "position": [
            "Spencer Albertson, MD"
        ],
        "address": [],
        "phone": [
            "1-866-UH4-CARE"
        ]
    },
    {
        "page": "37",
        "name": [
            "Katherine Alexander, APRN"
        ],
        "specialization": [
            "Nurse Practitioner"
        ],
        "position": [
            "Katherine Alexander, APRN"
        ],
        "address": [
            "5500 N Meadows Dr (138 mi.)"
        ],
        "phone": [
            "1-866-UH4-CARE"
        ]
    },
    {
        "page": "31",
        "name": [
            "Khalid Akbar, MD"
        ],
        "specialization": [
            "Pediatrics"
        ],
        "position": [
            "Khalid Akbar, MD"
        ],
        "address": [
            "917 N Lake St (34 mi.)"
        ],
        "phone": [
            "1-866-UH4-CARE"
        ]
    },
    {
        "page": "38",
        "name": [
            "Marise Alexander, PsyD"
        ],
        "specialization": [
            "Psychology-Adult Psychology"
        ],
        "position": [
            "Marise Alexander, PsyD"
        ],
        "address": [
            "24800 Highpoint Rd (6 mi.)"
        ],
        "phone": [
            "1-866-UH4-CARE"
        ]
    },
    {
        "page": "40",
        "name": [
            "Shanae Allen, LCDC"
        ],
        "specialization": [
            "Clinical Counseling"
        ],
        "position": [
            "Shanae Allen, LCDC"
        ],
        "address": [
            "5122 Glencrossing Way (228 mi.)"
        ],
        "phone": [
            "1-866-UH4-CARE"
        ]
    },
    {
        "page": "4",
        "name": [
            "Ola Abuhamdeh, PA-C"
        ],
        "specialization": [
            "Physician Assistant"
        ],
        "position": [
            "Ola Abuhamdeh, PA-C"
        ],
        "address": [
            "9075 Town Centre Dr (13 mi.)"
        ],
        "phone": [
            "1-866-UH4-CARE"
        ]
    },
    {
        "page": "43",
        "name": [
            "Mohammed Al-Natour, MD"
        ],
        "specialization": [],
        "position": [
            "Mohammed Al-Natour, MD"
        ],
        "address": [],
        "phone": [
            "1-866-UH4-CARE"
        ]
    },
    {
        "page": "45",
        "name": [
            "Brenda Altose, MD"
        ],
        "specialization": [
            "Psychiatry-Adult Psychiatry"
        ],
        "position": [
            "Brenda Altose, MD"
        ],
        "address": [
            "24800 Highpoint Rd (6 mi.)"
        ],
        "phone": [
            "1-866-UH4-CARE"
        ]
    },
    {
        "page": "46",
        "name": [
            "Michael Alvarez, CDCA"
        ],
        "specialization": [
            "Clinical Counseling"
        ],
        "position": [
            "Michael Alvarez, CDCA"
        ],
        "address": [
            "606 Central Center (167 mi.)"
        ],
        "phone": [
            "1-866-UH4-CARE"
        ]
    },
    {
        "page": "48",
        "name": [
            "Jane Amusat, APRN"
        ],
        "specialization": [
            "Nurse Practitioner"
        ],
        "position": [
            "Jane Amusat, APRN"
        ],
        "address": [],
        "phone": [
            "1-866-UH4-CARE"
        ]
    },
    {
        "page": "49",
        "name": [
            "Akhil Anand, MD"
        ],
        "specialization": [
            "Psychiatry-Adult Psychiatry"
        ],
        "position": [
            "Akhil Anand, MD"
        ],
        "address": [],
        "phone": [
            "1-866-UH4-CARE"
        ]
    },
    {
        "page": "5",
        "name": [
            "Sana Abumeri, MD"
        ],
        "specialization": [
            "Internal Medicine"
        ],
        "position": [
            "Sana Abumeri, MD"
        ],
        "address": [],
        "phone": [
            "1-866-UH4-CARE"
        ]
    },
    {
        "page": "47",
        "name": [
            "Sepideh Amin-Hanjani, MD"
        ],
        "specialization": [
            "Neurological Surgery"
        ],
        "position": [
            "Sepideh Amin-Hanjani, MD"
        ],
        "address": [
            "11100 Euclid Ave (0 mi.)"
        ],
        "phone": [
            "1-866-UH4-CARE"
        ]
    },
    {
        "page": "51",
        "name": [
            "Emily Ancona, BCBA"
        ],
        "specialization": [
            "Behavioral Analysis"
        ],
        "position": [
            "Emily Ancona, BCBA"
        ],
        "address": [
            "29077 Clemens Rd (18 mi.)"
        ],
        "phone": [
            "1-866-UH4-CARE"
        ]
    },
    {
        "page": "50",
        "name": [
            "Lokanathan Anand, MD"
        ],
        "specialization": [
            "Internal Medicine"
        ],
        "position": [
            "Lokanathan Anand, MD"
        ],
        "address": [
            "11201 Shaker Blvd (2 mi.)"
        ],
        "phone": [
            "1-866-UH4-CARE"
        ]
    },
    {
        "page": "52",
        "name": [
            "Matthew Andersen, MD"
        ],
        "specialization": [
            "Psychiatry-Adult Psychiatry"
        ],
        "position": [
            "Matthew Andersen, MD"
        ],
        "address": [
            "10524 Euclid Ave (0 mi.)"
        ],
        "phone": [
            "1-866-UH4-CARE"
        ]
    },
    {
        "page": "54",
        "name": [
            "Justine Anderson, OT"
        ],
        "specialization": [
            "OCCUPATIONAL THERAPY"
        ],
        "position": [
            "Justine Anderson, OT"
        ],
        "address": [
            "490 White Pond Dr (28 mi.)"
        ],
        "phone": [
            "1-866-UH4-CARE"
        ]
    },
    {
        "page": "53",
        "name": [
            "Jessica Anderson, CNP"
        ],
        "specialization": [
            "Pediatrics"
        ],
        "position": [
            "Jessica Anderson, CNP"
        ],
        "address": [
            "2054 S Green Rd (5 mi.)"
        ],
        "phone": [
            "1-866-UH4-CARE"
        ]
    },
    {
        "page": "44",
        "name": [
            "Sophia Alridge, CDCA"
        ],
        "specialization": [
            "Clinical Counseling"
        ],
        "position": [
            "Sophia Alridge, CDCA"
        ],
        "address": [
            "7301 Poe Ave (177 mi.)"
        ],
        "phone": [
            "1-866-UH4-CARE"
        ]
    },
    {
        "page": "41",
        "name": [
            "Lisa Alley, CNP"
        ],
        "specialization": [
            "Neonatology"
        ],
        "position": [
            "Lisa Alley, CNP"
        ],
        "address": [],
        "phone": [
            "1-866-UH4-CARE"
        ]
    },
    {
        "page": "56",
        "name": [
            "Tarr Andrew, LPCC"
        ],
        "specialization": [
            "Clinical Counseling"
        ],
        "position": [
            "Tarr Andrew, LPCC"
        ],
        "address": [
            "6802 W Snowville Rd (16 mi.)"
        ],
        "phone": [
            "1-866-UH4-CARE"
        ]
    },
    {
        "page": "57",
        "name": [
            "Cynthia Andrews, NP"
        ],
        "specialization": [
            "Family Medicine"
        ],
        "position": [
            "Cynthia Andrews, NP"
        ],
        "address": [
            "6100 Rockside Woods Blvd N (8 mi.)"
        ],
        "phone": [
            "1-866-UH4-CARE"
        ]
    },
    {
        "page": "59",
        "name": [
            "Paula Andros-andrzejewska, OD"
        ],
        "specialization": [
            "Optometry"
        ],
        "position": [
            "Paula Andros-andrzejewska, OD"
        ],
        "address": [
            "18891 Pearl Rd (20 mi.)"
        ],
        "phone": [
            "1-866-UH4-CARE"
        ]
    },
    {
        "page": "6",
        "name": [
            "Durga Acharya, MD"
        ],
        "specialization": [
            "Family Medicine"
        ],
        "position": [
            "Durga Acharya, MD"
        ],
        "address": [
            "401 Devon Pl (29 mi.)"
        ],
        "phone": [
            "1-866-UH4-CARE"
        ]
    },
    {
        "page": "60",
        "name": [
            "Jennifer Anthony, NP"
        ],
        "specialization": [
            "Gastroenterology"
        ],
        "position": [
            "Jennifer Anthony, NP"
        ],
        "address": [
            "570 White Pond Dr (28 mi.)"
        ],
        "phone": [
            "1-866-UH4-CARE"
        ]
    },
    {
        "page": "55",
        "name": [
            "Stacie Anderson, DPM"
        ],
        "specialization": [
            "Podiatry"
        ],
        "position": [
            "Stacie Anderson, DPM"
        ],
        "address": [
            "5625 Ridge Rd (9 mi.)"
        ],
        "phone": [
            "1-866-UH4-CARE"
        ]
    },
    {
        "page": "61",
        "name": [
            "Scott Anzalone, MD"
        ],
        "specialization": [
            "Family Medicine"
        ],
        "position": [
            "Scott Anzalone, MD"
        ],
        "address": [
            "225 E Main St (142 mi.)"
        ],
        "phone": [
            "1-866-UH4-CARE"
        ]
    },
    {
        "page": "62",
        "name": [
            "Costas Apostolis, MD"
        ],
        "specialization": [
            "OBSTETRICS - GYNECOLOGY"
        ],
        "position": [
            "Costas Apostolis, MD"
        ],
        "address": [
            "3009 Smith Rd (26 mi.)"
        ],
        "phone": [
            "1-866-UH4-CARE"
        ]
    },
    {
        "page": "64",
        "name": [
            "MARYJO ARABIAN, LPCC"
        ],
        "specialization": [
            "Clinical Counseling"
        ],
        "position": [
            "MARYJO ARABIAN, LPCC"
        ],
        "address": [
            "5425 Detroit Rd (25 mi.)"
        ],
        "phone": [
            "1-866-UH4-CARE"
        ]
    },
    {
        "page": "58",
        "name": [
            "David Andrews, MD"
        ],
        "specialization": [
            "Pediatric Surgery"
        ],
        "position": [
            "David Andrews, MD"
        ],
        "address": [
            "11100 Euclid Ave (0 mi.)"
        ],
        "phone": [
            "1-866-UH4-CARE"
        ]
    },
    {
        "page": "63",
        "name": [
            "Sharon Arabi, PMHNP"
        ],
        "specialization": [
            "Nurse Practitioner"
        ],
        "position": [
            "Sharon Arabi, PMHNP"
        ],
        "address": [
            "10200 Alliance Rd (214 mi.)"
        ],
        "phone": [
            "1-866-UH4-CARE"
        ]
    },
    {
        "page": "67",
        "name": [
            "Joseph Armeli, PT"
        ],
        "specialization": [
            "Physical Therapy"
        ],
        "position": [
            "Joseph Armeli, PT"
        ],
        "address": [
            "150 7th Ave (21 mi.)"
        ],
        "phone": [
            "1-866-UH4-CARE"
        ]
    },
    {
        "page": "69",
        "name": [
            "Derek Armfield, MD"
        ],
        "specialization": [
            "Radiology-Diagnostic Radiology"
        ],
        "position": [
            "Derek Armfield, MD"
        ],
        "address": [],
        "phone": [
            "1-866-UH4-CARE"
        ]
    },
    {
        "page": "65",
        "name": [
            "Robert Arena, MD"
        ],
        "specialization": [],
        "position": [
            "Robert Arena, MD"
        ],
        "address": [],
        "phone": [
            "1-866-UH4-CARE"
        ]
    },
    {
        "page": "68",
        "name": [
            "Kelsey Armentrout, LPCC"
        ],
        "specialization": [
            "Clinical Counseling"
        ],
        "position": [
            "Kelsey Armentrout, LPCC"
        ],
        "address": [
            "843 N Cleveland Massillon Rd (24 mi.)"
        ],
        "phone": [
            "1-866-UH4-CARE"
        ]
    },
    {
        "page": "66",
        "name": [
            "Emily Arison, PA-C"
        ],
        "specialization": [
            "Dermatology"
        ],
        "position": [
            "Emily Arison, PA-C"
        ],
        "address": [],
        "phone": [
            "1-866-UH4-CARE"
        ]
    },
    {
        "page": "72",
        "name": [
            "Elizabeth Armstrong, LISW"
        ],
        "specialization": [],
        "position": [
            "Elizabeth Armstrong, LISW"
        ],
        "address": [
            "23625 Commerce Park (6 mi.)"
        ],
        "phone": [
            "1-866-UH4-CARE"
        ]
    },
    {
        "page": "70",
        "name": [
            "Valerie Armor, APRN"
        ],
        "specialization": [
            "Nurse Practitioner"
        ],
        "position": [
            "Valerie Armor, APRN"
        ],
        "address": [
            "5123 Norwich St (130 mi.)"
        ],
        "phone": [
            "1-866-UH4-CARE"
        ]
    },
    {
        "page": "71",
        "name": [
            "Aimee Armstrong, MD"
        ],
        "specialization": [
            "Pediatric Cardiology"
        ],
        "position": [
            "Aimee Armstrong, MD"
        ],
        "address": [],
        "phone": [
            "1-866-UH4-CARE"
        ]
    },
    {
        "page": "7",
        "name": [
            "Louise Acheson, MD"
        ],
        "specialization": [
            "Family Medicine"
        ],
        "position": [
            "Louise Acheson, MD"
        ],
        "address": [
            "11100 Euclid Ave (0 mi.)"
        ],
        "phone": [
            "1-866-UH4-CARE"
        ]
    },
    {
        "page": "75",
        "name": [
            "Tanureet Arora, MD"
        ],
        "specialization": [
            "Endocrinology"
        ],
        "position": [
            "Tanureet Arora, MD"
        ],
        "address": [
            "26908 Detroit Rd (16 mi.)"
        ],
        "phone": [
            "1-866-UH4-CARE"
        ]
    },
    {
        "page": "74",
        "name": [
            "Maria Armstrong Murphy, MD"
        ],
        "specialization": [
            "Physical Medicine and Rehabilitation"
        ],
        "position": [
            "Maria Armstrong Murphy, MD"
        ],
        "address": [],
        "phone": [
            "1-866-UH4-CARE"
        ]
    },
    {
        "page": "77",
        "name": [
            "Felecia Arthur, LISW-S"
        ],
        "specialization": [],
        "position": [
            "Felecia Arthur, LISW-S"
        ],
        "address": [
            "6802 W Snowville Rd (16 mi.)"
        ],
        "phone": [
            "1-866-UH4-CARE"
        ]
    },
    {
        "page": "78",
        "name": [
            "Tannaz Asadi, MD"
        ],
        "specialization": [
            "Infectious Disease"
        ],
        "position": [
            "Tannaz Asadi, MD"
        ],
        "address": [],
        "phone": [
            "1-866-UH4-CARE"
        ]
    },
    {
        "page": "79",
        "name": [
            "Fadi Asfahan, MD"
        ],
        "specialization": [],
        "position": [
            "Fadi Asfahan, MD"
        ],
        "address": [],
        "phone": [
            "1-866-UH4-CARE"
        ]
    },
    {
        "page": "73",
        "name": [
            "Linda Armstrong, DO"
        ],
        "specialization": [
            "Radiology"
        ],
        "position": [
            "Linda Armstrong, DO"
        ],
        "address": [
            "5319 Hoag Dr (25 mi.)"
        ],
        "phone": [
            "1-866-UH4-CARE"
        ]
    },
    {
        "page": "76",
        "name": [
            "Mauricio Arruda, MD"
        ],
        "specialization": [
            "Cardiology, Cardiology-Clinical Cardiac Electrophysiology"
        ],
        "position": [
            "Mauricio Arruda, MD"
        ],
        "address": [
            "11100 Euclid Ave (0 mi.)"
        ],
        "phone": [
            "1-866-UH4-CARE"
        ]
    },
    {
        "page": "80",
        "name": [
            "Syed Ashraf, MD"
        ],
        "specialization": [
            "Internal Medicine"
        ],
        "position": [
            "Syed Ashraf, MD"
        ],
        "address": [
            "6555 Wilson Mills Rd (9 mi.)"
        ],
        "phone": [
            "1-866-UH4-CARE"
        ]
    },
    {
        "page": "81",
        "name": [
            "Sean Asp, PT"
        ],
        "specialization": [
            "Physical Therapy"
        ],
        "position": [
            "Sean Asp, PT"
        ],
        "address": [
            "2215 E Waterloo Rd (34 mi.)"
        ],
        "phone": [
            "1-866-UH4-CARE"
        ]
    },
    {
        "page": "83",
        "name": [
            "Lindsay Austin, CNP"
        ],
        "specialization": [
            "Family Medicine"
        ],
        "position": [
            "Lindsay Austin, CNP"
        ],
        "address": [
            "South Ave (57 mi.)"
        ],
        "phone": [
            "1-866-UH4-CARE"
        ]
    },
    {
        "page": "84",
        "name": [
            "Deborah Avallone, CNS"
        ],
        "specialization": [
            "Diabetes Education"
        ],
        "position": [
            "Deborah Avallone, CNS"
        ],
        "address": [],
        "phone": [
            "1-866-UH4-CARE"
        ]
    },
    {
        "page": "85",
        "name": [
            "Edwin Avery, MD"
        ],
        "specialization": [],
        "position": [
            "Edwin Avery, MD"
        ],
        "address": [],
        "phone": [
            "1-866-UH4-CARE"
        ]
    },
    {
        "page": "82",
        "name": [
            "Sirena Atalig, BCBA"
        ],
        "specialization": [
            "Behavioral Analysis"
        ],
        "position": [
            "Sirena Atalig, BCBA"
        ],
        "address": [
            "6960 S Edgerton Rd (15 mi.)"
        ],
        "phone": [
            "1-866-UH4-CARE"
        ]
    },
    {
        "page": "8",
        "name": [
            "Louise Acheson, MD"
        ],
        "specialization": [
            "Family Medicine"
        ],
        "position": [
            "Louise Acheson, MD"
        ],
        "address": [
            "11100 Euclid Ave (0 mi.)"
        ],
        "phone": [
            "1-866-UH4-CARE"
        ]
    },
    {
        "page": "86",
        "name": [
            "Gustavo Avila Amat, MD"
        ],
        "specialization": [],
        "position": [
            "Gustavo Avila Amat, MD"
        ],
        "address": [],
        "phone": [
            "1-866-UH4-CARE"
        ]
    },
    {
        "page": "87",
        "name": [
            "Norbert Avril, MD"
        ],
        "specialization": [
            "Radiology-Nuclear Medicine, Radiology-Diagnostic Radiology"
        ],
        "position": [
            "Norbert Avril, MD"
        ],
        "address": [],
        "phone": [
            "1-866-UH4-CARE"
        ]
    },
    {
        "page": "9",
        "name": [
            "Ali Acker, APRN"
        ],
        "specialization": [
            "Nurse Practitioner"
        ],
        "position": [
            "Ali Acker, APRN"
        ],
        "address": [
            "1299 Industrial Pkwy N (21 mi.)"
        ],
        "phone": [
            "1-866-UH4-CARE"
        ]
    },
    {
        "page": "88",
        "name": [
            "Natasha Axton, PA-C"
        ],
        "specialization": [
            "Internal Medicine"
        ],
        "position": [
            "Natasha Axton, PA-C"
        ],
        "address": [],
        "phone": [
            "1-866-UH4-CARE"
        ]
    },
    {
        "page": "89",
        "name": [
            "Allison Aylesworth, DC"
        ],
        "specialization": [
            "Chiropractic"
        ],
        "position": [
            "Allison Aylesworth, DC"
        ],
        "address": [
            "1 S Main St (12 mi.)"
        ],
        "phone": [
            "1-866-UH4-CARE"
        ]
    },
    {
        "page": "91",
        "name": [
            "Nami Azar, MD, MBA"
        ],
        "specialization": [
            "Radiology-Vascular and Interventional Radiology, Radiology-Abdominal Imaging, Radiology-Diagnostic Radiology"
        ],
        "position": [
            "Nami Azar, MD, MBA"
        ],
        "address": [],
        "phone": [
            "1-866-UH4-CARE"
        ]
    },
    {
        "page": "90",
        "name": [
            "Nabil Azar, MD"
        ],
        "specialization": [
            "Internal Medicine"
        ],
        "position": [
            "Nabil Azar, MD"
        ],
        "address": [
            "730 Som Center Rd (9 mi.)"
        ],
        "phone": [
            "1-866-UH4-CARE"
        ]
    },
    {
        "page": "94",
        "name": [
            "Nabila Babar, MD"
        ],
        "specialization": [
            "Psychology"
        ],
        "position": [
            "Nabila Babar, MD"
        ],
        "address": [
            "950 Lila Ave (214 mi.)"
        ],
        "phone": [
            "1-866-UH4-CARE"
        ]
    },
    {
        "page": "95",
        "name": [
            "Yuriy Babayev, MD"
        ],
        "specialization": [
            "Radiology-Vascular and Interventional Radiology, Radiology-Diagnostic Radiology"
        ],
        "position": [
            "Yuriy Babayev, MD"
        ],
        "address": [],
        "phone": [
            "1-866-UH4-CARE"
        ]
    },
    {
        "page": "92",
        "name": [
            "May Azem, MD"
        ],
        "specialization": [
            "Rheumatology"
        ],
        "position": [
            "May Azem, MD"
        ],
        "address": [
            "7527 Fredle Dr (22 mi.)"
        ],
        "phone": [
            "1-866-UH4-CARE"
        ]
    },
    {
        "page": "93",
        "name": [
            "Jill Azok, MD"
        ],
        "specialization": [
            "Pediatrics"
        ],
        "position": [
            "Jill Azok, MD"
        ],
        "address": [],
        "phone": [
            "1-866-UH4-CARE"
        ]
    },
    {
        "page": "96",
        "name": [
            "Angelia Bable, CDCA"
        ],
        "specialization": [
            "Clinical Counseling"
        ],
        "position": [
            "Angelia Bable, CDCA"
        ],
        "address": [
            "87 Conservatory Dr (34 mi.)"
        ],
        "phone": [
            "1-866-UH4-CARE"
        ]
    },
    {
        "page": "97",
        "name": [
            "Alexa Bachmann, PT"
        ],
        "specialization": [
            "Physical Therapy"
        ],
        "position": [
            "Alexa Bachmann, PT"
        ],
        "address": [
            "2546 Center Rd (21 mi.)"
        ],
        "phone": [
            "1-866-UH4-CARE"
        ]
    },
    {
        "page": "39",
        "name": [
            "Kaitlin Alfrey, COBA, BCBA"
        ],
        "specialization": [
            "Applied Behavioral Analysis"
        ],
        "position": [
            "Kaitlin Alfrey, COBA, BCBA"
        ],
        "address": [
            "23500 Mercantile Rd (6 mi.)"
        ],
        "phone": [
            "1-866-UH4-CARE"
        ]
    },
    {
        "page": "98",
        "name": [
            "Theresa Backman, PMHNP- BC"
        ],
        "specialization": [
            "Nurse Practitioner"
        ],
        "position": [
            "Theresa Backman, PMHNP- BC"
        ],
        "address": [
            "13550 Falling Water Rd (17 mi.)"
        ],
        "phone": [
            "1-866-UH4-CARE"
        ]
    },
    {
        "page": "99",
        "name": [
            "Randall Baenen, PhD"
        ],
        "specialization": [
            "Psychology-Adult Psychology"
        ],
        "position": [
            "Randall Baenen, PhD"
        ],
        "address": [],
        "phone": [
            "1-866-UH4-CARE"
        ]
    },
    {
        "page": "42",
        "name": [
            "Mohammed Al-Marrawi, MD"
        ],
        "specialization": [
            "Oncology"
        ],
        "position": [
            "Mohammed Al-Marrawi, MD"
        ],
        "address": [
            "701 Tyler St (57 mi.)"
        ],
        "phone": [
            "1-866-UH4-CARE"
        ]
    }
]