[
    {
        "page": "0",
        "name": [
            "Aarti R. Chandawarkar, MD"
        ],
        "position": [
            "Aarti R. Chandawarkar, MD"
        ],
        "contact_info": [
            "(614) 722-4966",
            "(614) 722-4950"
        ],
        "specialization": [
            "Pediatrics"
        ]
    },
    {
        "page": "100",
        "name": [
            "Jennie G. David, PhD"
        ],
        "position": [
            "Jennie G. David, PhD"
        ],
        "contact_info": [
            "(614) 722-4700",
            "(614) 722-4718"
        ],
        "specialization": [
            "Psychiatry and Behavioral Health"
        ]
    },
    {
        "page": "102",
        "name": [
            "Jennifer H. Aldrink, MD"
        ],
        "position": [
            "Jennifer H. Aldrink, MD"
        ],
        "contact_info": [
            "(614) 722-3903",
            "(614) 722-3900"
        ],
        "specialization": [
            "General Pediatric Surgery"
        ]
    },
    {
        "page": "103",
        "name": [
            "Jennifer Hughes, PhD"
        ],
        "position": [
            "Jennifer Hughes, PhD"
        ],
        "contact_info": [
            "(614) 722-4700",
            "(614) 722-4718"
        ],
        "specialization": [
            "Psychiatry and Behavioral Health"
        ]
    },
    {
        "page": "104",
        "name": [
            "Jennifer J. Berkbigler, CPNP-AC"
        ],
        "position": [
            "Jennifer J. Berkbigler, CPNP-AC"
        ],
        "contact_info": [
            "(614) 722-9498",
            "(614) 722-6336"
        ],
        "specialization": [
            "General Pediatric Surgery"
        ]
    },
    {
        "page": "105",
        "name": [
            "Jennifer Lynn Dotson, MD, MPH"
        ],
        "position": [
            "Jennifer Lynn Dotson, MD, MPH"
        ],
        "contact_info": [
            "(614) 722-3454",
            "(614) 722-3450"
        ],
        "specialization": [
            "Pediatrics"
        ]
    },
    {
        "page": "106",
        "name": [
            "Jennifer Meagher Lane, MPT"
        ],
        "position": [
            "Jennifer Meagher Lane, MPT"
        ],
        "contact_info": [
            "(614)722-8636",
            "(614)722-3889"
        ],
        "specialization": [
            "Clinical Therapies"
        ]
    },
    {
        "page": "1",
        "name": [
            "Abigail S. Nelson, CPNP-AC"
        ],
        "position": [
            "Abigail S. Nelson, CPNP-AC"
        ],
        "contact_info": [
            "(614) 722-6988",
            "(614) 722-9530"
        ],
        "specialization": [
            "General Pediatric Surgery"
        ]
    },
    {
        "page": "108",
        "name": [
            "Jo Ellen M. Lee, CPNP-PC"
        ],
        "position": [
            "Jo Ellen M. Lee, CPNP-PC"
        ],
        "contact_info": [
            "(614) 722-4633",
            "(614) 722-4625"
        ],
        "specialization": [
            "Pediatrics"
        ]
    },
    {
        "page": "10",
        "name": [
            "Allyson A. Woerndle, CPNP-PC"
        ],
        "position": [
            "Allyson A. Woerndle, CPNP-PC"
        ],
        "contact_info": [
            "(614) 722-1753",
            "(614) 722-4766"
        ],
        "specialization": [
            "Pediatrics"
        ]
    },
    {
        "page": "109",
        "name": [
            "Johanna C. Taylor, FNP"
        ],
        "position": [
            "Johanna C. Taylor, FNP"
        ],
        "contact_info": [
            "(614) 722-6988",
            "(614) 722-6336"
        ],
        "specialization": [
            "Pediatrics"
        ]
    },
    {
        "page": "110",
        "name": [
            "John P. Kovalchin, MD"
        ],
        "position": [
            "John P. Kovalchin, MD"
        ],
        "contact_info": [
            "(614) 722-2530",
            "(614) 722-2549"
        ],
        "specialization": [
            "Pediatrics"
        ]
    },
    {
        "page": "11",
        "name": [
            "Alyssa E. Cook, FNP"
        ],
        "position": [
            "Alyssa E. Cook, FNP"
        ],
        "contact_info": [
            "(614) 722-4633",
            "(614) 722-8978"
        ],
        "specialization": [
            "General Pediatric Surgery"
        ]
    },
    {
        "page": "111",
        "name": [
            "Johnstone M. Kim, MD"
        ],
        "position": [
            "Johnstone M. Kim, MD"
        ],
        "contact_info": [
            "(614) 339-8500",
            "(614) 339-8501"
        ],
        "specialization": [
            "Ophthalmology"
        ]
    },
    {
        "page": "112",
        "name": [
            "Jonathan G. Chang, MD"
        ],
        "position": [
            "Jonathan G. Chang, MD"
        ],
        "contact_info": [
            "(614) 722-4380",
            "(614) 722-4385"
        ],
        "specialization": [
            "Pediatrics"
        ]
    },
    {
        "page": "113",
        "name": [
            "Jonathon K. Nicholson, MD"
        ],
        "position": [
            "Jonathon K. Nicholson, MD"
        ],
        "contact_info": [
            "(419) 783-3226",
            "(419) 783-2799"
        ],
        "specialization": [
            "Pediatrics"
        ]
    },
    {
        "page": "101",
        "name": [
            "Jennifer A. Lee, MD"
        ],
        "position": [
            "Jennifer A. Lee, MD"
        ],
        "contact_info": [
            "(614) 722-3454",
            "(614) 722-3450"
        ],
        "specialization": [
            "Pediatrics"
        ]
    },
    {
        "page": "107",
        "name": [
            "Jesse R. Parthemore, AT, ATC, MS"
        ],
        "position": [
            "Jesse R. Parthemore, AT, ATC, MS"
        ],
        "contact_info": [
            "(614)355-6054"
        ],
        "specialization": [
            "Sports Medicine"
        ]
    },
    {
        "page": "115",
        "name": [
            "Julie B. Samora, MD"
        ],
        "position": [
            "Julie B. Samora, MD"
        ],
        "contact_info": [
            "(614) 722-5175",
            "(614) 355-1395"
        ],
        "specialization": [
            "Orthopedics"
        ]
    },
    {
        "page": "114",
        "name": [
            "Joseph E. Derr, CPNP-AC"
        ],
        "position": [
            "Joseph E. Derr, CPNP-AC"
        ],
        "contact_info": [
            "(614) 722-6988",
            "(614) 722-6336"
        ],
        "specialization": [
            "Pediatrics"
        ]
    },
    {
        "page": "117",
        "name": [
            "Justin K. Krueger, MD"
        ],
        "position": [
            "Justin K. Krueger, MD"
        ],
        "contact_info": [
            "(937) 644-1441",
            "(937) 642-7760"
        ],
        "specialization": [
            "Pediatrics",
            "Community Pediatrics"
        ]
    },
    {
        "page": "119",
        "name": [
            "Karla R. Hauersperger, MD"
        ],
        "position": [
            "Karla R. Hauersperger, MD"
        ],
        "contact_info": [
            "(614) 938-8521",
            "(614) 722-5850"
        ],
        "specialization": [
            "Pediatrics"
        ]
    },
    {
        "page": "12",
        "name": [
            "Amber N. Craver, CRNA"
        ],
        "position": [
            "Amber N. Craver, CRNA"
        ],
        "contact_info": [
            "(614) 722-4200",
            "(614) 722-4203"
        ],
        "specialization": [
            "Anesthesiology & Pain Medicine"
        ]
    },
    {
        "page": "120",
        "name": [
            "Kelly N. Day, CPNP-PC"
        ],
        "position": [
            "Kelly N. Day, CPNP-PC"
        ],
        "contact_info": [
            "(614) 722-3122",
            "(614) 722-6630"
        ],
        "specialization": [
            "Certified Pediatric Nurse Practitioner- Primary Care",
            "Pediatrics"
        ]
    },
    {
        "page": "121",
        "name": [
            "Kenneth V. Cahill, MD"
        ],
        "position": [
            "Kenneth V. Cahill, MD"
        ],
        "contact_info": [
            "(614) 221-7464",
            "(614) 221-8117"
        ],
        "specialization": [
            "Ophthalmology"
        ]
    },
    {
        "page": "118",
        "name": [
            "Karen S. Hergenreder, CRNA"
        ],
        "position": [
            "Karen S. Hergenreder, CRNA"
        ],
        "contact_info": [
            "(419) 251-4876",
            "(419) 251-4515"
        ],
        "specialization": [
            "Anesthesiology & Pain Medicine"
        ]
    },
    {
        "page": "122",
        "name": [
            "Kent C. Williams, MD"
        ],
        "position": [
            "Kent C. Williams, MD"
        ],
        "contact_info": [
            "(614) 722-3454",
            "(614) 722-3450"
        ],
        "specialization": [
            "Pediatrics"
        ]
    },
    {
        "page": "124",
        "name": [
            "Kevin M. Dickerson, MD"
        ],
        "position": [
            "Kevin M. Dickerson, MD"
        ],
        "contact_info": [
            "(614) 267-7077",
            "(614) 267-7878"
        ],
        "specialization": [
            "Pediatrics"
        ]
    },
    {
        "page": "126",
        "name": [
            "Kevin Mason, PhD"
        ],
        "position": [
            "Kevin Mason, PhD"
        ],
        "contact_info": [
            "(614)355.3534",
            "(614)722.2818"
        ],
        "specialization": []
    },
    {
        "page": "125",
        "name": [
            "Kevin M. Flanigan, MD"
        ],
        "position": [
            "Kevin M. Flanigan, MD"
        ],
        "contact_info": [
            "(614) 722-4633",
            "(614) 722-4625"
        ],
        "specialization": [
            "Pediatrics"
        ]
    },
    {
        "page": "127",
        "name": [
            "Kim A. Bjorklund, MD"
        ],
        "position": [
            "Kim A. Bjorklund, MD"
        ],
        "contact_info": [
            "(614) 722-6640",
            "(614) 722-5826"
        ],
        "specialization": [
            "Pediatric Plastic & Reconstructive Surgery"
        ]
    },
    {
        "page": "128",
        "name": [
            "Kristen R. Hoskinson, PhD"
        ],
        "position": [
            "Kristen R. Hoskinson, PhD"
        ],
        "contact_info": [
            "(614) 722-4700",
            "(614) 722-4718"
        ],
        "specialization": [
            "Psychiatry and Behavioral Health"
        ]
    },
    {
        "page": "123",
        "name": [
            "Kent W. Doherty, DO"
        ],
        "position": [
            "Kent W. Doherty, DO"
        ],
        "contact_info": [
            "(614) 899-0000",
            "(614) 899-0524"
        ],
        "specialization": [
            "Pediatrics"
        ]
    },
    {
        "page": "116",
        "name": [
            "Julie M. Lange, MD"
        ],
        "position": [
            "Julie M. Lange, MD"
        ],
        "contact_info": [
            "(614) 241-5232",
            "(614) 224-6222"
        ],
        "specialization": [
            "Ophthalmology"
        ]
    },
    {
        "page": "129",
        "name": [
            "Kristen V. Truxal, MD"
        ],
        "position": [
            "Kristen V. Truxal, MD"
        ],
        "contact_info": [
            "(614) 722-3535",
            "(614) 722-3546"
        ],
        "specialization": [
            "Pediatrics",
            "Faculty"
        ]
    },
    {
        "page": "132",
        "name": [
            "Leah E. Braswell, MD"
        ],
        "position": [
            "Leah E. Braswell, MD"
        ],
        "contact_info": [
            "(614) 722-2332",
            "(614) 355-4195"
        ],
        "specialization": [
            "Radiology"
        ]
    },
    {
        "page": "133",
        "name": [],
        "position": [],
        "contact_info": [],
        "specialization": []
    },
    {
        "page": "134",
        "name": [
            "Linda E. Chun, MD"
        ],
        "position": [
            "Linda E. Chun, MD"
        ],
        "contact_info": [
            "(614) 722-4966",
            "(614) 722-4950"
        ],
        "specialization": [
            "Pediatrics"
        ]
    },
    {
        "page": "135",
        "name": [
            "Lisa M. Ulrich, MD"
        ],
        "position": [
            "Lisa M. Ulrich, MD"
        ],
        "contact_info": [
            "(614) 722-4755",
            "(614) 722-4766"
        ],
        "specialization": [
            "Pediatrics"
        ]
    },
    {
        "page": "136",
        "name": [
            "Long-Sheng Chang, PhD"
        ],
        "position": [
            "Long-Sheng Chang, PhD"
        ],
        "contact_info": [
            "(614)722-2700"
        ],
        "specialization": [
            "Center for Childhood Cancer"
        ]
    },
    {
        "page": "137",
        "name": [
            "Luke M. Davies, PMHNP"
        ],
        "position": [
            "Luke M. Davies, PMHNP"
        ],
        "contact_info": [
            "(614) 722-1753",
            "(614) 722-4766"
        ],
        "specialization": [
            "Psychiatry and Behavioral Health"
        ]
    },
    {
        "page": "13",
        "name": [
            "Amer A. Afaneh, MD"
        ],
        "position": [
            "Amer A. Afaneh, MD"
        ],
        "contact_info": [
            "(419) 251-3271",
            "(419) 251-4283"
        ],
        "specialization": [
            "General Pediatric Surgery"
        ]
    },
    {
        "page": "138",
        "name": [
            "Mai-Lan Ho, MD"
        ],
        "position": [
            "Mai-Lan Ho, MD"
        ],
        "contact_info": [
            "(614) 722-2332",
            "(614) 722-2282"
        ],
        "specialization": [
            "Radiology"
        ]
    },
    {
        "page": "139",
        "name": [
            "Maninder S. Kalra, MD"
        ],
        "position": [
            "Maninder S. Kalra, MD"
        ],
        "contact_info": [
            "(614) 722-4755",
            "(614) 722-4766"
        ],
        "specialization": [
            "Sleep Medicine",
            "Pediatrics"
        ]
    },
    {
        "page": "14",
        "name": [
            "Amrik S. Khalsa, MD"
        ],
        "position": [
            "Amrik S. Khalsa, MD"
        ],
        "contact_info": [
            "(614) 355-9000",
            "(614) 355-9010"
        ],
        "specialization": [
            "Pediatrics"
        ]
    },
    {
        "page": "140",
        "name": [
            "Marc S. Leder, MD"
        ],
        "position": [
            "Marc S. Leder, MD"
        ],
        "contact_info": [
            "(614) 938-8521",
            "(614) 722-5850"
        ],
        "specialization": [
            "Pediatrics"
        ]
    },
    {
        "page": "141",
        "name": [],
        "position": [],
        "contact_info": [],
        "specialization": []
    },
    {
        "page": "142",
        "name": [],
        "position": [],
        "contact_info": [],
        "specialization": []
    },
    {
        "page": "131",
        "name": [
            "Lauren A. Justice, OTR/L, MOT"
        ],
        "position": [
            "Lauren A. Justice, OTR/L, MOT"
        ],
        "contact_info": [
            "(614)722-8711"
        ],
        "specialization": [
            "Clinical Therapies"
        ]
    },
    {
        "page": "130",
        "name": [
            "Laura O'Brien Ha Rust, MD"
        ],
        "position": [
            "Laura O'Brien Ha Rust, MD"
        ],
        "contact_info": [
            "(614) 722-4380",
            "(614) 722-4385"
        ],
        "specialization": [
            "Pediatrics"
        ]
    },
    {
        "page": "143",
        "name": [
            "Maria D. Brown, MD"
        ],
        "position": [
            "Maria D. Brown, MD"
        ],
        "contact_info": [
            "(614) 355-8610",
            "(614) 722-2450"
        ],
        "specialization": [
            "Pediatrics"
        ]
    },
    {
        "page": "145",
        "name": [
            "Mark A. Winerman, MD"
        ],
        "position": [
            "Mark A. Winerman, MD"
        ],
        "contact_info": [
            "(614) 355-9700",
            "(614) 355-9710"
        ],
        "specialization": [
            "Pediatrics"
        ]
    },
    {
        "page": "148",
        "name": [
            "Marwa A. Abdikarim, PMHNP-BC"
        ],
        "position": [
            "Marwa A. Abdikarim, PMHNP-BC"
        ],
        "contact_info": [
            "(614) 938-0167",
            "(614) 938-0170"
        ],
        "specialization": [
            "Psychiatry and Behavioral Health"
        ]
    },
    {
        "page": "149",
        "name": [
            "Mary M. Kaminski, NNP, DNP"
        ],
        "position": [
            "Mary M. Kaminski, NNP, DNP"
        ],
        "contact_info": [
            "(614) 722-9048",
            "(614) 722-5093"
        ],
        "specialization": [
            "Pediatrics",
            "Neonatology"
        ]
    },
    {
        "page": "146",
        "name": [
            "Mark E. Peeples, PhD"
        ],
        "position": [
            "Mark E. Peeples, PhD"
        ],
        "contact_info": [
            "(614) 722-3696",
            "(614) 722-3680"
        ],
        "specialization": [
            "Center for Vaccines and Immunity"
        ]
    },
    {
        "page": "144",
        "name": [
            "Mark A. Naddaf, MD"
        ],
        "position": [
            "Mark A. Naddaf, MD"
        ],
        "contact_info": [
            "(419) 251-4880",
            "(419) 251-7714"
        ],
        "specialization": [
            "Pediatrics"
        ]
    },
    {
        "page": "150",
        "name": [
            "Matthew J. Dick, PharmD"
        ],
        "position": [
            "Matthew J. Dick, PharmD"
        ],
        "contact_info": [
            "(614) 355-2878",
            "(614) 722-8304"
        ],
        "specialization": [
            "Pharmacy"
        ]
    },
    {
        "page": "151",
        "name": [
            "May Ling Mah, MD"
        ],
        "position": [
            "May Ling Mah, MD"
        ],
        "contact_info": [
            "(614) 722-2530",
            "(614) 722-2549"
        ],
        "specialization": [
            "Pediatrics",
            "Physician Team"
        ]
    },
    {
        "page": "152",
        "name": [
            "Megan A. Waldrop, MD"
        ],
        "position": [
            "Megan A. Waldrop, MD"
        ],
        "contact_info": [
            "(614) 355-5247",
            "(614) 722-2203"
        ],
        "specialization": [
            "Neurology",
            "Pediatrics",
            "Faculty"
        ]
    },
    {
        "page": "154",
        "name": [
            "Meghan M. Dishong, MD"
        ],
        "position": [
            "Meghan M. Dishong, MD"
        ],
        "contact_info": [
            "(614) 722-6200",
            "(614) 355-9210"
        ],
        "specialization": [
            "Pediatrics"
        ]
    },
    {
        "page": "155",
        "name": [
            "Michael A. Nagel, MD"
        ],
        "position": [
            "Michael A. Nagel, MD"
        ],
        "contact_info": [
            "(419) 291-3900",
            "(419) 479-6055"
        ],
        "specialization": [
            "Pediatrics"
        ]
    },
    {
        "page": "153",
        "name": [
            "Megan R. Schaefer, PhD"
        ],
        "position": [
            "Megan R. Schaefer, PhD"
        ],
        "contact_info": [
            "(614) 722-4700",
            "(614) 722-4718"
        ],
        "specialization": [
            "Psychiatry and Behavioral Health"
        ]
    },
    {
        "page": "157",
        "name": [
            "Misti D. Blair, CPNP-AC"
        ],
        "position": [
            "Misti D. Blair, CPNP-AC"
        ],
        "contact_info": [
            "(614) 722-6988",
            "(614) 722-6336"
        ],
        "specialization": [
            "General Pediatric Surgery"
        ]
    },
    {
        "page": "147",
        "name": [
            "Mark E. Peeples, PhD"
        ],
        "position": [
            "Mark E. Peeples, PhD"
        ],
        "contact_info": [
            "(614) 722-3696",
            "(614) 722-3680"
        ],
        "specialization": [
            "Center for Vaccines and Immunity"
        ]
    },
    {
        "page": "15",
        "name": [
            "Amy E. Augustine, DDS"
        ],
        "position": [
            "Amy E. Augustine, DDS"
        ],
        "contact_info": [
            "(419) 592-9956"
        ],
        "specialization": []
    },
    {
        "page": "156",
        "name": [
            "Michael R. Dienstbach, MD"
        ],
        "position": [
            "Michael R. Dienstbach, MD"
        ],
        "contact_info": [
            "(614) 366-2360",
            "(614) 293-7499"
        ],
        "specialization": [
            "Hospital Medicine"
        ]
    },
    {
        "page": "158",
        "name": [],
        "position": [],
        "contact_info": [],
        "specialization": []
    },
    {
        "page": "161",
        "name": [
            "Motao Zhu, MD, MS, PhD"
        ],
        "position": [
            "Motao Zhu, MD, MS, PhD"
        ],
        "contact_info": [
            "(614)355-6687"
        ],
        "specialization": [
            "Center for Injury Research & Policy"
        ]
    },
    {
        "page": "159",
        "name": [
            "Mohammed A. Abusamieh, MD"
        ],
        "position": [
            "Mohammed A. Abusamieh, MD"
        ],
        "contact_info": [
            "(419) 473-9380",
            "(419) 473-9515"
        ],
        "specialization": [
            "Pediatrics"
        ]
    },
    {
        "page": "162",
        "name": [
            "Nancy E. Calderone, NNP"
        ],
        "position": [
            "Nancy E. Calderone, NNP"
        ],
        "contact_info": [
            "(614) 722-9048",
            "(614) 722-5093"
        ],
        "specialization": [
            "Pediatrics"
        ]
    },
    {
        "page": "16",
        "name": [
            "Amy L Leber, PhD"
        ],
        "position": [
            "Amy L Leber, PhD"
        ],
        "contact_info": [
            "(614)722-5308",
            "(614)722-5310"
        ],
        "specialization": [
            "Clinical Pathology",
            "Clinical Pathology Team"
        ]
    },
    {
        "page": "160",
        "name": [
            "Mohammed J. Akbani, MD"
        ],
        "position": [
            "Mohammed J. Akbani, MD"
        ],
        "contact_info": [
            "(419) 251-4594",
            "(419) 251-4434"
        ],
        "specialization": [
            "General Pediatric Surgery"
        ]
    },
    {
        "page": "163",
        "name": [
            "Naomi J. Kertesz, MD"
        ],
        "position": [
            "Naomi J. Kertesz, MD"
        ],
        "contact_info": [
            "(614) 722-2530",
            "(614) 722-2549"
        ],
        "specialization": [
            "Pediatrics"
        ]
    },
    {
        "page": "164",
        "name": [
            "Natalie P. Truba, PhD"
        ],
        "position": [
            "Natalie P. Truba, PhD"
        ],
        "contact_info": [
            "(614) 722-4700",
            "(614) 722-4718"
        ],
        "specialization": [
            "Psychiatry and Behavioral Health"
        ]
    },
    {
        "page": "166",
        "name": [
            "Nicole B. Hayes, CPNP-AC"
        ],
        "position": [
            "Nicole B. Hayes, CPNP-AC"
        ],
        "contact_info": [
            "(614) 722-1791",
            "(614) 722-9498"
        ],
        "specialization": [
            "General Pediatric Surgery"
        ]
    },
    {
        "page": "168",
        "name": [
            "Nicole P. Bernal, MD"
        ],
        "position": [
            "Nicole P. Bernal, MD"
        ],
        "contact_info": [
            "(614) 722-3903",
            "(614) 722-3900"
        ],
        "specialization": [
            "General Pediatric Surgery"
        ]
    },
    {
        "page": "165",
        "name": [
            "Nathan S. Rosenberg, MD"
        ],
        "position": [
            "Nathan S. Rosenberg, MD"
        ],
        "contact_info": [
            "(614) 722-5050",
            "(614) 722-5058"
        ],
        "specialization": [
            "Pediatrics",
            "Physician Team"
        ]
    },
    {
        "page": "167",
        "name": [
            "Nicole L. Jenkins, FNP"
        ],
        "position": [
            "Nicole L. Jenkins, FNP"
        ],
        "contact_info": [
            "(614) 722-9498",
            "(614) 722-9537"
        ],
        "specialization": [
            "General Pediatric Surgery",
            "Nurse Practitioner Team"
        ]
    },
    {
        "page": "17",
        "name": [
            "Amy M. Donegan, CPNP-PC"
        ],
        "position": [
            "Amy M. Donegan, CPNP-PC"
        ],
        "contact_info": [
            "(614) 722-3454",
            "(614) 722-3450"
        ],
        "specialization": [
            "Pediatrics"
        ]
    },
    {
        "page": "169",
        "name": [
            "Olamide O. Dairo, MD"
        ],
        "position": [
            "Olamide O. Dairo, MD"
        ],
        "contact_info": [
            "(614) 722-4200",
            "(614) 722-4203"
        ],
        "specialization": [
            "Anesthesiology & Pain Medicine"
        ]
    },
    {
        "page": "172",
        "name": [
            "Patrick C. Walz, MD, FAAP"
        ],
        "position": [
            "Patrick C. Walz, MD, FAAP"
        ],
        "contact_info": [
            "(614) 722-3150",
            "(614) 722-6609"
        ],
        "specialization": [
            "Otolaryngology"
        ]
    },
    {
        "page": "171",
        "name": [
            "Patricia L. Nash, MD"
        ],
        "position": [
            "Patricia L. Nash, MD"
        ],
        "contact_info": [
            "(614) 722-4050",
            "(614) 938-8555"
        ],
        "specialization": [
            "Pediatrics"
        ]
    },
    {
        "page": "170",
        "name": [
            "Paola Malerba, PhD"
        ],
        "position": [
            "Paola Malerba, PhD"
        ],
        "contact_info": [
            "(614) 355-5894"
        ],
        "specialization": [
            "Center for Biobehavioral Health",
            "Faculty"
        ]
    },
    {
        "page": "173",
        "name": [
            "Paul S. Casamassimo, DDS, MS"
        ],
        "position": [
            "Paul S. Casamassimo, DDS, MS"
        ],
        "contact_info": [
            "(614) 722-5651",
            "(614) 722-5671"
        ],
        "specialization": [
            "Dentistry"
        ]
    },
    {
        "page": "175",
        "name": [
            "Pedro Weisleder, MD, PhD"
        ],
        "position": [
            "Pedro Weisleder, MD, PhD"
        ],
        "contact_info": [
            "(614) 722-4633",
            "(614) 722-4625"
        ],
        "specialization": [
            "Pediatrics"
        ]
    },
    {
        "page": "178",
        "name": [
            "Rachel C. Kempa, PA-C"
        ],
        "position": [
            "Rachel C. Kempa, PA-C"
        ],
        "contact_info": [
            "(419) 251-9810",
            "(419) 251-3232"
        ],
        "specialization": [
            "Pediatric Neurosurgery"
        ]
    },
    {
        "page": "174",
        "name": [
            "Paul S. Casamassimo, DDS, MS"
        ],
        "position": [
            "Paul S. Casamassimo, DDS, MS"
        ],
        "contact_info": [
            "(614) 722-5651",
            "(614) 722-5671"
        ],
        "specialization": [
            "Dentistry"
        ]
    },
    {
        "page": "176",
        "name": [
            "Philip E. Calendine, MD"
        ],
        "position": [
            "Philip E. Calendine, MD"
        ],
        "contact_info": [
            "(419) 251-3232"
        ],
        "specialization": []
    },
    {
        "page": "177",
        "name": [
            "Prashant Joshi, MD"
        ],
        "position": [
            "Prashant Joshi, MD"
        ],
        "contact_info": [
            "(614) 355-0455",
            "(614) 355-0428"
        ],
        "specialization": [
            "Pediatrics"
        ]
    },
    {
        "page": "179",
        "name": [
            "Rachid Drissi, PhD"
        ],
        "position": [
            "Rachid Drissi, PhD"
        ],
        "contact_info": [
            "(614) 355-2927",
            "(614) 355-3749"
        ],
        "specialization": [
            "Center for Childhood Cancer"
        ]
    },
    {
        "page": "180",
        "name": [
            "Rajan K. Thakkar, MD"
        ],
        "position": [
            "Rajan K. Thakkar, MD"
        ],
        "contact_info": [
            "(614) 722-3903",
            "(614) 722-3900"
        ],
        "specialization": [
            "General Pediatric Surgery"
        ]
    },
    {
        "page": "181",
        "name": [
            "Rayat Ahmed, CPNP-PC"
        ],
        "position": [
            "Rayat Ahmed, CPNP-PC"
        ],
        "contact_info": [
            "(419) 251-7760",
            "(419) 251-8013"
        ],
        "specialization": [
            "Pediatrics"
        ]
    },
    {
        "page": "182",
        "name": [
            "Renata B. Fabia, MD, PhD"
        ],
        "position": [
            "Renata B. Fabia, MD, PhD"
        ],
        "contact_info": [
            "(614) 722-3903",
            "(614) 722-3900"
        ],
        "specialization": [
            "General Pediatric Surgery"
        ]
    },
    {
        "page": "183",
        "name": [
            "Reno Ravindran, MD"
        ],
        "position": [
            "Reno Ravindran, MD"
        ],
        "contact_info": [
            "(614) 355-6072",
            "(614) 355-6000"
        ],
        "specialization": [
            "Sports Medicine",
            "Pediatrics"
        ]
    },
    {
        "page": "18",
        "name": [
            "Andrew M Sucharski, ATC"
        ],
        "position": [
            "Andrew M Sucharski, ATC"
        ],
        "contact_info": [
            "(614) 355-8738"
        ],
        "specialization": []
    },
    {
        "page": "19",
        "name": [
            "Andrew T. Dang, MD"
        ],
        "position": [
            "Andrew T. Dang, MD"
        ],
        "contact_info": [
            "(614) 389-3727",
            "(614) 328-9927"
        ],
        "specialization": [
            "Pediatrics"
        ]
    },
    {
        "page": "185",
        "name": [
            "Ryan M. Kasza, CRNA"
        ],
        "position": [
            "Ryan M. Kasza, CRNA"
        ],
        "contact_info": [
            "(419) 251-3232",
            "(419) 251-9408"
        ],
        "specialization": [
            "Anesthesiology & Pain Medicine"
        ]
    },
    {
        "page": "184",
        "name": [
            "Rodney D. Britt, PhD"
        ],
        "position": [
            "Rodney D. Britt, PhD"
        ],
        "contact_info": [
            "(614) 355-6710"
        ],
        "specialization": [
            "Center for Perinatal Research"
        ]
    },
    {
        "page": "20",
        "name": [
            "Angel DiPangrazio, RD, LD"
        ],
        "position": [
            "Angel DiPangrazio, RD, LD"
        ],
        "contact_info": [
            "(614) 722-4824"
        ],
        "specialization": [
            "Center for Healthy Weight and Nutrition"
        ]
    },
    {
        "page": "22",
        "name": [
            "Anna K. Hall, CRNA"
        ],
        "position": [
            "Anna K. Hall, CRNA"
        ],
        "contact_info": [
            "(419) 251-4876",
            "(419) 251-4515"
        ],
        "specialization": [
            "Anesthesiology & Pain Medicine"
        ]
    },
    {
        "page": "2",
        "name": [
            "Adriane L Baylis, PhD, CCC-SLP, Speech Scientist"
        ],
        "position": [
            "Adriane L Baylis, PhD, CCC-SLP, Speech Scientist"
        ],
        "contact_info": [
            "(614)722-3895"
        ],
        "specialization": [
            "Program Director"
        ]
    },
    {
        "page": "23",
        "name": [
            "Anna N. Kamp, MD, MPH"
        ],
        "position": [
            "Anna N. Kamp, MD, MPH"
        ],
        "contact_info": [
            "(614) 722-2530",
            "(614) 722-2549"
        ],
        "specialization": [
            "Pediatrics"
        ]
    },
    {
        "page": "24",
        "name": [
            "Apurwa S. Naik, MD"
        ],
        "position": [
            "Apurwa S. Naik, MD"
        ],
        "contact_info": [
            "(614) 566-8046",
            "(614) 566-9683"
        ],
        "specialization": [
            "Pediatrics"
        ]
    },
    {
        "page": "21",
        "name": [
            "Anita R. Narayanan, MD"
        ],
        "position": [
            "Anita R. Narayanan, MD"
        ],
        "contact_info": [
            "(614) 722-4050",
            "(614) 938-8555"
        ],
        "specialization": [
            "Pediatrics"
        ]
    },
    {
        "page": "28",
        "name": [
            "Aurelia C. Holland Wood, MD"
        ],
        "position": [
            "Aurelia C. Holland Wood, MD"
        ],
        "contact_info": [
            "(614) 722-4440",
            "(614) 722-4425"
        ],
        "specialization": [
            "Pediatrics"
        ]
    },
    {
        "page": "25",
        "name": [
            "Ashlee B. Kelly, NNP"
        ],
        "position": [
            "Ashlee B. Kelly, NNP"
        ],
        "contact_info": [
            "(614) 355-2878",
            "(614) 722-8304"
        ],
        "specialization": [
            "Pediatrics"
        ]
    },
    {
        "page": "29",
        "name": [
            "Belinda M. Mills, MD"
        ],
        "position": [
            "Belinda M. Mills, MD"
        ],
        "contact_info": [
            "(614) 722-5743",
            "(614) 722-5767"
        ],
        "specialization": [
            "Pediatrics"
        ]
    },
    {
        "page": "30",
        "name": [
            "Benedict C. Nwomeh, MD, MPH"
        ],
        "position": [
            "Benedict C. Nwomeh, MD, MPH"
        ],
        "contact_info": [
            "(614) 722-3903",
            "(614) 722-3900"
        ],
        "specialization": [
            "General Pediatric Surgery"
        ]
    },
    {
        "page": "27",
        "name": [
            "Ashley M. Ebersole, MD"
        ],
        "position": [
            "Ashley M. Ebersole, MD"
        ],
        "contact_info": [
            "(614) 722-2493",
            "(614) 355-3583"
        ],
        "specialization": [
            "Pediatrics"
        ]
    },
    {
        "page": "32",
        "name": [
            "Benjamin Stanton, PhD"
        ],
        "position": [
            "Benjamin Stanton, PhD"
        ],
        "contact_info": [
            "(301) 613-9390"
        ],
        "specialization": [
            "Center for Childhood Cancer"
        ]
    },
    {
        "page": "31",
        "name": [
            "Benjamin H. Albrecht, DO"
        ],
        "position": [
            "Benjamin H. Albrecht, DO"
        ],
        "contact_info": [
            "(614) 355-8231",
            "(614) 355-8230"
        ],
        "specialization": [
            "Psychiatry and Behavioral Health"
        ]
    },
    {
        "page": "26",
        "name": [
            "Ashley M. Davidson, AT, ATC, MS"
        ],
        "position": [
            "Ashley M. Davidson, AT, ATC, MS"
        ],
        "contact_info": [
            "(614)355-6057"
        ],
        "specialization": [
            "Sports Medicine"
        ]
    },
    {
        "page": "34",
        "name": [
            "Bhuvana A. Setty, MD"
        ],
        "position": [
            "Bhuvana A. Setty, MD"
        ],
        "contact_info": [
            "(614) 722-3369",
            "(614) 722-3550"
        ],
        "specialization": [
            "Pediatrics"
        ]
    },
    {
        "page": "33",
        "name": [
            "Bethany D. Uhl, MD"
        ],
        "position": [
            "Bethany D. Uhl, MD"
        ],
        "contact_info": [
            "(614) 938-8521",
            "(614) 722-5850"
        ],
        "specialization": [
            "Pediatrics"
        ]
    },
    {
        "page": "37",
        "name": [
            "Brandi L. Heinz, MD"
        ],
        "position": [
            "Brandi L. Heinz, MD"
        ],
        "contact_info": [
            "(614) 722-4966",
            "(614) 722-4957"
        ],
        "specialization": [
            "Pediatrics"
        ]
    },
    {
        "page": "36",
        "name": [
            "Brad W. deSilva, MD"
        ],
        "position": [
            "Brad W. deSilva, MD"
        ],
        "contact_info": [
            "(614) 722-3150",
            "(614) 722-6609"
        ],
        "specialization": [
            "Otolaryngology"
        ]
    },
    {
        "page": "38",
        "name": [
            "Brendan M. Boyle, MD, MPH"
        ],
        "position": [
            "Brendan M. Boyle, MD, MPH"
        ],
        "contact_info": [
            "(614) 722-3454",
            "(614) 722-3450"
        ],
        "specialization": [
            "Pediatrics"
        ]
    },
    {
        "page": "35",
        "name": [
            "Bimal P. Chaudhari, MD, MPH"
        ],
        "position": [
            "Bimal P. Chaudhari, MD, MPH"
        ],
        "contact_info": [
            "(614) 722-3535",
            "(614) 722-3546"
        ],
        "specialization": [
            "Pediatrics"
        ]
    },
    {
        "page": "39",
        "name": [
            "Brent H. Adler, MD"
        ],
        "position": [
            "Brent H. Adler, MD"
        ],
        "contact_info": [
            "(614) 722-2332",
            "(614) 355-4195"
        ],
        "specialization": [
            "Radiology"
        ]
    },
    {
        "page": "41",
        "name": [
            "Briah D. Stone, FNP"
        ],
        "position": [
            "Briah D. Stone, FNP"
        ],
        "contact_info": [
            "(614) 722-1753",
            "(614) 722-4766"
        ],
        "specialization": [
            "General Pediatric Surgery"
        ]
    },
    {
        "page": "42",
        "name": [
            "Brian D. Kenney, MD, MPH"
        ],
        "position": [
            "Brian D. Kenney, MD, MPH"
        ],
        "contact_info": [
            "(614) 722-3903",
            "(614) 722-3900"
        ],
        "specialization": [
            "General Pediatric Surgery"
        ]
    },
    {
        "page": "40",
        "name": [
            "Brett A. Adair, DO"
        ],
        "position": [
            "Brett A. Adair, DO"
        ],
        "contact_info": [
            "(419) 205-8413",
            "(415) 251-4333"
        ],
        "specialization": [
            "Obstetrics and Gynecology"
        ]
    },
    {
        "page": "44",
        "name": [
            "Carrie E. Cacioppo, MD"
        ],
        "position": [
            "Carrie E. Cacioppo, MD"
        ],
        "contact_info": [
            "(614) 722-4998",
            "(614) 722-5115"
        ],
        "specialization": [
            "Hospital Medicine"
        ]
    },
    {
        "page": "43",
        "name": [
            "Canice E. Crerand, PhD"
        ],
        "position": [
            "Canice E. Crerand, PhD"
        ],
        "contact_info": [
            "(614) 722-4700",
            "(614) 722-4718"
        ],
        "specialization": [
            "Psychiatry and Behavioral Health"
        ]
    },
    {
        "page": "45",
        "name": [
            "Cashea L. Holyfield, PhD"
        ],
        "position": [
            "Cashea L. Holyfield, PhD"
        ],
        "contact_info": [
            "(614) 722-4700",
            "(614) 722-4718"
        ],
        "specialization": [
            "Psychiatry and Behavioral Health"
        ]
    },
    {
        "page": "47",
        "name": [
            "Christopher A. Iobst, MD"
        ],
        "position": [
            "Christopher A. Iobst, MD"
        ],
        "contact_info": [
            "(614) 722-5175",
            "(614) 355-1395"
        ],
        "specialization": [
            "Orthopedics"
        ]
    },
    {
        "page": "48",
        "name": [
            "Christopher Eng-Hua Gaw, MD"
        ],
        "position": [
            "Christopher Eng-Hua Gaw, MD"
        ],
        "contact_info": [
            "(614) 722-4380",
            "(614) 722-4385"
        ],
        "specialization": [
            "Pediatrics"
        ]
    },
    {
        "page": "46",
        "name": [],
        "position": [],
        "contact_info": [],
        "specialization": []
    },
    {
        "page": "49",
        "name": [
            "Christopher R. Pierson, MD, PhD"
        ],
        "position": [
            "Christopher R. Pierson, MD, PhD"
        ],
        "contact_info": [
            "(614) 722-5450",
            "(614) 722-2899"
        ],
        "specialization": [
            "Pathology & Laboratory Medicine",
            "Physician Team",
            "Neuropathology"
        ]
    },
    {
        "page": "50",
        "name": [
            "Cindy L. McManaway, FNP"
        ],
        "position": [
            "Cindy L. McManaway, FNP"
        ],
        "contact_info": [
            "(614) 722-1753",
            "(614) 722-4766"
        ],
        "specialization": [
            "General Pediatric Surgery"
        ]
    },
    {
        "page": "51",
        "name": [
            "Clifford L. Cua, MD"
        ],
        "position": [
            "Clifford L. Cua, MD"
        ],
        "contact_info": [
            "(614) 722-2530",
            "(614) 722-2549"
        ],
        "specialization": [
            "Pediatrics"
        ]
    },
    {
        "page": "3",
        "name": [
            "Adriane L Baylis, PhD, CCC-SLP, Speech Scientist"
        ],
        "position": [
            "Adriane L Baylis, PhD, CCC-SLP, Speech Scientist"
        ],
        "contact_info": [
            "(614)722-3895"
        ],
        "specialization": [
            "Program Director"
        ]
    },
    {
        "page": "53",
        "name": [
            "Craig A. Nankervis, MD"
        ],
        "position": [
            "Craig A. Nankervis, MD"
        ],
        "contact_info": [
            "(614) 722-4541",
            "(614) 722-4530"
        ],
        "specialization": [
            "Pediatrics"
        ]
    },
    {
        "page": "4",
        "name": [
            "Afrooz Rashnonejad, MSc, PhD"
        ],
        "position": [
            "Afrooz Rashnonejad, MSc, PhD"
        ],
        "contact_info": [
            "(614) 355-6778"
        ],
        "specialization": [
            "Center for Gene Therapy"
        ]
    },
    {
        "page": "54",
        "name": [
            "Craig A. Smith, MD"
        ],
        "position": [
            "Craig A. Smith, MD"
        ],
        "contact_info": [
            "(614) 722-5175",
            "(614) 355-1395"
        ],
        "specialization": [
            "Orthopedics"
        ]
    },
    {
        "page": "55",
        "name": [
            "Cullen J. Clark, MD"
        ],
        "position": [
            "Cullen J. Clark, MD"
        ],
        "contact_info": [
            "(614) 722-4380",
            "(614) 722-4385"
        ],
        "specialization": [
            "Pediatrics"
        ]
    },
    {
        "page": "52",
        "name": [
            "Cory N. Criss, MD"
        ],
        "position": [
            "Cory N. Criss, MD"
        ],
        "contact_info": [
            "(614) 722-3903",
            "(614) 722-3900"
        ],
        "specialization": [
            "General Pediatric Surgery",
            "Surgical Critical Care",
            "Faculty"
        ]
    },
    {
        "page": "57",
        "name": [
            "Cynthia K. Aaron, MD"
        ],
        "position": [
            "Cynthia K. Aaron, MD"
        ],
        "contact_info": [
            "(614) 722-2000"
        ],
        "specialization": []
    },
    {
        "page": "56",
        "name": [
            "Cynthia A. Gerhardt, PhD"
        ],
        "position": [
            "Cynthia A. Gerhardt, PhD"
        ],
        "contact_info": [
            "(614) 722-4700",
            "(614) 722-4718"
        ],
        "specialization": [
            "Psychiatry and Behavioral Health"
        ]
    },
    {
        "page": "5",
        "name": [
            "Aimee K. Armstrong, MD"
        ],
        "position": [
            "Aimee K. Armstrong, MD"
        ],
        "contact_info": [
            "(614) 722-2549",
            "(614) 722-2537"
        ],
        "specialization": [
            "Pediatrics"
        ]
    },
    {
        "page": "6",
        "name": [
            "Alana E. Painter, MD"
        ],
        "position": [
            "Alana E. Painter, MD"
        ],
        "contact_info": [
            "(614) 722-4998",
            "(614) 722-5115"
        ],
        "specialization": [
            "Hospital Medicine"
        ]
    },
    {
        "page": "59",
        "name": [
            "Dana M. Schwartz, MD"
        ],
        "position": [
            "Dana M. Schwartz, MD"
        ],
        "contact_info": [
            "(614) 722-3903",
            "(614) 722-3900"
        ],
        "specialization": [
            "General Pediatric Surgery"
        ]
    },
    {
        "page": "58",
        "name": [
            "Cynthia M. Holland-Hall, MD, MPH"
        ],
        "position": [
            "Cynthia M. Holland-Hall, MD, MPH"
        ],
        "contact_info": [
            "(614) 355-8610",
            "(614) 722-2450"
        ],
        "specialization": [
            "Pediatrics"
        ]
    },
    {
        "page": "60",
        "name": [
            "Daniel G. DaJusta, MD"
        ],
        "position": [
            "Daniel G. DaJusta, MD"
        ],
        "contact_info": [
            "(614) 722-3122",
            "(614) 722-6630"
        ],
        "specialization": [
            "Pediatric Urology"
        ]
    },
    {
        "page": "62",
        "name": [
            "Daniela A. Humphrey, DO"
        ],
        "position": [
            "Daniela A. Humphrey, DO"
        ],
        "contact_info": [
            "(614) 938-8521",
            "(614) 722-5850"
        ],
        "specialization": [
            "Pediatrics"
        ]
    },
    {
        "page": "61",
        "name": [
            "Daniel J. Scherzer, MD"
        ],
        "position": [
            "Daniel J. Scherzer, MD"
        ],
        "contact_info": [
            "(614) 355-3713",
            "(614) 355-3747"
        ],
        "specialization": [
            "Pediatrics"
        ]
    },
    {
        "page": "64",
        "name": [
            "David O. Danesh, DMD, MPH, MS"
        ],
        "position": [
            "David O. Danesh, DMD, MPH, MS"
        ],
        "contact_info": [
            "(614) 722-5651",
            "(614) 722-5671"
        ],
        "specialization": [
            "Dentistry"
        ]
    },
    {
        "page": "63",
        "name": [],
        "position": [],
        "contact_info": [],
        "specialization": []
    },
    {
        "page": "65",
        "name": [
            "Dean A. Lee, MD, PhD"
        ],
        "position": [
            "Dean A. Lee, MD, PhD"
        ],
        "contact_info": [
            "(614) 722-3369",
            "(614) 722-3550"
        ],
        "specialization": [
            "Pediatrics"
        ]
    },
    {
        "page": "66",
        "name": [
            "Deborah D Zerkle, LMT"
        ],
        "position": [
            "Deborah D Zerkle, LMT"
        ],
        "contact_info": [
            "(614)722-8705"
        ],
        "specialization": [
            "Clinical Therapies"
        ]
    },
    {
        "page": "68",
        "name": [
            "Dong H. Kim, MD"
        ],
        "position": [
            "Dong H. Kim, MD"
        ],
        "contact_info": [
            "(419) 251-3232"
        ],
        "specialization": []
    },
    {
        "page": "67",
        "name": [
            "Deipanjan Nandi, MD, MSc"
        ],
        "position": [
            "Deipanjan Nandi, MD, MSc"
        ],
        "contact_info": [
            "(614) 722-2530",
            "(614) 722-2549"
        ],
        "specialization": [
            "Pediatrics",
            "Program Director"
        ]
    },
    {
        "page": "69",
        "name": [
            "Donna Anne Ruch, PhD"
        ],
        "position": [
            "Donna Anne Ruch, PhD"
        ],
        "contact_info": [
            "(614) 722-6982"
        ],
        "specialization": [
            "Center for Suicide Prevention and Research"
        ]
    },
    {
        "page": "7",
        "name": [
            "Alecia J. Karr, CPNP-AC"
        ],
        "position": [
            "Alecia J. Karr, CPNP-AC"
        ],
        "contact_info": [],
        "specialization": []
    },
    {
        "page": "71",
        "name": [
            "Edward E. Dodson, MD"
        ],
        "position": [
            "Edward E. Dodson, MD"
        ],
        "contact_info": [
            "(614) 722-3150",
            "(614) 722-6609"
        ],
        "specialization": [
            "Otolaryngology"
        ]
    },
    {
        "page": "72",
        "name": [
            "Elizabeth E. Ababovic, CPNP-AC"
        ],
        "position": [
            "Elizabeth E. Ababovic, CPNP-AC"
        ],
        "contact_info": [
            "(614) 722-6988",
            "(614) 722-6336"
        ],
        "specialization": [
            "Otolaryngology"
        ]
    },
    {
        "page": "70",
        "name": [
            "Drew H. Duerson, MD"
        ],
        "position": [
            "Drew H. Duerson, MD"
        ],
        "contact_info": [
            "(614) 355-6072",
            "(614) 355-6000"
        ],
        "specialization": [
            "Pediatrics"
        ]
    },
    {
        "page": "73",
        "name": [
            "Ellen Leigh Anderson, NNP"
        ],
        "position": [
            "Ellen Leigh Anderson, NNP"
        ],
        "contact_info": [
            "(614) 722-9048",
            "(614) 722-5093"
        ],
        "specialization": [
            "Pediatrics"
        ]
    },
    {
        "page": "74",
        "name": [
            "Emily C. De Los Reyes, MD"
        ],
        "position": [
            "Emily C. De Los Reyes, MD"
        ],
        "contact_info": [
            "(614) 722-4633",
            "(614) 722-4625"
        ],
        "specialization": [
            "Pediatrics"
        ]
    },
    {
        "page": "75",
        "name": [
            "Emma G. Schoepf, CPNP-PC"
        ],
        "position": [
            "Emma G. Schoepf, CPNP-PC"
        ],
        "contact_info": [],
        "specialization": []
    },
    {
        "page": "76",
        "name": [],
        "position": [],
        "contact_info": [],
        "specialization": []
    },
    {
        "page": "77",
        "name": [
            "Eric N. Leighton, AT, ATC"
        ],
        "position": [
            "Eric N. Leighton, AT, ATC"
        ],
        "contact_info": [
            "(614)355-8737"
        ],
        "specialization": []
    },
    {
        "page": "78",
        "name": [
            "Erika K. Osborn, NNP"
        ],
        "position": [
            "Erika K. Osborn, NNP"
        ],
        "contact_info": [
            "(614) 355-6667",
            "(614) 722-9048"
        ],
        "specialization": [
            "Pediatrics"
        ]
    },
    {
        "page": "79",
        "name": [
            "Erika L. Schuller, FNP-C, CPN"
        ],
        "position": [
            "Erika L. Schuller, FNP-C, CPN"
        ],
        "contact_info": [
            "(614) 722-9529",
            "(614) 722-1753"
        ],
        "specialization": [
            "General Pediatric Surgery"
        ]
    },
    {
        "page": "8",
        "name": [
            "Alek Q. Adkins, MD"
        ],
        "position": [
            "Alek Q. Adkins, MD"
        ],
        "contact_info": [
            "(614) 355-0455",
            "(614) 355-0428"
        ],
        "specialization": [
            "Pediatrics"
        ]
    },
    {
        "page": "80",
        "name": [
            "Erin A. Knierim, DMD, MS"
        ],
        "position": [
            "Erin A. Knierim, DMD, MS"
        ],
        "contact_info": [
            "(419) 474-0733"
        ],
        "specialization": []
    },
    {
        "page": "82",
        "name": [
            "Erin L. Keels, DNP, APRN, NNP-BC"
        ],
        "position": [
            "Erin L. Keels, DNP, APRN, NNP-BC"
        ],
        "contact_info": [
            "(614) 722-6510",
            "(614) 722-4768"
        ],
        "specialization": [
            "Pediatrics",
            "Neonatology"
        ]
    },
    {
        "page": "83",
        "name": [
            "Esteban Fernandez Faith, MD"
        ],
        "position": [
            "Esteban Fernandez Faith, MD"
        ],
        "contact_info": [
            "(614) 722-5777",
            "(614) 722-5510"
        ],
        "specialization": [
            "Pediatrics",
            "Physician Team"
        ]
    },
    {
        "page": "81",
        "name": [
            "Erin E. Hill, CPNP-PC"
        ],
        "position": [
            "Erin E. Hill, CPNP-PC"
        ],
        "contact_info": [
            "(419) 872-3284",
            "(419) 872-3243"
        ],
        "specialization": [
            "Pediatrics"
        ]
    },
    {
        "page": "84",
        "name": [
            "Gary A. Smith, MD, DrPH"
        ],
        "position": [
            "Gary A. Smith, MD, DrPH"
        ],
        "contact_info": [
            "(614) 355-5897",
            "(614) 355-5884"
        ],
        "specialization": [
            "Pediatrics"
        ]
    },
    {
        "page": "85",
        "name": [
            "Glennda S. Daniels, NNP"
        ],
        "position": [
            "Glennda S. Daniels, NNP"
        ],
        "contact_info": [
            "(614) 722-6510",
            "(614) 722-4772"
        ],
        "specialization": [
            "Pediatrics",
            "Neonatology"
        ]
    },
    {
        "page": "86",
        "name": [
            "Grace R. Paul, MD"
        ],
        "position": [
            "Grace R. Paul, MD"
        ],
        "contact_info": [
            "(614) 722-4753",
            "(614) 722-4755"
        ],
        "specialization": [
            "Pediatrics"
        ]
    },
    {
        "page": "87",
        "name": [
            "Gregory J. Wiet, MD, FACS, FAAP"
        ],
        "position": [
            "Gregory J. Wiet, MD, FACS, FAAP"
        ],
        "contact_info": [
            "(614) 722-3150",
            "(614) 722-6609"
        ],
        "specialization": [
            "Otolaryngology"
        ]
    },
    {
        "page": "89",
        "name": [
            "Hadeel Abaza, MD"
        ],
        "position": [
            "Hadeel Abaza, MD"
        ],
        "contact_info": [
            "(567) 290-6543"
        ],
        "specialization": []
    },
    {
        "page": "88",
        "name": [
            "Gregory S. Cambier, MD"
        ],
        "position": [
            "Gregory S. Cambier, MD"
        ],
        "contact_info": [
            "(614) 722-4200",
            "(614) 722-4203"
        ],
        "specialization": [
            "Anesthesiology & Pain Medicine"
        ]
    },
    {
        "page": "9",
        "name": [
            "Allan C. Beebe, MD"
        ],
        "position": [
            "Allan C. Beebe, MD"
        ],
        "contact_info": [
            "(614) 722-5175",
            "(614) 355-1395"
        ],
        "specialization": [
            "Orthopedics"
        ]
    },
    {
        "page": "90",
        "name": [
            "Heather L. Stewart, MD"
        ],
        "position": [
            "Heather L. Stewart, MD"
        ],
        "contact_info": [
            "(614) 355-8610",
            "(614) 722-2450"
        ],
        "specialization": [
            "Pediatrics"
        ]
    },
    {
        "page": "91",
        "name": [
            "Heather L. Yardley, PhD"
        ],
        "position": [
            "Heather L. Yardley, PhD"
        ],
        "contact_info": [
            "(614) 722-4700",
            "(614) 722-4718"
        ],
        "specialization": [
            "Psychiatry and Behavioral Health",
            "Faculty"
        ]
    },
    {
        "page": "93",
        "name": [
            "Houman H. Khosrovi, MD"
        ],
        "position": [
            "Houman H. Khosrovi, MD"
        ],
        "contact_info": [
            "(304) 865-3700",
            "(304) 865-3600"
        ],
        "specialization": [
            "Pediatric Neurosurgery"
        ]
    },
    {
        "page": "94",
        "name": [
            "James E. Popp, MD"
        ],
        "position": [
            "James E. Popp, MD"
        ],
        "contact_info": [
            "(614) 545-7901",
            "(614) 722-5175",
            "(614) 545-7900"
        ],
        "specialization": [
            "Orthopedics",
            "Orthopaedic Surgery"
        ]
    },
    {
        "page": "95",
        "name": [
            "Jamie L. Jackson, PhD"
        ],
        "position": [
            "Jamie L. Jackson, PhD"
        ],
        "contact_info": [
            "(614) 722-4700",
            "(614) 722-4718"
        ],
        "specialization": [
            "Psychiatry and Behavioral Health"
        ]
    },
    {
        "page": "96",
        "name": [
            "Jason L. Russell, DO"
        ],
        "position": [
            "Jason L. Russell, DO"
        ],
        "contact_info": [
            "(614) 355-0455",
            "(614) 355-0428"
        ],
        "specialization": [
            "Pediatrics"
        ]
    },
    {
        "page": "97",
        "name": [
            "Jason R. Jackson, DO"
        ],
        "position": [
            "Jason R. Jackson, DO"
        ],
        "contact_info": [
            "(614) 722-4541",
            "(614) 722-4530"
        ],
        "specialization": [
            "Pediatrics"
        ]
    },
    {
        "page": "98",
        "name": [
            "Jeff M. Sydes, CSCS"
        ],
        "position": [
            "Jeff M. Sydes, CSCS"
        ],
        "contact_info": [
            "(614)355-6098"
        ],
        "specialization": [
            "Sports Medicine"
        ]
    },
    {
        "page": "99",
        "name": [
            "Jeffrey S. Keyes, MD"
        ],
        "position": [
            "Jeffrey S. Keyes, MD"
        ],
        "contact_info": [
            "(614) 566-8046",
            "(614) 566-9683"
        ],
        "specialization": [
            "Pediatrics",
            "Neonatology"
        ]
    },
    {
        "page": "92",
        "name": [
            "Hollie M. Collins, NNP"
        ],
        "position": [
            "Hollie M. Collins, NNP"
        ],
        "contact_info": [
            "(614) 722-6510",
            "(614) 722-4772"
        ],
        "specialization": [
            "Pediatrics"
        ]
    }
]