[
    {
        "page": "1",
        "name": [
            "2 Ingredient Melted Ice Cream Cake: The Ultimate Easy Recipe"
        ]
    },
    {
        "page": "101",
        "name": [
            "Slow Cooked Pulled Beef: Your New Go-To BBQ Recipe! | Easy Recipe Gang"
        ]
    },
    {
        "page": "103",
        "name": [
            "Strawberry and Apple Jam: The Ultimate Christmas Gift Idea"
        ]
    },
    {
        "page": "102",
        "name": [
            "Sticky Date Pudding: The Easiest Blender Dessert You\u2019ll Ever Make! | Easy Recipe Gang"
        ]
    },
    {
        "page": "104",
        "name": [
            "Strawberry Icecream: Enjoy the Ultimate Creamy & Sweet Recipe"
        ]
    },
    {
        "page": "105",
        "name": [
            "Taquitos: Leftover Chicken Taquitos Recipe You\u2019ll Love! | Easy Recipe Gang"
        ]
    },
    {
        "page": "106",
        "name": [
            "Tortilla Omelette: The Perfect Breakfast Hack! | Easy Recipe Gang"
        ]
    },
    {
        "page": "109",
        "name": [
            "3 Ingredient Banana Bread | Easy Recipe Gang"
        ]
    },
    {
        "page": "11",
        "name": [
            "Air Fryer Prosciutto Wrapped Chicken: The Ultimate Weeknight Dinner Magic | Easy Recipe Gang"
        ]
    },
    {
        "page": "110",
        "name": [
            "Air Fryer Blueberry Cheesecake Bagel | Easy Recipe Gang"
        ]
    },
    {
        "page": "111",
        "name": [
            "Air Fryer Lasagne: Crispy, Cheesy Perfection You\u2019ll Crave! | Easy Recipe Gang"
        ]
    },
    {
        "page": "112",
        "name": [
            "Air Fryer Pavlova: A Quick, Sweet Delight You Can\u2019t Miss | Easy Recipe Gang"
        ]
    },
    {
        "page": "113",
        "name": [
            "Air Fryer Savoury Toast: Try the Best Crispy & Tasty Recipe"
        ]
    },
    {
        "page": "114",
        "name": [
            "Air Fryer Tortilla Omelette | Easy Recipe Gang"
        ]
    },
    {
        "page": "115",
        "name": [
            "Asian BBQ Meatball Tray Bake Enjoy the Ultimate Tasty Recipe"
        ]
    },
    {
        "page": "117",
        "name": [
            "Basil Chilli Chicken \u2013 A One-Pan Wonder | Easy Recipe Gang"
        ]
    },
    {
        "page": "119",
        "name": [
            "Berry Crumble: Enjoy the Ultimate Delicious and Easy Recipe"
        ]
    },
    {
        "page": "12",
        "name": [
            "Air Fryer Roasted Potatoes: Crispy, Golden Perfection in 20 Minutes! | Easy Recipe Gang"
        ]
    },
    {
        "page": "121",
        "name": [
            "Carrot Cake | Easy Recipe Gang"
        ]
    },
    {
        "page": "118",
        "name": [
            "BBQ Meat Loaf Recipe | Easy Recipe Gang"
        ]
    },
    {
        "page": "13",
        "name": [
            "Air Fryer Savoury Toast: Try the Best Crispy & Tasty Recipe"
        ]
    },
    {
        "page": "137",
        "name": [
            "Cheesecake That Will Wow Your Friends | Easy Recipe Gang"
        ]
    },
    {
        "page": "138",
        "name": [
            "Cheesy Hot Spinach Dip: A Crowd-Pleaser You Can\u2019t Resist! | Easy Recipe Gang"
        ]
    },
    {
        "page": "136",
        "name": [
            "Cheese Burger Mac and Cheese | Easy Recipe Gang"
        ]
    },
    {
        "page": "14",
        "name": [
            "Air Fryer Tortilla Pizza: The Crispiest, Cheesiest Pizza Hack | Easy Recipe Gang"
        ]
    },
    {
        "page": "10",
        "name": [
            "Air Fryer Pavlova: A Quick, Sweet Delight You Can\u2019t Miss | Easy Recipe Gang"
        ]
    },
    {
        "page": "141",
        "name": [
            "Chicken and Cashew Stir Fry: Try the Best Delicious Recipe"
        ]
    },
    {
        "page": "143",
        "name": [
            "Chicken and Rice That Will Change Your Week! | Easy Recipe Gang"
        ]
    },
    {
        "page": "139",
        "name": [
            "Chicken and Bacon Risoni: | Easy Recipe Gang"
        ]
    },
    {
        "page": "144",
        "name": [
            "Chicken Fried Rice: The Ultimate Easy Dinner Recipe | Easy Recipe Gang"
        ]
    },
    {
        "page": "142",
        "name": [
            "Chicken and Chorizo Paella: A Taste of Spain Right in Your Kitchen! | Easy Recipe Gang"
        ]
    },
    {
        "page": "140",
        "name": [
            "Chicken and Broccoli Stir Fry: The Ultimate Delicious Recipe"
        ]
    },
    {
        "page": "146",
        "name": [
            "Chicken Teriyaki Stir Fry: Quick, Easy, Delicious Recipe"
        ]
    },
    {
        "page": "145",
        "name": [
            "Chicken Shawarma: The Ultimate Flavourful & Delicious Recipe"
        ]
    },
    {
        "page": "147",
        "name": [
            "Chocolate Fudge: The Easiest, Most Delicious 2-Ingredient Treat | Easy Recipe Gang"
        ]
    },
    {
        "page": "148",
        "name": [
            "Christmas Cake: Enjoy the Ultimate Rich and Festive Recipe"
        ]
    },
    {
        "page": "15",
        "name": [
            "Apple and Cranberry Chutney: Ultimate Christmas Gift Idea"
        ]
    },
    {
        "page": "150",
        "name": [
            "Christmas Crack Recipe: The Ultimate Festive Treat | Easy Recipe Gang"
        ]
    },
    {
        "page": "151",
        "name": [
            "Christmas Dinner: The Ultimate Festive & Delicious Feast"
        ]
    },
    {
        "page": "152",
        "name": [
            "Christmas Gravy: Try the Ultimate Rich and Flavourful Recipe"
        ]
    },
    {
        "page": "153",
        "name": [
            "Coconut Cake Recipe | Easy Recipe Gang"
        ]
    },
    {
        "page": "154",
        "name": [
            "Corned Beef: Enjoy the Ultimate Tender and Flavorful Recipe"
        ]
    },
    {
        "page": "149",
        "name": [
            "Christmas Cookie Dough Fudge: Try the Ultimate Sweet Treat"
        ]
    },
    {
        "page": "155",
        "name": [
            "Cranberry Sauce: The Sweet and Tangy Condiment You Need in Your Life! | Easy Recipe Gang"
        ]
    },
    {
        "page": "156",
        "name": [
            "Creamy Tuscan Chicken: Your New Go-To Weeknight Meal! | Easy Recipe Gang"
        ]
    },
    {
        "page": "158",
        "name": [
            "Curry Chicken Bake: The Ultimate Flavourful & Easy Recipe"
        ]
    },
    {
        "page": "157",
        "name": [
            "Curry Beef Pasties: A Comforting Delight for Any Meal! | Easy Recipe Gang"
        ]
    },
    {
        "page": "160",
        "name": [
            "Dumpling Salad - The Best Salad You'll Ever Eat! | Easy Recipe Gang"
        ]
    },
    {
        "page": "159",
        "name": [
            "Curry Sausages: Enjoy the Ultimate Flavorful and Easy Recipe"
        ]
    },
    {
        "page": "161",
        "name": [
            "Egg Quesadilla: Try the Ultimate Delicious and Easy Recipe"
        ]
    },
    {
        "page": "162",
        "name": [
            "Everything Bagel Seasoning Recipe: Elevate Your Dishes! | Easy Recipe Gang"
        ]
    },
    {
        "page": "164",
        "name": [
            "Gnocchi with Chorizo, Tomato and Olive | Easy Recipe Gang"
        ]
    },
    {
        "page": "165",
        "name": [
            "Hollandaise Sauce: Your Foolproof Guide to Creamy Perfection! | Easy Recipe Gang"
        ]
    },
    {
        "page": "166",
        "name": [
            "Homemade Whipped Cream: Enjoy the Best Light & Fluffy Recipe"
        ]
    },
    {
        "page": "167",
        "name": [
            "Honey Mustard Sausage Bites \u2013 The Perfect Snack for Any Occasion! | Easy Recipe Gang"
        ]
    },
    {
        "page": "169",
        "name": [
            "Lasagna Soup \u2013 Your New Favourite Comfort Dish! | Easy Recipe Gang"
        ]
    },
    {
        "page": "16",
        "name": [
            "Apple Cake with Crumble \u2013 Perfect for Dessert or Tea Time!"
        ]
    },
    {
        "page": "163",
        "name": [
            "Fudgy Chocolate Zucchini Cake: The Ultimate Delicious Recipe"
        ]
    },
    {
        "page": "168",
        "name": [
            "Lamb Tagine: Try the Ultimate Flavorful & Comforting Recipe"
        ]
    },
    {
        "page": "171",
        "name": [
            "Marry Me Chicken: The Ultimate Comfort Dish You'll Love | Easy Recipe Gang"
        ]
    },
    {
        "page": "17",
        "name": [
            "Bacon Cheeseburger Sausage Rolls: Easy, Delicious Recipe"
        ]
    },
    {
        "page": "170",
        "name": [
            "Lemon Chicken Egg Drop Soup: Your New Favourite Comfort Dish | Easy Recipe Gang"
        ]
    },
    {
        "page": "172",
        "name": [
            "Mashed Potatoes Recipe: The Creamiest Mash You'll Ever Make! | Easy Recipe Gang"
        ]
    },
    {
        "page": "173",
        "name": [
            "Mayonnaise: Discover The Ultimate Creamy & Delicious Recipe"
        ]
    },
    {
        "page": "175",
        "name": [
            "Mediterranean Chicken Tray Bake: Enjoy the Ultimate Tasty Recipe"
        ]
    },
    {
        "page": "174",
        "name": [
            "Meat Pies: Enjoy the Ultimate Hearty and Delicious Recipe"
        ]
    },
    {
        "page": "178",
        "name": [
            "Manage Your Easy Recipe Gang Account - Australia"
        ]
    },
    {
        "page": "177",
        "name": [
            "Mozzarella Stuffed Meatballs: Try the Ultimate Cheesy Recipe"
        ]
    },
    {
        "page": "176",
        "name": [
            "Mexican Meatballs Bake: The Ultimate Easy Flavorful Recipe"
        ]
    },
    {
        "page": "179",
        "name": [
            "One Cup Quiche: Try the Ultimate Quick and Delicious Recipe"
        ]
    },
    {
        "page": "181",
        "name": [
            "Pad Thai Recipe: A Delicious Twist on Takeaway! | Easy Recipe Gang"
        ]
    },
    {
        "page": "18",
        "name": [
            "Baked Ham with Rum and Cola \u2013 The Ultimate Savoury-Sweet Masterpiece! | Easy Recipe Gang"
        ]
    },
    {
        "page": "183",
        "name": [
            "Pea and Ham Soup: Savour the Comfort | Easy Recipe Gang"
        ]
    },
    {
        "page": "185",
        "name": [
            "Pizza Pies: Try the Ultimate Cheesy and Delicious Recipe"
        ]
    },
    {
        "page": "186",
        "name": [
            "Pork Belly Burnt Ends: The Ultimate Recipe for Irresistible Morsels | Easy Recipe Gang"
        ]
    },
    {
        "page": "19",
        "name": [
            "BBQ Chicken Pizza Bake for a Quick Easy Dinner"
        ]
    },
    {
        "page": "20",
        "name": [
            "Beef Stroganoff Recipe: A Creamy Classic for Dinner Bliss! | Easy Recipe Gang"
        ]
    },
    {
        "page": "21",
        "name": [
            "Biscoff Cheesecake Slice \u2013 Your New Favourite Treat!"
        ]
    },
    {
        "page": "22",
        "name": [
            "Brownie Bliss: The Ultimate Chocolate Brownie Recipe for Every Chocoholic | Easy Recipe Gang"
        ]
    },
    {
        "page": "23",
        "name": [
            "Carrot Cake Chocolate Chips: A Match Made in Dessert Heaven! | Easy Recipe Gang"
        ]
    },
    {
        "page": "3",
        "name": [
            "Air Fryer Beef and Broccoli: A Quick and Delicious Dinner! | Easy Recipe Gang"
        ]
    },
    {
        "page": "4",
        "name": [
            "Air Fryer Blackened Chicken: The Ultimate Easy Recipe"
        ]
    },
    {
        "page": "47",
        "name": [
            "Cheese Sauce: The Ultimate Recipe for Creamy Goodness | Easy Recipe Gang"
        ]
    },
    {
        "page": "48",
        "name": [
            "Chicken and Broccoli Stir Fry: The Ultimate Delicious Recipe"
        ]
    },
    {
        "page": "49",
        "name": [
            "Chicken and Fried Rice: Enjoy the Ultimate Tasty Recipe"
        ]
    },
    {
        "page": "5",
        "name": [
            "Air Fryer Buffalo Chicken Nuggets: Crispy Bites You\u2019ll Love | Easy Recipe Gang"
        ]
    },
    {
        "page": "50",
        "name": [
            "Chicken and Mushroom Risotto: Enjoy the Ultimate Recipe"
        ]
    },
    {
        "page": "51",
        "name": [
            "Chicken and Vegetable Mac and Cheese: Enjoy the Ultimate Recipe"
        ]
    },
    {
        "page": "52",
        "name": [
            "Chicken Cacciatore: Enjoy the Ultimate Delicious Italian Recipe"
        ]
    },
    {
        "page": "184",
        "name": [
            "Persian Love Cake: The Perfect Romantic Dessert for Valentine's Day | Easy Recipe Gang"
        ]
    },
    {
        "page": "53",
        "name": [
            "Chicken Stroganoff: Creamy, Comforting, and Quick! | Easy Recipe Gang"
        ]
    },
    {
        "page": "54",
        "name": [
            "Chickpea and Cauliflower Curry: A Quick and Delicious Vegetarian Feast | Easy Recipe Gang"
        ]
    },
    {
        "page": "56",
        "name": [
            "Chinese Omelette (Egg Foo Young \u2013 A Taste of Asia in Every Bite | Easy Recipe Gang"
        ]
    },
    {
        "page": "57",
        "name": [
            "Chocolate Chip Cookies: Ultimate, Delicious Recipe in 5 mins"
        ]
    },
    {
        "page": "55",
        "name": [
            "Chilli Oil: Ultimate Recipe for Delicious Flavoursome Dishes"
        ]
    },
    {
        "page": "58",
        "name": [
            "Chocolate Custard Pie: Enjoy the Ultimate Creamy Dessert"
        ]
    },
    {
        "page": "180",
        "name": [
            "Onion Gravy Recipe: A Rich, Flavourful Sauce to Elevate Any Meal! | Easy Recipe Gang"
        ]
    },
    {
        "page": "6",
        "name": [
            "Air Fryer Coconut Chicken: A Sweet and Spicy Twist for Dinner | Easy Recipe Gang"
        ]
    },
    {
        "page": "59",
        "name": [
            "Luxurious Chocolate Ganache Tart \u2013 The Ultimate Dessert"
        ]
    },
    {
        "page": "182",
        "name": [
            "Pan Juice Gravy: The Ultimate Rich and Flavorful Recipe"
        ]
    },
    {
        "page": "60",
        "name": [
            "Chorizo Paella \u2013 Delicious and Bold Spanish Feast at Home"
        ]
    },
    {
        "page": "61",
        "name": [
            "Christmas Pasta Salad"
        ]
    },
    {
        "page": "62",
        "name": [
            "Christmas Roast Chicken: The Best You'll Ever Make! | Easy Recipe Gang"
        ]
    },
    {
        "page": "64",
        "name": [
            "Cornflake Cookies with Sultanas: The Ultimate Recipe for a Sweet and Crispy Treat! | Easy Recipe Gang"
        ]
    },
    {
        "page": "65",
        "name": [
            "Cottage Shepherd\u2019s Pie: A Classic Comfort Food You\u2019ll Love | Easy Recipe Gang"
        ]
    },
    {
        "page": "66",
        "name": [
            "Creamy Sun-Dried Tomato Risoni Bake: A Comforting Delight!"
        ]
    },
    {
        "page": "67",
        "name": [
            "Easy Banana Bread Recipe: Moist, Delicious, and Simple"
        ]
    },
    {
        "page": "7",
        "name": [
            "Air Fryer Fajita: Enjoy the Ultimate Flavorful & Easy Recipe"
        ]
    },
    {
        "page": "71",
        "name": [
            "Gingerbread Granola: The Best Christmas Gift You Can Eat! | Easy Recipe Gang"
        ]
    },
    {
        "page": "72",
        "name": [
            "Homemade Bread That Will Steal the Show! | Easy Recipe Gang"
        ]
    },
    {
        "page": "73",
        "name": [
            "Homemade Whipped Cream: Enjoy the Best Light & Fluffy Recipe"
        ]
    },
    {
        "page": "74",
        "name": [
            "Honey Mustard Chicken Pot Roast: A Dinner that Warms the Soul | Easy Recipe Gang"
        ]
    },
    {
        "page": "75",
        "name": [
            "Jelly Cheesecake Slice That Will Wow Everyone! | Easy Recipe Gang"
        ]
    },
    {
        "page": "76",
        "name": [
            "Lemon and Blueberry Cake \u2013 5 Minute One Bowl Wonder! | Easy Recipe Gang"
        ]
    },
    {
        "page": "77",
        "name": [
            "Lemon Blender Cake: A Citrusy Dream in Every Slice | Easy Recipe Gang"
        ]
    },
    {
        "page": "79",
        "name": [
            "Lemon Pepper Chicken: Enjoy the Ultimate Zesty Tasty Recipe"
        ]
    },
    {
        "page": "80",
        "name": [
            "Lemon Pesto Chicken with Potatoes"
        ]
    },
    {
        "page": "81",
        "name": [
            "Mango Recipes: Enjoy the Ultimate Salsas, Salads & Desserts"
        ]
    },
    {
        "page": "78",
        "name": [
            "Lemon Bread Recipe: The Easiest 4-Ingredient Wonder You'll Love! | Easy Recipe Gang"
        ]
    },
    {
        "page": "63",
        "name": [
            "Christmas Tiramisu: A Festive Twist on a Classic Dessert! | Easy Recipe Gang"
        ]
    },
    {
        "page": "83",
        "name": [
            "Meal Ideas: The Ultimate Collection of Tasty Recipes"
        ]
    },
    {
        "page": "84",
        "name": [
            "Mediterranean Risoni Salad Recipe: Fresh, Zesty, and Perfect for Any Occasion! | Easy Recipe Gang"
        ]
    },
    {
        "page": "8",
        "name": [
            "Air Fryer Greek Chicken and Vegetables That Sizzles with Flavour! | Easy Recipe Gang"
        ]
    },
    {
        "page": "87",
        "name": [
            "Sign Up for Our Newsletter: Recipes & Cooking Tips"
        ]
    },
    {
        "page": "85",
        "name": [
            "Mexican Meatballs Bake: The Ultimate Easy Flavorful Recipe"
        ]
    },
    {
        "page": "88",
        "name": [
            "Oreo Cheesecake: The Ultimate No-Bake Delight! | Easy Recipe Gang"
        ]
    },
    {
        "page": "89",
        "name": [
            "Pesto Recipe: Your Go-To Basil Pesto for Any Occasion! | Easy Recipe Gang"
        ]
    },
    {
        "page": "9",
        "name": [
            "Air Fryer Honey Mustard Chicken: Your New Go-To Weeknight Dinner | Easy Recipe Gang"
        ]
    },
    {
        "page": "90",
        "name": [
            "Pork Ragu That Will Warm Your Heart and Soul | Easy Recipe Gang"
        ]
    },
    {
        "page": "92",
        "name": [
            "Fasta Pasta Easy Weeknight Pasta Recipes"
        ]
    },
    {
        "page": "93",
        "name": [
            "Roast Chicken and Potato Bake The Ultimate Comfort Food"
        ]
    },
    {
        "page": "94",
        "name": [
            "Roast Chicken Stuffed with Turkey: The Ultimate Twist on Sunday Roast! | Easy Recipe Gang"
        ]
    },
    {
        "page": "95",
        "name": [
            "Roasted Red Pasta Sauce l Easy Recipe Gang"
        ]
    },
    {
        "page": "97",
        "name": [
            "Sausage and Gnocchi Bake: Try the Ultimate Comforting Recipe"
        ]
    },
    {
        "page": "98",
        "name": [
            "Sausage Pasta Bake \u2013 A Hearty and Delicious Family Favourite"
        ]
    },
    {
        "page": "91",
        "name": [
            "Air Fryer Queen By STEPH DE SOUSA | Easy Recipe Gang"
        ]
    },
    {
        "page": "82",
        "name": [
            "Marry Me Chicken: The Ultimate Comfort Dish You'll Love | Easy Recipe Gang"
        ]
    },
    {
        "page": "99",
        "name": [
            "Savoury Mince That\u2019s Packed with Flavour (and Easy on the Wallet!) | Easy Recipe Gang"
        ]
    },
    {
        "page": "86",
        "name": [
            "Mixed Berry Cobbler: Easy, Delicious Dessert Recipe"
        ]
    }
]