[
    {
        "page": "0",
        "name": [],
        "updated_date": [],
        "servings": [
            "for 8 servings"
        ]
    },
    {
        "page": "1",
        "name": [],
        "updated_date": [],
        "servings": [
            "for 3 servings"
        ]
    },
    {
        "page": "10",
        "name": [
            "3-Ingredient Biscuits"
        ],
        "updated_date": [
            "Updated on May 04, 2023"
        ],
        "servings": [
            "for 9 servings"
        ]
    },
    {
        "page": "100",
        "name": [
            "Bacon Green Bean Twists"
        ],
        "updated_date": [
            "Updated on May 04, 2023"
        ],
        "servings": [
            "for 2 servings"
        ]
    },
    {
        "page": "102",
        "name": [
            "Bacon Jalape\u00f1o Popper Pinwheels"
        ],
        "updated_date": [
            "Updated on May 14, 2023"
        ],
        "servings": [
            "for 8 servings"
        ]
    },
    {
        "page": "101",
        "name": [
            "Bacon Guacamole Chicken Bombs"
        ],
        "updated_date": [
            "Updated on May 04, 2023"
        ],
        "servings": [
            "for 8 chicken bombs"
        ]
    },
    {
        "page": "103",
        "name": [
            "Bacon Mac & Cheese-Stuffed Onion Rings"
        ],
        "updated_date": [
            "Updated on August 09, 2020"
        ],
        "servings": [
            "for 12 onion rings"
        ]
    },
    {
        "page": "104",
        "name": [],
        "updated_date": [],
        "servings": []
    },
    {
        "page": "105",
        "name": [],
        "updated_date": [],
        "servings": []
    },
    {
        "page": "106",
        "name": [],
        "updated_date": [],
        "servings": []
    },
    {
        "page": "108",
        "name": [],
        "updated_date": [],
        "servings": [
            "for 6 servings"
        ]
    },
    {
        "page": "107",
        "name": [
            "Baked Artichoke Bites With Garlic Aioli"
        ],
        "updated_date": [
            "Updated on May 14, 2023"
        ],
        "servings": []
    },
    {
        "page": "109",
        "name": [],
        "updated_date": [],
        "servings": [
            "for 8 servings"
        ]
    },
    {
        "page": "11",
        "name": [],
        "updated_date": [],
        "servings": [
            "for 2 servings"
        ]
    },
    {
        "page": "111",
        "name": [
            "Baked Brie In A Bread Bowl"
        ],
        "updated_date": [
            "Updated on May 04, 2023"
        ],
        "servings": []
    },
    {
        "page": "112",
        "name": [
            "Baked Churro Bites"
        ],
        "updated_date": [
            "Updated on May 14, 2023"
        ],
        "servings": [
            "for 30 churro bites"
        ]
    },
    {
        "page": "113",
        "name": [],
        "updated_date": [],
        "servings": [
            "for 4 servings"
        ]
    },
    {
        "page": "114",
        "name": [],
        "updated_date": [],
        "servings": [
            "for 16 falafels"
        ]
    },
    {
        "page": "110",
        "name": [],
        "updated_date": [],
        "servings": [
            "for 6 servings"
        ]
    },
    {
        "page": "118",
        "name": [],
        "updated_date": [],
        "servings": [
            "for 4 serving"
        ]
    },
    {
        "page": "117",
        "name": [
            "Baked Oatmeal Cups"
        ],
        "updated_date": [
            "Updated on May 04, 2023"
        ],
        "servings": [
            "for 12 cups"
        ]
    },
    {
        "page": "119",
        "name": [
            "Baked Salmon"
        ],
        "updated_date": [
            "Updated on May 04, 2023"
        ],
        "servings": [
            "for 1 serving"
        ]
    },
    {
        "page": "12",
        "name": [
            "3-Ingredient Chocolate And Peanut Butter Fudge"
        ],
        "updated_date": [
            "Updated on May 14, 2023"
        ],
        "servings": [
            "for 8 servings"
        ]
    },
    {
        "page": "120",
        "name": [],
        "updated_date": [],
        "servings": [
            "for 4 servings"
        ]
    },
    {
        "page": "115",
        "name": [],
        "updated_date": [],
        "servings": [
            "for 3 servings"
        ]
    },
    {
        "page": "122",
        "name": [],
        "updated_date": [],
        "servings": [
            "for 1 serving"
        ]
    },
    {
        "page": "121",
        "name": [],
        "updated_date": [],
        "servings": [
            "for 1 serving"
        ]
    },
    {
        "page": "124",
        "name": [],
        "updated_date": [],
        "servings": []
    },
    {
        "page": "125",
        "name": [
            "Banana Chocolate Chip Energy Bites"
        ],
        "updated_date": [
            "Updated on May 14, 2023"
        ],
        "servings": [
            "for 4 servings"
        ]
    },
    {
        "page": "127",
        "name": [],
        "updated_date": [],
        "servings": [
            "for 12 muffins"
        ]
    },
    {
        "page": "123",
        "name": [],
        "updated_date": [],
        "servings": [
            "for 10 servings"
        ]
    },
    {
        "page": "128",
        "name": [],
        "updated_date": [],
        "servings": [
            "for 12 servings"
        ]
    },
    {
        "page": "129",
        "name": [],
        "updated_date": [],
        "servings": [
            "for 2 servings"
        ]
    },
    {
        "page": "116",
        "name": [
            "Baked Ham & Cheese Ring"
        ],
        "updated_date": [
            "Updated on May 04, 2023"
        ],
        "servings": [
            "for 4 servings"
        ]
    },
    {
        "page": "13",
        "name": [],
        "updated_date": [],
        "servings": [
            "for 1 serving"
        ]
    },
    {
        "page": "126",
        "name": [],
        "updated_date": [],
        "servings": [
            "for 12 servings"
        ]
    },
    {
        "page": "130",
        "name": [
            "Bananas Foster Crepe Pockets"
        ],
        "updated_date": [
            "Updated on August 14, 2023"
        ],
        "servings": [
            "for 4 servings"
        ]
    },
    {
        "page": "132",
        "name": [
            "Banoffee Cookies"
        ],
        "updated_date": [
            "Updated on May 04, 2023"
        ],
        "servings": [
            "for 12 cookies"
        ]
    },
    {
        "page": "135",
        "name": [
            "BBQ Bacon Ice Tray Meatballs"
        ],
        "updated_date": [
            "Updated on May 04, 2023"
        ],
        "servings": [
            "for 24 balls"
        ]
    },
    {
        "page": "133",
        "name": [],
        "updated_date": [],
        "servings": []
    },
    {
        "page": "131",
        "name": [],
        "updated_date": [],
        "servings": [
            "for 1 serving"
        ]
    },
    {
        "page": "137",
        "name": [],
        "updated_date": [],
        "servings": [
            "for 4 servings"
        ]
    },
    {
        "page": "136",
        "name": [
            "BBQ Bacon Onion Rings"
        ],
        "updated_date": [
            "Updated on May 04, 2023"
        ],
        "servings": [
            "for 12 servings"
        ]
    },
    {
        "page": "14",
        "name": [],
        "updated_date": [],
        "servings": [
            "for 2 servings"
        ]
    },
    {
        "page": "134",
        "name": [],
        "updated_date": [],
        "servings": [
            "for 4 servings"
        ]
    },
    {
        "page": "141",
        "name": [],
        "updated_date": [],
        "servings": [
            "for 4 servings"
        ]
    },
    {
        "page": "140",
        "name": [
            "BBQ Chicken Pizza Tacos"
        ],
        "updated_date": [
            "Updated on May 04, 2023"
        ],
        "servings": [
            "for 15 tacos"
        ]
    },
    {
        "page": "142",
        "name": [
            "BBQ Chicken Sandwich"
        ],
        "updated_date": [
            "Updated on May 04, 2023"
        ],
        "servings": [
            "for 6 servings"
        ]
    },
    {
        "page": "138",
        "name": [],
        "updated_date": [],
        "servings": [
            "for 4 skewers"
        ]
    },
    {
        "page": "144",
        "name": [],
        "updated_date": [],
        "servings": []
    },
    {
        "page": "145",
        "name": [
            "BBQ Pulled Chicken Sliders"
        ],
        "updated_date": [
            "Updated on May 04, 2023"
        ],
        "servings": []
    },
    {
        "page": "147",
        "name": [
            "BBQ Spice Rub Blend"
        ],
        "updated_date": [
            "Updated on May 04, 2023"
        ],
        "servings": [
            "for 8 servings"
        ]
    },
    {
        "page": "146",
        "name": [
            "BBQ Pulled Pork Rolls"
        ],
        "updated_date": [
            "Updated on May 04, 2023"
        ],
        "servings": []
    },
    {
        "page": "143",
        "name": [
            "BBQ Chicken Sliders"
        ],
        "updated_date": [
            "Updated on April 22, 2024"
        ],
        "servings": [
            "for 12 sliders"
        ]
    },
    {
        "page": "15",
        "name": [
            "3-Ingredient Cookie Butter Cakes"
        ],
        "updated_date": [
            "Updated on May 04, 2023"
        ],
        "servings": [
            "for 12 mini cakes"
        ]
    },
    {
        "page": "148",
        "name": [
            "Beans, Rice & Cheese Burritos"
        ],
        "updated_date": [
            "Updated on May 04, 2023"
        ],
        "servings": [
            "for 6 burritos"
        ]
    },
    {
        "page": "150",
        "name": [
            "Beef And Broccoli Stir-Fry"
        ],
        "updated_date": [
            "Updated on June 09, 2019"
        ],
        "servings": [
            "for 4 servings"
        ]
    },
    {
        "page": "151",
        "name": [],
        "updated_date": [],
        "servings": [
            "for 3 servings"
        ]
    },
    {
        "page": "153",
        "name": [
            "Beef Enchiladas"
        ],
        "updated_date": [
            "Updated on July 21, 2021"
        ],
        "servings": [
            "for 4 servings"
        ]
    },
    {
        "page": "149",
        "name": [
            "Beauty And The Beast-Inspired French Bread Pizza"
        ],
        "updated_date": [
            "Updated on August 14, 2023"
        ],
        "servings": [
            "for 2 french bread pizzas"
        ]
    },
    {
        "page": "154",
        "name": [],
        "updated_date": [],
        "servings": [
            "for 6 servings"
        ]
    },
    {
        "page": "156",
        "name": [],
        "updated_date": [],
        "servings": [
            "for 6 servings"
        ]
    },
    {
        "page": "155",
        "name": [],
        "updated_date": [],
        "servings": [
            "for 15 servings"
        ]
    },
    {
        "page": "157",
        "name": [
            "Beer-Battered Crispy Fried Chicken Strips"
        ],
        "updated_date": [
            "Updated on May 04, 2023"
        ],
        "servings": [
            "for 2 servings"
        ]
    },
    {
        "page": "152",
        "name": [],
        "updated_date": [],
        "servings": []
    },
    {
        "page": "158",
        "name": [],
        "updated_date": [],
        "servings": [
            "for 6 tacos"
        ]
    },
    {
        "page": "16",
        "name": [],
        "updated_date": [],
        "servings": [
            "for 8 servings"
        ]
    },
    {
        "page": "160",
        "name": [],
        "updated_date": [],
        "servings": [
            "for 7 servings"
        ]
    },
    {
        "page": "159",
        "name": [
            "Beer-battered Onion Rings By Martha Stewart"
        ],
        "updated_date": [
            "Updated on May 14, 2023"
        ],
        "servings": [
            "for 4 servings"
        ]
    },
    {
        "page": "162",
        "name": [],
        "updated_date": [],
        "servings": [
            "for 6 servings"
        ]
    },
    {
        "page": "161",
        "name": [
            "Beet And Pear Salad With Lemon Vinaigrette"
        ],
        "updated_date": [
            "Updated on May 04, 2023"
        ],
        "servings": [
            "for 6 servings"
        ]
    },
    {
        "page": "164",
        "name": [],
        "updated_date": [],
        "servings": [
            "for 6 servings"
        ]
    },
    {
        "page": "165",
        "name": [],
        "updated_date": [],
        "servings": [
            "for 2 servings"
        ]
    },
    {
        "page": "163",
        "name": [
            "Bella\u2019s Chicken Tinga Party Board"
        ],
        "updated_date": [
            "Updated on August 17, 2023"
        ],
        "servings": [
            "for 6 Servings"
        ]
    },
    {
        "page": "166",
        "name": [],
        "updated_date": [],
        "servings": [
            "for 2 servings"
        ]
    },
    {
        "page": "168",
        "name": [],
        "updated_date": [],
        "servings": [
            "for 8 servings"
        ]
    },
    {
        "page": "167",
        "name": [],
        "updated_date": [],
        "servings": [
            "for 10 servings"
        ]
    },
    {
        "page": "169",
        "name": [],
        "updated_date": [],
        "servings": [
            "for 10 servings"
        ]
    },
    {
        "page": "17",
        "name": [
            "3-Ingredient Cookies \u2018n\u2019 Cream Ice Cream"
        ],
        "updated_date": [
            "Updated on May 04, 2023"
        ],
        "servings": [
            "for 10 servings"
        ]
    },
    {
        "page": "170",
        "name": [],
        "updated_date": [],
        "servings": [
            "for 12 cookies"
        ]
    },
    {
        "page": "171",
        "name": [
            "Birthday Cake Mug Cake"
        ],
        "updated_date": [
            "Updated on June 09, 2019"
        ],
        "servings": [
            "for 1 serving"
        ]
    },
    {
        "page": "172",
        "name": [],
        "updated_date": [],
        "servings": [
            "for 9 bars"
        ]
    },
    {
        "page": "173",
        "name": [
            "Birthday Cake Puff Pastry Muffin"
        ],
        "updated_date": [
            "Updated on May 04, 2023"
        ],
        "servings": []
    },
    {
        "page": "178",
        "name": [
            "Black Beans And Corn Taco Cups"
        ],
        "updated_date": [
            "Updated on May 04, 2023"
        ],
        "servings": [
            "for 12 cups"
        ]
    },
    {
        "page": "179",
        "name": [],
        "updated_date": [],
        "servings": [
            "for 2 servings"
        ]
    },
    {
        "page": "139",
        "name": [],
        "updated_date": [],
        "servings": [
            "for 24 poppers"
        ]
    },
    {
        "page": "176",
        "name": [],
        "updated_date": [],
        "servings": [
            "for 6 servings"
        ]
    },
    {
        "page": "177",
        "name": [
            "Black Bean & Roasted Red Pepper Veggie Burgers"
        ],
        "updated_date": [
            "Updated on May 04, 2023"
        ],
        "servings": [
            "for 5 servings"
        ]
    },
    {
        "page": "180",
        "name": [],
        "updated_date": [],
        "servings": [
            "for 4 servings"
        ]
    },
    {
        "page": "18",
        "name": [],
        "updated_date": [],
        "servings": [
            "for 1 serving"
        ]
    },
    {
        "page": "184",
        "name": [],
        "updated_date": [],
        "servings": [
            "for 2 servings"
        ]
    },
    {
        "page": "185",
        "name": [
            "Blackberry Tequila Punch"
        ],
        "updated_date": [
            "Updated on March 01, 2022"
        ],
        "servings": [
            "for 8 servings"
        ]
    },
    {
        "page": "183",
        "name": [],
        "updated_date": [],
        "servings": [
            "for 6 slices"
        ]
    },
    {
        "page": "186",
        "name": [
            "Blackberry Whiskey Lemonade"
        ],
        "updated_date": [
            "Updated on August 14, 2023"
        ],
        "servings": [
            "for 6 servings"
        ]
    },
    {
        "page": "181",
        "name": [
            "Black Tea Miso Glazed Salmon"
        ],
        "updated_date": [
            "Updated on August 14, 2023"
        ],
        "servings": [
            "for 4 servings"
        ]
    },
    {
        "page": "188",
        "name": [],
        "updated_date": [],
        "servings": [
            "for 6 servings"
        ]
    },
    {
        "page": "189",
        "name": [
            "Blooming Quesadilla Ring"
        ],
        "updated_date": [
            "Updated on April 18, 2024"
        ],
        "servings": []
    },
    {
        "page": "187",
        "name": [
            "Bleeding Vampire Drink"
        ],
        "updated_date": [
            "Updated on May 14, 2023"
        ],
        "servings": [
            "for 1 serving"
        ]
    },
    {
        "page": "19",
        "name": [],
        "updated_date": [],
        "servings": [
            "for 4 servings"
        ]
    },
    {
        "page": "190",
        "name": [
            "Blue Pi\u00f1ata"
        ],
        "updated_date": [
            "Updated on August 14, 2023"
        ],
        "servings": [
            "for 1 serving"
        ]
    },
    {
        "page": "191",
        "name": [],
        "updated_date": [],
        "servings": [
            "for 4 servings"
        ]
    },
    {
        "page": "193",
        "name": [
            "Blueberry Blondies"
        ],
        "updated_date": [
            "Updated on August 01, 2019"
        ],
        "servings": [
            "for 9 blondies"
        ]
    },
    {
        "page": "192",
        "name": [],
        "updated_date": [],
        "servings": [
            "for 1 serving"
        ]
    },
    {
        "page": "194",
        "name": [
            "Blueberry Fruit Rollers"
        ],
        "updated_date": [
            "Updated on May 14, 2023"
        ],
        "servings": [
            "for 12 servings"
        ]
    },
    {
        "page": "2",
        "name": [
            "100 Clove Garlic Chili Crisp"
        ],
        "updated_date": [
            "Updated on May 03, 2024"
        ],
        "servings": [
            "for 1 quart"
        ]
    },
    {
        "page": "20",
        "name": [],
        "updated_date": [],
        "servings": [
            "for 4 servings"
        ]
    },
    {
        "page": "195",
        "name": [],
        "updated_date": [],
        "servings": [
            "for 1 serving"
        ]
    },
    {
        "page": "21",
        "name": [
            "3-Ingredient Teriyaki Chicken"
        ],
        "updated_date": [
            "Updated on May 01, 2024"
        ],
        "servings": [
            "for 4 serving"
        ]
    },
    {
        "page": "182",
        "name": [],
        "updated_date": [],
        "servings": [
            "for 6 slices"
        ]
    },
    {
        "page": "22",
        "name": [
            "30-Minute Nagan Kozhi Curry (Kerala Chicken Curry)"
        ],
        "updated_date": [
            "Updated on August 14, 2023"
        ],
        "servings": [
            "for 4 servings"
        ]
    },
    {
        "page": "23",
        "name": [
            "30-Minute Pizza Party Boats"
        ],
        "updated_date": [
            "Updated on May 04, 2023"
        ],
        "servings": [
            "for 12 servings"
        ]
    },
    {
        "page": "26",
        "name": [
            "4-Ingredient Holiday Truffles"
        ],
        "updated_date": [
            "Updated on May 04, 2023"
        ],
        "servings": [
            "for 40 truffles"
        ]
    },
    {
        "page": "24",
        "name": [
            "4-Flavor Sandwich Ring"
        ],
        "updated_date": [
            "Updated on May 04, 2023"
        ],
        "servings": [
            "for 8 servings"
        ]
    },
    {
        "page": "196",
        "name": [
            "Blueberry Oven Pancake"
        ],
        "updated_date": [
            "Updated on May 04, 2023"
        ],
        "servings": [
            "for 6 servings"
        ]
    },
    {
        "page": "25",
        "name": [
            "4-Hour Giant Banana Cinnamon Roll"
        ],
        "updated_date": [
            "Updated on March 19, 2020"
        ],
        "servings": []
    },
    {
        "page": "27",
        "name": [
            "4-Ingredient Kiwi-Strawberry Fruit Leathers"
        ],
        "updated_date": [
            "Updated on May 04, 2023"
        ],
        "servings": [
            "for 10 servings"
        ]
    },
    {
        "page": "29",
        "name": [],
        "updated_date": [],
        "servings": [
            "for 12 servings"
        ]
    },
    {
        "page": "30",
        "name": [
            "5-Ingredient Coconut Ladoos"
        ],
        "updated_date": [
            "Updated on September 24, 2020"
        ],
        "servings": [
            "for 18 balls"
        ]
    },
    {
        "page": "3",
        "name": [],
        "updated_date": [],
        "servings": [
            "for 20 servings"
        ]
    },
    {
        "page": "32",
        "name": [],
        "updated_date": [],
        "servings": [
            "for 8 servings"
        ]
    },
    {
        "page": "31",
        "name": [],
        "updated_date": [],
        "servings": [
            "for 10 cookies"
        ]
    },
    {
        "page": "33",
        "name": [
            "5-Piece Pizza Party"
        ],
        "updated_date": [
            "Updated on January 30, 2020"
        ],
        "servings": [
            "for 12 servings"
        ]
    },
    {
        "page": "35",
        "name": [
            "6-Hour Salted Caramel Deep Dish Apple Pie"
        ],
        "updated_date": [
            "Updated on November 05, 2020"
        ],
        "servings": [
            "for 8 servings"
        ]
    },
    {
        "page": "34",
        "name": [
            "50 Garlic Clove Truffle Fries"
        ],
        "updated_date": [
            "Updated on April 04, 2024"
        ],
        "servings": [
            "for 4 servings"
        ]
    },
    {
        "page": "37",
        "name": [],
        "updated_date": [],
        "servings": [
            "for 6 servings"
        ]
    },
    {
        "page": "38",
        "name": [],
        "updated_date": [],
        "servings": [
            "for 20 servings"
        ]
    },
    {
        "page": "28",
        "name": [
            "4 Ingredient Berries & Cream Hand Pies"
        ],
        "updated_date": [
            "Updated on May 04, 2023"
        ],
        "servings": []
    },
    {
        "page": "4",
        "name": [
            "12 Layer Turkey Pesto Panini Bread Bowl"
        ],
        "updated_date": [
            "Updated on May 04, 2023"
        ],
        "servings": []
    },
    {
        "page": "36",
        "name": [
            "6-Minute Microwave Lasagna"
        ],
        "updated_date": [
            "Updated on June 29, 2021"
        ],
        "servings": [
            "for 1 serving"
        ]
    },
    {
        "page": "39",
        "name": [
            "Acai And Blueberry Smoothie"
        ],
        "updated_date": [
            "Updated on September 29, 2019"
        ],
        "servings": [
            "for 1 serving"
        ]
    },
    {
        "page": "40",
        "name": [
            "Ackee And Saltfish With Bammy As Made By Karamo And Jason Brown"
        ],
        "updated_date": [
            "Updated on May 04, 2023"
        ],
        "servings": []
    },
    {
        "page": "41",
        "name": [],
        "updated_date": [],
        "servings": []
    },
    {
        "page": "44",
        "name": [
            "After-School Zucchini Pizzas"
        ],
        "updated_date": [
            "Updated on January 30, 2023"
        ],
        "servings": []
    },
    {
        "page": "45",
        "name": [
            "Afternoon Tea Churros"
        ],
        "updated_date": [
            "Updated on May 04, 2023"
        ],
        "servings": [
            "for 10 pieces"
        ]
    },
    {
        "page": "47",
        "name": [
            "Air-Fried Garlic Popcorn Chicken"
        ],
        "updated_date": [
            "Updated on May 04, 2023"
        ],
        "servings": [
            "for 2 servings"
        ]
    },
    {
        "page": "46",
        "name": [
            "Air Fried Chicken Wings With White Barbecue Sauce"
        ],
        "updated_date": [
            "Updated on August 14, 2023"
        ],
        "servings": [
            "for 4 servings"
        ]
    },
    {
        "page": "43",
        "name": [],
        "updated_date": [],
        "servings": []
    },
    {
        "page": "48",
        "name": [
            "Air Fryer Cannolis"
        ],
        "updated_date": [
            "Updated on May 16, 2021"
        ],
        "servings": [
            "for 8 cannolis"
        ]
    },
    {
        "page": "49",
        "name": [
            "Air Fryer Sweet Potato Chips"
        ],
        "updated_date": [
            "Updated on March 22, 2020"
        ],
        "servings": [
            "for 2 servings"
        ]
    },
    {
        "page": "50",
        "name": [
            "Air Fryer Tortilla Chips"
        ],
        "updated_date": [
            "Updated on August 14, 2023"
        ],
        "servings": [
            "for 2 servings"
        ]
    },
    {
        "page": "5",
        "name": [
            "2-Ingredient Dough Pretzels"
        ],
        "updated_date": [
            "Updated on May 04, 2023"
        ],
        "servings": []
    },
    {
        "page": "52",
        "name": [
            "Aladdin-Inspired Magic Carpet Pizza"
        ],
        "updated_date": [
            "Updated on August 14, 2023"
        ],
        "servings": [
            "for 6 servings"
        ]
    },
    {
        "page": "51",
        "name": [
            "Air Fryer Zesty Chicken Wings"
        ],
        "updated_date": [
            "Updated on August 14, 2023"
        ],
        "servings": [
            "for 2 servings"
        ]
    },
    {
        "page": "53",
        "name": [
            "Albondigas (Mexican Meatball Soup)"
        ],
        "updated_date": [
            "Updated on April 25, 2021"
        ],
        "servings": [
            "for 8 servings"
        ]
    },
    {
        "page": "42",
        "name": [
            "After School Berry Yogurt Bark"
        ],
        "updated_date": [
            "Updated on May 04, 2023"
        ],
        "servings": []
    },
    {
        "page": "54",
        "name": [],
        "updated_date": [],
        "servings": [
            "for 12 servings"
        ]
    },
    {
        "page": "56",
        "name": [],
        "updated_date": [],
        "servings": [
            "for 3 servings"
        ]
    },
    {
        "page": "55",
        "name": [],
        "updated_date": [],
        "servings": [
            "for 4 servings"
        ]
    },
    {
        "page": "59",
        "name": [
            "Antipasto Crostini"
        ],
        "updated_date": [
            "Updated on May 04, 2023"
        ],
        "servings": [
            "for 12 crostinis"
        ]
    },
    {
        "page": "57",
        "name": [
            "American Flag Cake Pops"
        ],
        "updated_date": [
            "Updated on July 02, 2019"
        ],
        "servings": [
            "for 36 pops"
        ]
    },
    {
        "page": "6",
        "name": [],
        "updated_date": [],
        "servings": [
            "for 1 cookie"
        ]
    },
    {
        "page": "61",
        "name": [],
        "updated_date": [],
        "servings": [
            "for 1 serving"
        ]
    },
    {
        "page": "58",
        "name": [],
        "updated_date": [],
        "servings": [
            "for 4 servings"
        ]
    },
    {
        "page": "62",
        "name": [
            "Apple Cider"
        ],
        "updated_date": [
            "Updated on May 04, 2023"
        ],
        "servings": [
            "for 10 servings"
        ]
    },
    {
        "page": "60",
        "name": [],
        "updated_date": [],
        "servings": []
    },
    {
        "page": "65",
        "name": [],
        "updated_date": [],
        "servings": [
            "for 12 servings"
        ]
    },
    {
        "page": "63",
        "name": [
            "Apple Cider Beignet"
        ],
        "updated_date": [
            "Updated on August 06, 2019"
        ],
        "servings": [
            "for 36 beignets"
        ]
    },
    {
        "page": "64",
        "name": [],
        "updated_date": [],
        "servings": []
    },
    {
        "page": "68",
        "name": [
            "Apple Farro Salad"
        ],
        "updated_date": [
            "Updated on August 14, 2023"
        ],
        "servings": [
            "for 4 servings"
        ]
    },
    {
        "page": "66",
        "name": [],
        "updated_date": [],
        "servings": [
            "for 6 servings"
        ]
    },
    {
        "page": "67",
        "name": [
            "Apple Dumplings"
        ],
        "updated_date": [
            "Updated on May 04, 2023"
        ],
        "servings": [
            "for 10 servings"
        ]
    },
    {
        "page": "7",
        "name": [],
        "updated_date": [],
        "servings": [
            "for 2 servings"
        ]
    },
    {
        "page": "70",
        "name": [],
        "updated_date": [],
        "servings": [
            "for 4 servings"
        ]
    },
    {
        "page": "69",
        "name": [
            "Apple Fruit Rollers"
        ],
        "updated_date": [
            "Updated on May 14, 2023"
        ],
        "servings": [
            "for 12 servings"
        ]
    },
    {
        "page": "72",
        "name": [],
        "updated_date": [],
        "servings": []
    },
    {
        "page": "75",
        "name": [
            "Aries Cake"
        ],
        "updated_date": [
            "Updated on August 14, 2023"
        ],
        "servings": [
            "for 16 servings"
        ]
    },
    {
        "page": "73",
        "name": [],
        "updated_date": [],
        "servings": []
    },
    {
        "page": "71",
        "name": [
            "Apple Peel Chips"
        ],
        "updated_date": [
            "Updated on May 14, 2023"
        ],
        "servings": []
    },
    {
        "page": "77",
        "name": [],
        "updated_date": [],
        "servings": [
            "for 4 servings"
        ]
    },
    {
        "page": "74",
        "name": [
            "Apple Tater Tots"
        ],
        "updated_date": [
            "Updated on May 04, 2023"
        ],
        "servings": []
    },
    {
        "page": "76",
        "name": [
            "Aries Tea Blend"
        ],
        "updated_date": [
            "Updated on May 04, 2023"
        ],
        "servings": [
            "for 24 servings"
        ]
    },
    {
        "page": "79",
        "name": [
            "Asian Chicken Chopped Salad"
        ],
        "updated_date": [
            "Updated on May 04, 2023"
        ],
        "servings": [
            "for 6 servings"
        ]
    },
    {
        "page": "80",
        "name": [],
        "updated_date": [],
        "servings": [
            "for 1 seving"
        ]
    },
    {
        "page": "81",
        "name": [],
        "updated_date": [],
        "servings": []
    },
    {
        "page": "78",
        "name": [
            "Arroz Con Tres Leches"
        ],
        "updated_date": [
            "Updated on October 03, 2021"
        ],
        "servings": [
            "for 4 servings"
        ]
    },
    {
        "page": "8",
        "name": [],
        "updated_date": [],
        "servings": [
            "for 4 servings"
        ]
    },
    {
        "page": "83",
        "name": [],
        "updated_date": [],
        "servings": []
    },
    {
        "page": "82",
        "name": [
            "Asparagus-Stuffed Chicken Breast"
        ],
        "updated_date": [],
        "servings": []
    },
    {
        "page": "87",
        "name": [],
        "updated_date": [],
        "servings": [
            "for 8 servings"
        ]
    },
    {
        "page": "88",
        "name": [],
        "updated_date": [],
        "servings": [
            "for 4 servings"
        ]
    },
    {
        "page": "89",
        "name": [],
        "updated_date": [],
        "servings": [
            "for 2 servings"
        ]
    },
    {
        "page": "9",
        "name": [
            "3-Hour Burger"
        ],
        "updated_date": [
            "Updated on May 04, 2023"
        ],
        "servings": [
            "for 4 servings"
        ]
    },
    {
        "page": "85",
        "name": [
            "Avocado Carbonara"
        ],
        "updated_date": [
            "Updated on May 04, 2023"
        ],
        "servings": [
            "for 2 servings"
        ]
    },
    {
        "page": "91",
        "name": [],
        "updated_date": [],
        "servings": [
            "for 1 serving"
        ]
    },
    {
        "page": "92",
        "name": [],
        "updated_date": [],
        "servings": [
            "for 6 servings"
        ]
    },
    {
        "page": "93",
        "name": [
            "Bacon, Avocado, & Brussels Sprout Salad With Lemon Vinaigrette"
        ],
        "updated_date": [
            "Updated on May 14, 2023"
        ],
        "servings": [
            "for 4 servings"
        ]
    },
    {
        "page": "90",
        "name": [
            "Back-To-School Snack Board"
        ],
        "updated_date": [
            "Updated on August 14, 2023"
        ],
        "servings": [
            "for 8 servings"
        ]
    },
    {
        "page": "94",
        "name": [
            "Bacon Avocado Caesar Salad"
        ],
        "updated_date": [
            "Updated on May 14, 2023"
        ],
        "servings": [
            "for 2 servings"
        ]
    },
    {
        "page": "95",
        "name": [
            "Bacon Cheddar Deviled Eggs"
        ],
        "updated_date": [
            "Updated on May 04, 2023"
        ],
        "servings": [
            "for 6 servings"
        ]
    },
    {
        "page": "97",
        "name": [
            "Bacon Cinnamon Rolls"
        ],
        "updated_date": [
            "Updated on August 06, 2019"
        ],
        "servings": [
            "for 7 rolls"
        ]
    },
    {
        "page": "96",
        "name": [
            "Bacon Chicken-Wrapped Mozzarella Sticks"
        ],
        "updated_date": [
            "Updated on May 04, 2023"
        ],
        "servings": []
    },
    {
        "page": "98",
        "name": [
            "Bacon, Egg, And Cheese Breakfast Bread Boat"
        ],
        "updated_date": [
            "Updated on May 04, 2023"
        ],
        "servings": [
            "for 1 boat"
        ]
    },
    {
        "page": "99",
        "name": [
            "Bacon, Egg, And Cheese Donuts"
        ],
        "updated_date": [
            "Updated on October 30, 2019"
        ],
        "servings": [
            "for 12 servings"
        ]
    },
    {
        "page": "86",
        "name": [
            "Avocado Fries"
        ],
        "updated_date": [
            "Updated on August 14, 2023"
        ],
        "servings": [
            "for 4 servings"
        ]
    },
    {
        "page": "84",
        "name": [
            "Avocado & Black Bean Egg Wrapped Breakfast Burrito"
        ],
        "updated_date": [
            "Updated on May 04, 2023"
        ],
        "servings": [
            "for 1 serving"
        ]
    },
    {
        "page": "175",
        "name": [],
        "updated_date": [],
        "servings": [
            "for 8 servings"
        ]
    },
    {
        "page": "174",
        "name": [],
        "updated_date": [],
        "servings": [
            "for 6 servings"
        ]
    }
]