[
    {
        "page": "0",
        "name": [
            "(1936)  Delicate White Cake..."
        ],
        "author": [
            "Serena 485247"
        ],
        "servings": [
            "1"
        ]
    },
    {
        "page": "1",
        "name": [
            "Tangy 24 Hour Fruit Salad"
        ],
        "author": [
            "Jacqueline Edmond"
        ],
        "servings": [
            "8-10"
        ]
    },
    {
        "page": "100",
        "name": [
            "Delightful Lemon Mousse"
        ],
        "author": [
            "Charlotte J"
        ],
        "servings": [
            "10"
        ]
    },
    {
        "page": "102",
        "name": [
            "Double Chocolate Surprise Brownies"
        ],
        "author": [
            "*OzMan*"
        ],
        "servings": [
            "16"
        ]
    },
    {
        "page": "103",
        "name": [
            "Drunken Grapes"
        ],
        "author": [
            "Sherrybeth"
        ],
        "servings": [
            "8-10"
        ]
    },
    {
        "page": "104",
        "name": [
            "Dry Rub for Any Meat"
        ],
        "author": [
            "kstrating"
        ],
        "servings": [
            "1"
        ]
    },
    {
        "page": "101",
        "name": [
            "Dijon Bacon Dip for Pretzels"
        ],
        "author": [],
        "servings": [
            "12"
        ]
    },
    {
        "page": "105",
        "name": [
            "Easiest Bread Pudding!"
        ],
        "author": [
            "crazy crafter"
        ],
        "servings": [
            "3-4"
        ]
    },
    {
        "page": "106",
        "name": [
            "Easter Birds Nests (Peanut Butter Free)"
        ],
        "author": [
            "Trixyinaz"
        ],
        "servings": [
            "18"
        ]
    },
    {
        "page": "107",
        "name": [
            "Easy Asparagus-Prosciutto Roll up Appetizers"
        ],
        "author": [
            "DeSouter"
        ],
        "servings": [
            "15"
        ]
    },
    {
        "page": "108",
        "name": [
            "Easy Biscuit Mix"
        ],
        "author": [
            "Boise_girl"
        ],
        "servings": [
            "1"
        ]
    },
    {
        "page": "109",
        "name": [
            "Authentic Chicken Divan"
        ],
        "author": [
            "CycloneMommy"
        ],
        "servings": [
            "4-5"
        ]
    },
    {
        "page": "11",
        "name": [
            "Artichoke Chicken"
        ],
        "author": [
            "JFluckie"
        ],
        "servings": [
            "4"
        ]
    },
    {
        "page": "111",
        "name": [
            "Easy Gouda Wedges"
        ],
        "author": [
            "Michelle S."
        ],
        "servings": [
            "10-12"
        ]
    },
    {
        "page": "112",
        "name": [
            "Easy Lasagna - No Ricotta"
        ],
        "author": [
            "lilchris"
        ],
        "servings": [
            "9"
        ]
    },
    {
        "page": "110",
        "name": [
            "Easy Farmstand Fresh Cream of Tomato Soup"
        ],
        "author": [
            "Muffin Goddess"
        ],
        "servings": [
            "4"
        ]
    },
    {
        "page": "113",
        "name": [
            "Easy Malva Pudding"
        ],
        "author": [
            "Kzn-Debby"
        ],
        "servings": [
            "10-12"
        ]
    },
    {
        "page": "115",
        "name": [
            "Easy Vegetarian Chilaquiles (Enchilada Casserole)"
        ],
        "author": [
            "piratejenny"
        ],
        "servings": [
            "6-9"
        ]
    },
    {
        "page": "10",
        "name": [
            "Armenian Apricot Soup"
        ],
        "author": [
            "AmandaInOz"
        ],
        "servings": [
            "8-10"
        ]
    },
    {
        "page": "114",
        "name": [
            "Easy No-Bake Cheesecake"
        ],
        "author": [
            "Stormy Nights in Ca"
        ],
        "servings": [
            "6-8"
        ]
    },
    {
        "page": "118",
        "name": [
            "Faggots in Onion Gravy"
        ],
        "author": [
            "lindseylcw"
        ],
        "servings": [
            "4"
        ]
    },
    {
        "page": "119",
        "name": [
            "Feather Bed Rolls"
        ],
        "author": [
            "ReeLani"
        ],
        "servings": [
            "18"
        ]
    },
    {
        "page": "12",
        "name": [
            "Asian Ramen Salad with Chicken"
        ],
        "author": [
            "PalatablePastime"
        ],
        "servings": [
            "4"
        ]
    },
    {
        "page": "120",
        "name": [
            "Fettuccini Carbonara With Gorgonzola"
        ],
        "author": [
            "Barb G."
        ],
        "servings": [
            "4-6"
        ]
    },
    {
        "page": "117",
        "name": [
            "Eryk's Dill Pickle Meatloaf"
        ],
        "author": [
            "Denise in NH"
        ],
        "servings": [
            "6"
        ]
    },
    {
        "page": "116",
        "name": [
            "Egg Dip With Caviar :-))"
        ],
        "author": [
            "NoSpringChicken"
        ],
        "servings": [
            "48"
        ]
    },
    {
        "page": "121",
        "name": [
            "Fillet of Sole Ponte Vecchio Style"
        ],
        "author": [
            "Member 610488"
        ],
        "servings": [
            "4"
        ]
    },
    {
        "page": "122",
        "name": [
            "Five-Spice Tea Cake"
        ],
        "author": [
            "Irmgard"
        ],
        "servings": [
            "1"
        ]
    },
    {
        "page": "123",
        "name": [
            "Foogath"
        ],
        "author": [
            "Brian Holley"
        ],
        "servings": [
            "4"
        ]
    },
    {
        "page": "124",
        "name": [
            "Fresh Fruit Flip"
        ],
        "author": [
            "Sydney Mike"
        ],
        "servings": [
            "4"
        ]
    },
    {
        "page": "126",
        "name": [
            "Frozen Grand Marnier Souffles"
        ],
        "author": [
            "evelynathens"
        ],
        "servings": [
            "6"
        ]
    },
    {
        "page": "128",
        "name": [
            "Gem Scones"
        ],
        "author": [
            "Ninna"
        ],
        "servings": [
            "12"
        ]
    },
    {
        "page": "127",
        "name": [
            "Garlic Lemon Butter"
        ],
        "author": [
            "Kittencalrecipezazz"
        ],
        "servings": [
            "1/2"
        ]
    },
    {
        "page": "129",
        "name": [
            "Ginger Biscotti With White Chocolate"
        ],
        "author": [
            "Charlotte J"
        ],
        "servings": [
            "32"
        ]
    },
    {
        "page": "130",
        "name": [
            "Gluten Free: Roasted Eggplant and Tomato"
        ],
        "author": [
            "Jazmina"
        ],
        "servings": [
            "2-4"
        ]
    },
    {
        "page": "131",
        "name": [
            "Go Bananas Banana Bread!"
        ],
        "author": [
            "redhairangel"
        ],
        "servings": [
            "2"
        ]
    },
    {
        "page": "13",
        "name": [
            "Asian Shrimp and Lobster Sauce"
        ],
        "author": [
            "Chefiebig"
        ],
        "servings": [
            "4"
        ]
    },
    {
        "page": "134",
        "name": [
            "Grandma's Big Boy Strawberry Pie"
        ],
        "author": [
            "Mom10"
        ],
        "servings": [
            "1"
        ]
    },
    {
        "page": "132",
        "name": [
            "Go Big Red Cake Frosting!"
        ],
        "author": [
            "Chef Nichol"
        ],
        "servings": [
            "2"
        ]
    },
    {
        "page": "133",
        "name": [
            "Good Stuff Maynard"
        ],
        "author": [
            "Early Mckinney"
        ],
        "servings": [
            "6"
        ]
    },
    {
        "page": "136",
        "name": [
            "Grilled Eggplant Burger"
        ],
        "author": [
            "SushiBeans"
        ],
        "servings": [
            "6"
        ]
    },
    {
        "page": "137",
        "name": [
            "Grilled Green Beans With Gorgonzola Vinaigrette"
        ],
        "author": [
            "blucoat"
        ],
        "servings": [
            "6"
        ]
    },
    {
        "page": "125",
        "name": [
            "Frozen Chocolate Cheesecake Bites"
        ],
        "author": [
            "Wendelina"
        ],
        "servings": [
            "10"
        ]
    },
    {
        "page": "139",
        "name": [
            "Ham and Corn Casserole"
        ],
        "author": [
            "Pinay0618"
        ],
        "servings": [
            "6-8"
        ]
    },
    {
        "page": "138",
        "name": [
            "Ham and Asparagus Fettuccine"
        ],
        "author": [
            "pines506"
        ],
        "servings": [
            "4"
        ]
    },
    {
        "page": "140",
        "name": [
            "Ham Salad"
        ],
        "author": [
            "Richard-NYC"
        ],
        "servings": [
            "6"
        ]
    },
    {
        "page": "142",
        "name": [
            "Hamburger Stew"
        ],
        "author": [
            "Okie Chef"
        ],
        "servings": [
            "4-6"
        ]
    },
    {
        "page": "14",
        "name": [
            "AUTHENTIC MEXICAN CARNITAS"
        ],
        "author": [
            "Sherri L."
        ],
        "servings": [
            "16"
        ]
    },
    {
        "page": "143",
        "name": [
            "Harvest Pumpkin Pie"
        ],
        "author": [
            "Shannon 24"
        ],
        "servings": [
            "8"
        ]
    },
    {
        "page": "145",
        "name": [
            "Herbed Chicken Burgers"
        ],
        "author": [
            "ratherbeswimmin"
        ],
        "servings": [
            "4"
        ]
    },
    {
        "page": "144",
        "name": [
            "Heavenly Chicken Livers With Caramelized Onions and Bacon"
        ],
        "author": [
            "AfterMartha"
        ],
        "servings": [
            "2-3"
        ]
    },
    {
        "page": "147",
        "name": [
            "Honey Pepper Beets"
        ],
        "author": [
            "Sharon123"
        ],
        "servings": [
            "4"
        ]
    },
    {
        "page": "135",
        "name": [
            "Greek Roasted Chicken and Potatoes"
        ],
        "author": [
            "mary ellen b"
        ],
        "servings": [
            "4-6"
        ]
    },
    {
        "page": "146",
        "name": [
            "Homemade Tomato Ketchup"
        ],
        "author": [
            "2Bleu"
        ],
        "servings": [
            "3"
        ]
    },
    {
        "page": "148",
        "name": [
            "Honey Roasted Butternut Squash With Apples & Pecans"
        ],
        "author": [
            "CarolAT"
        ],
        "servings": [
            "5"
        ]
    },
    {
        "page": "15",
        "name": [
            "Avocado on Toast With Bacon and Maple Syrup"
        ],
        "author": [
            "I'mPat"
        ],
        "servings": [
            "4"
        ]
    },
    {
        "page": "149",
        "name": [
            "Honuran Ponche De Pina (Hot Pineapple Punch)"
        ],
        "author": [
            "Olha7397"
        ],
        "servings": [
            "8-12"
        ]
    },
    {
        "page": "151",
        "name": [
            "Hot Buttered Rum Batter"
        ],
        "author": [
            "ladyepanda",
            "Chef #1069575"
        ],
        "servings": [
            "1"
        ]
    },
    {
        "page": "153",
        "name": [
            "Hungry Girl's Strawberry Cloud Smoothie Hg"
        ],
        "author": [
            "Cake Baker"
        ],
        "servings": [
            "1"
        ]
    },
    {
        "page": "152",
        "name": [
            "Huli Huli Chicken"
        ],
        "author": [
            "CJAY8248"
        ],
        "servings": [
            "12"
        ]
    },
    {
        "page": "154",
        "name": [
            "Idiot Chicken"
        ],
        "author": [
            "cookingsherri"
        ],
        "servings": [
            "4-6"
        ]
    },
    {
        "page": "150",
        "name": [
            "Hot and Sweet Pineapple Mustard"
        ],
        "author": [
            "Jmommy209"
        ],
        "servings": [
            "1 1/2"
        ]
    },
    {
        "page": "141",
        "name": [
            "Hamburger Soup"
        ],
        "author": [
            "Gloria 15x"
        ],
        "servings": [
            "6"
        ]
    },
    {
        "page": "156",
        "name": [
            "Italian Club Finger Sandwiches"
        ],
        "author": [
            "Iron Woman"
        ],
        "servings": [
            "4"
        ]
    },
    {
        "page": "159",
        "name": [
            "Jazzed up Grilled Cheese and Turkey Pita"
        ],
        "author": [
            "chef FIFI"
        ],
        "servings": [
            "1-2"
        ]
    },
    {
        "page": "155",
        "name": [
            "Instant Beef Rice Creole"
        ],
        "author": [
            "jessymroberts"
        ],
        "servings": [
            "4"
        ]
    },
    {
        "page": "157",
        "name": [
            "Italian Pasta Stir-Fry"
        ],
        "author": [
            "Gingerbear"
        ],
        "servings": [
            "6"
        ]
    },
    {
        "page": "161",
        "name": [
            "Kairos Chocolate Chip Cookies"
        ],
        "author": [
            "Cynthia Q"
        ],
        "servings": [
            "12"
        ]
    },
    {
        "page": "158",
        "name": [
            "Italian Potted Beef-Pressure Cooker"
        ],
        "author": [
            "Diana Adcock"
        ],
        "servings": [
            "15"
        ]
    },
    {
        "page": "162",
        "name": [
            "Kat's Marinade for Chicken and Pork"
        ],
        "author": [
            "auzjeweii"
        ],
        "servings": [
            "2-3"
        ]
    },
    {
        "page": "164",
        "name": [
            "Kidney Bean Dip"
        ],
        "author": [
            "teresas"
        ],
        "servings": [
            "4"
        ]
    },
    {
        "page": "163",
        "name": [
            "Kfc Gravy from a Mix"
        ],
        "author": [
            "ransomedbyfire"
        ],
        "servings": [
            "1"
        ]
    },
    {
        "page": "166",
        "name": [
            "Kir Royale"
        ],
        "author": [
            "adena mangis"
        ],
        "servings": [
            "8"
        ]
    },
    {
        "page": "16",
        "name": [
            "Awesome Pan Fried Chicken from Cooks Illustrated"
        ],
        "author": [
            "strawberrybird"
        ],
        "servings": [
            "8-10"
        ]
    },
    {
        "page": "168",
        "name": [
            "Kpd's Awesome Retro Burritos, Tacos or Chimichangas"
        ],
        "author": [
            "KPD123"
        ],
        "servings": [
            "4"
        ]
    },
    {
        "page": "165",
        "name": [
            "Killer Quinoa Salad"
        ],
        "author": [
            "gailanng"
        ],
        "servings": [
            "6"
        ]
    },
    {
        "page": "167",
        "name": [
            "Korean Street Tacos"
        ],
        "author": [
            "Joe  Cyndi"
        ],
        "servings": [
            "4"
        ]
    },
    {
        "page": "169",
        "name": [
            "Lamb Chops Grilled in Rosemary Smoke"
        ],
        "author": [
            "Dr. Jenny"
        ],
        "servings": [
            "4"
        ]
    },
    {
        "page": "160",
        "name": [
            "Kacamak With Potatoes and Cheese (Bosnia Herzegovina)"
        ],
        "author": [
            "GiddyUpGo"
        ],
        "servings": [
            "8-10"
        ]
    },
    {
        "page": "171",
        "name": [
            "Lemon Berry Ricotta Cake With Mixed Berry Sauce"
        ],
        "author": [
            "Chef Jean"
        ],
        "servings": [
            "1"
        ]
    },
    {
        "page": "172",
        "name": [
            "Licorice Parfait"
        ],
        "author": [
            "Tisme"
        ],
        "servings": [
            "4-6"
        ]
    },
    {
        "page": "173",
        "name": [
            "Little Tavern Shops Hamburgers"
        ],
        "author": [
            "Molly53"
        ],
        "servings": [
            "8"
        ]
    },
    {
        "page": "170",
        "name": [
            "Lazy Baked Grapefruit"
        ],
        "author": [
            "DormRmChef"
        ],
        "servings": [
            "2"
        ]
    },
    {
        "page": "17",
        "name": [
            "Bacon-Wrapped Chicken Skewers With Pineapple and Teriyaki Sauce"
        ],
        "author": [
            "mike w."
        ],
        "servings": [
            "6"
        ]
    },
    {
        "page": "174",
        "name": [
            "Low Carb Four Layer Delight"
        ],
        "author": [
            "Hippie2MARS"
        ],
        "servings": [
            "12"
        ]
    },
    {
        "page": "175",
        "name": [
            "Low Carb/No Grain Cereal"
        ],
        "author": [
            "delish 2"
        ],
        "servings": [
            "8"
        ]
    },
    {
        "page": "176",
        "name": [
            "Low-Fat Applesauce Cinnamon Rolls"
        ],
        "author": [
            "L DJ3309"
        ],
        "servings": [
            "8"
        ]
    },
    {
        "page": "177",
        "name": [
            "Low-Fat Twice Baked Potatoes"
        ],
        "author": [
            "Soon2BeRN"
        ],
        "servings": [
            "8"
        ]
    },
    {
        "page": "178",
        "name": [
            "Macaroni and Cottage Cheese Casserole"
        ],
        "author": [
            "brandiebarker"
        ],
        "servings": [
            "6"
        ]
    },
    {
        "page": "18",
        "name": [
            "Baked Flounder With Herbed Mayo and Vermouth"
        ],
        "author": [
            "Oolala"
        ],
        "servings": [
            "4-6"
        ]
    },
    {
        "page": "179",
        "name": [
            "Macaroni Bean Salad"
        ],
        "author": [
            "Sandy One"
        ],
        "servings": [
            "12"
        ]
    },
    {
        "page": "181",
        "name": [
            "Madonna's Triple Decker Reuben Sandwich"
        ],
        "author": [
            "CJAY8248"
        ],
        "servings": [
            "1"
        ]
    },
    {
        "page": "183",
        "name": [
            "Make-Ahead Mexican Roll-Ups"
        ],
        "author": [
            "msgearhart"
        ],
        "servings": [
            "8"
        ]
    },
    {
        "page": "182",
        "name": [
            "Madzoon Ov Kufteh (Meatball Yogurt Soup)"
        ],
        "author": [
            "ohcarolita"
        ],
        "servings": [
            "12"
        ]
    },
    {
        "page": "184",
        "name": [
            "Mandelbrot"
        ],
        "author": [
            "Kittencalrecipezazz"
        ],
        "servings": [
            "30"
        ]
    },
    {
        "page": "187",
        "name": [
            "Marrakesh Pizza"
        ],
        "author": [
            "patti k."
        ],
        "servings": [
            "4"
        ]
    },
    {
        "page": "186",
        "name": [
            "Marinated Chicken Brochettes"
        ],
        "author": [
            "aunty carol"
        ],
        "servings": [
            "2"
        ]
    },
    {
        "page": "188",
        "name": [
            "Masterful Mac 'n' Cheese"
        ],
        "author": [
            "Sharon123"
        ],
        "servings": []
    },
    {
        "page": "189",
        "name": [
            "Maxim Donut Bites: Healthwise Donuts"
        ],
        "author": [
            "RZ1234"
        ],
        "servings": [
            "18"
        ]
    },
    {
        "page": "19",
        "name": [
            "Baked Mexican Chicken Thighs"
        ],
        "author": [
            "cathyfood"
        ],
        "servings": [
            "8"
        ]
    },
    {
        "page": "191",
        "name": [
            "Mediterranean Vegetable Pasta Sauce (Oamc)"
        ],
        "author": [
            "English_Rose"
        ],
        "servings": [
            "4"
        ]
    },
    {
        "page": "193",
        "name": [
            "Microwave Oatmeal Cake"
        ],
        "author": [
            "m f4379"
        ],
        "servings": [
            "1"
        ]
    },
    {
        "page": "192",
        "name": [
            "Microwave Creamy Asparagus Soup"
        ],
        "author": [
            "HeatherFeather"
        ],
        "servings": [
            "4-6"
        ]
    },
    {
        "page": "190",
        "name": [
            "Meatballs in Beer"
        ],
        "author": [
            "LikeItLoveIt"
        ],
        "servings": [
            "6"
        ]
    },
    {
        "page": "195",
        "name": [
            "Mom's Chicken Tetrazzini"
        ],
        "author": [
            "Sugarmagnolia_fl"
        ],
        "servings": [
            "6"
        ]
    },
    {
        "page": "196",
        "name": [
            "Morning Mix Up"
        ],
        "author": [
            "yooper"
        ],
        "servings": [
            "4"
        ]
    },
    {
        "page": "197",
        "name": [
            "Moroccan Almond Pastry"
        ],
        "author": [
            "Nasseh"
        ],
        "servings": [
            "12"
        ]
    },
    {
        "page": "194",
        "name": [
            "Moist Fruitcake"
        ],
        "author": [
            "PJ 41347"
        ],
        "servings": [
            "1"
        ]
    },
    {
        "page": "198",
        "name": [
            "Muffuletta Sandwich"
        ],
        "author": [
            "Mysterygirl"
        ],
        "servings": [
            "6"
        ]
    },
    {
        "page": "199",
        "name": [
            "Mushroom-Thyme Gravy"
        ],
        "author": [
            "internetnut"
        ],
        "servings": [
            "8"
        ]
    },
    {
        "page": "185",
        "name": [
            "Mango Salad"
        ],
        "author": [
            "Stephanie Y."
        ],
        "servings": [
            "1"
        ]
    },
    {
        "page": "20",
        "name": [
            "Balsamic Braised Chicken Sausage"
        ],
        "author": [
            "Ewalla"
        ],
        "servings": [
            "4"
        ]
    },
    {
        "page": "21",
        "name": [
            "Balsamic Chicken Thighs"
        ],
        "author": [
            "mickie49"
        ],
        "servings": [
            "4-5"
        ]
    },
    {
        "page": "22",
        "name": [
            "Balsamic Roast"
        ],
        "author": [
            "PaulaG"
        ],
        "servings": [
            "6-8"
        ]
    },
    {
        "page": "24",
        "name": [
            "Banana Latkes"
        ],
        "author": [
            "ecoage",
            "Chef #806029"
        ],
        "servings": [
            "9"
        ]
    },
    {
        "page": "25",
        "name": [
            "Banana-Nut Muffins or Loaf"
        ],
        "author": [
            "Scotts Sassy Girl"
        ],
        "servings": [
            "18"
        ]
    },
    {
        "page": "23",
        "name": [
            "Bamboo Shoot Sushi"
        ],
        "author": [
            "dicentra"
        ],
        "servings": [
            "2-4"
        ]
    },
    {
        "page": "27",
        "name": [
            "BBQ Sauerkraut"
        ],
        "author": [
            "megks"
        ],
        "servings": [
            "8"
        ]
    },
    {
        "page": "26",
        "name": [
            "Basil Garlic Spread"
        ],
        "author": [
            "Divine L"
        ],
        "servings": [
            "2 1/2"
        ]
    },
    {
        "page": "28",
        "name": [
            "Beef Enchiladas"
        ],
        "author": [
            "Ginny Holmy-Willcox"
        ],
        "servings": []
    },
    {
        "page": "3",
        "name": [
            "Adobo"
        ],
        "author": [
            "Zignus"
        ],
        "servings": [
            "6-10"
        ]
    },
    {
        "page": "2",
        "name": [
            "\" Add in Anything\" Muffins!"
        ],
        "author": [
            "Kittencalrecipezazz"
        ],
        "servings": [
            "12"
        ]
    },
    {
        "page": "31",
        "name": [
            "Beet Bisque"
        ],
        "author": [
            "CityDoors"
        ],
        "servings": [
            "5-6"
        ]
    },
    {
        "page": "30",
        "name": [
            "Beer Simmered Brats"
        ],
        "author": [
            "Little Bee"
        ],
        "servings": [
            "6"
        ]
    },
    {
        "page": "29",
        "name": [
            "Beef Ragout on Polenta"
        ],
        "author": [
            "LaJuneBug"
        ],
        "servings": [
            "5"
        ]
    },
    {
        "page": "32",
        "name": [
            "Best Cheese Potatoes"
        ],
        "author": [
            "ALC"
        ],
        "servings": [
            "6-8"
        ]
    },
    {
        "page": "33",
        "name": [
            "Bisque Tortoni"
        ],
        "author": [
            "troyh"
        ],
        "servings": [
            "2"
        ]
    },
    {
        "page": "35",
        "name": [
            "Bloody Mary Chicken (Crock Pot)"
        ],
        "author": [
            "southern chef in lo"
        ],
        "servings": [
            "4"
        ]
    },
    {
        "page": "34",
        "name": [
            "Blackie's House of Beef Prime Rib"
        ],
        "author": [
            "ForeverMama"
        ],
        "servings": [
            "8-10"
        ]
    },
    {
        "page": "38",
        "name": [
            "Breaded Chicken Tenders (Scd)"
        ],
        "author": [
            "susan 9"
        ],
        "servings": [
            "2-4"
        ]
    },
    {
        "page": "36",
        "name": [
            "Blueberry Bombsicle"
        ],
        "author": [
            "faith58"
        ],
        "servings": [
            "1"
        ]
    },
    {
        "page": "4",
        "name": [
            "Allspice Cookies"
        ],
        "author": [
            "looneytunesfan"
        ],
        "servings": [
            "45"
        ]
    },
    {
        "page": "37",
        "name": [
            "Brasato Al Barolo (Braised Short Ribs)"
        ],
        "author": [
            "MsPia"
        ],
        "servings": [
            "4"
        ]
    },
    {
        "page": "39",
        "name": [
            "Breakfast in a Pan Frittata"
        ],
        "author": [
            "PaulaG"
        ],
        "servings": [
            "2"
        ]
    },
    {
        "page": "41",
        "name": [
            "Broccoli With Wasabi Sauce"
        ],
        "author": [
            "dicentra"
        ],
        "servings": [
            "2-4"
        ]
    },
    {
        "page": "40",
        "name": [
            "Brenda's Bean Dip"
        ],
        "author": [
            "TansGram"
        ],
        "servings": [
            "6"
        ]
    },
    {
        "page": "42",
        "name": [
            "Browned Butter Butterscotch Meringue Pie"
        ],
        "author": [
            "Chris Reynolds"
        ],
        "servings": [
            "8"
        ]
    },
    {
        "page": "43",
        "name": [
            "Brussels Waffle"
        ],
        "author": [
            "Studentchef"
        ],
        "servings": [
            "10-12"
        ]
    },
    {
        "page": "45",
        "name": [
            "Cacen Gneifo (Welsh Shearing Cake)"
        ],
        "author": [
            "Mia in Germany"
        ],
        "servings": [
            "1"
        ]
    },
    {
        "page": "46",
        "name": [
            "Cacio E Pepe Popcorn"
        ],
        "author": [
            "CookingONTheSide"
        ],
        "servings": [
            "8"
        ]
    },
    {
        "page": "44",
        "name": [
            "Butternut Squash Bake"
        ],
        "author": [
            "MizzNezz"
        ],
        "servings": [
            "4"
        ]
    },
    {
        "page": "47",
        "name": [
            "Cajun Grilled Shrimp W/Bacon"
        ],
        "author": [
            "Mr.MojoRisin"
        ],
        "servings": [
            "3-4"
        ]
    },
    {
        "page": "48",
        "name": [
            "California Crock Pot Dandy Brandy Apple Butter"
        ],
        "author": [
            "San Marcos Sunshine"
        ],
        "servings": [
            "4-6"
        ]
    },
    {
        "page": "49",
        "name": [
            "Caramel Rolls"
        ],
        "author": [
            "Cloverleaf"
        ],
        "servings": [
            "12"
        ]
    },
    {
        "page": "50",
        "name": [
            "Caramelized Mushrooms"
        ],
        "author": [
            "ms.susan"
        ],
        "servings": [
            "4"
        ]
    },
    {
        "page": "5",
        "name": [
            "Amy's Kickass Chicken Marinade"
        ],
        "author": [
            "amygdala"
        ],
        "servings": [
            "3-5"
        ]
    },
    {
        "page": "51",
        "name": [
            "Caribbean Sauce for Ham"
        ],
        "author": [
            "Linda_47"
        ],
        "servings": [
            "4"
        ]
    },
    {
        "page": "52",
        "name": [
            "Worth-It Carne Seca"
        ],
        "author": [
            "Lorraine of AZ"
        ],
        "servings": [
            "15-25"
        ]
    },
    {
        "page": "54",
        "name": [
            "Cauliflower With Garlic and Tomatoes"
        ],
        "author": [
            "Sandyg61"
        ],
        "servings": [
            "4"
        ]
    },
    {
        "page": "53",
        "name": [
            "Cauliflower Popcorn - Roasted Cauliflower"
        ],
        "author": [
            "Julesong"
        ],
        "servings": [
            "4"
        ]
    },
    {
        "page": "55",
        "name": [
            "Cheddar Artichoke Crescents (Pampered Chef)"
        ],
        "author": [
            "Pamela"
        ],
        "servings": [
            "24-30"
        ]
    },
    {
        "page": "56",
        "name": [
            "Cheese And Spinach Fettuccine"
        ],
        "author": [
            "MizzNezz"
        ],
        "servings": [
            "4"
        ]
    },
    {
        "page": "58",
        "name": [
            "Cherries Jubilee (Fantabulous)"
        ],
        "author": [
            "Alan Leonetti"
        ],
        "servings": [
            "6"
        ]
    },
    {
        "page": "59",
        "name": [
            "Cherry Cordial"
        ],
        "author": [
            "Molly53"
        ],
        "servings": [
            "24"
        ]
    },
    {
        "page": "6",
        "name": [
            "Angel Hair Pasta With Pignoli"
        ],
        "author": [
            "Barb G."
        ],
        "servings": [
            "2-4"
        ]
    },
    {
        "page": "60",
        "name": [
            "Chewy Chocolate Meringue Cookies"
        ],
        "author": [
            "Lorraine of AZ"
        ],
        "servings": [
            "4"
        ]
    },
    {
        "page": "61",
        "name": [
            "Chicken and Apple Empanadas"
        ],
        "author": [
            "GrumpyIrishLady"
        ],
        "servings": [
            "30"
        ]
    },
    {
        "page": "62",
        "name": [
            "Chicken Bacon Ranch Noodles"
        ],
        "author": [
            "yogiclarebear"
        ],
        "servings": [
            "2"
        ]
    },
    {
        "page": "63",
        "name": [
            "Chicken Breasts, Roasted Bacon, Pears in Mustard Cream"
        ],
        "author": [
            "Manami"
        ],
        "servings": [
            "4"
        ]
    },
    {
        "page": "64",
        "name": [
            "Chicken Gyro Bowls"
        ],
        "author": [
            "gailanng"
        ],
        "servings": [
            "4"
        ]
    },
    {
        "page": "65",
        "name": [
            "Chicken Portabella Slow Cooker or Oven"
        ],
        "author": [
            "Marich"
        ],
        "servings": [
            "6"
        ]
    },
    {
        "page": "66",
        "name": [
            "Chicken Stuffed With Gorgonzola, Sun-Dried Tomatoes & Basil"
        ],
        "author": [
            "conniecooks"
        ],
        "servings": [
            "4-6"
        ]
    },
    {
        "page": "67",
        "name": [
            "Chicken Teriyaki - Nigella Lawson"
        ],
        "author": [
            "DrGaellon"
        ],
        "servings": [
            "6"
        ]
    },
    {
        "page": "57",
        "name": [
            "Chef Joey's  Strawberry Rhubarb Cobbler (Vegan )"
        ],
        "author": [
            "Chef Joey Z."
        ],
        "servings": [
            "8"
        ]
    },
    {
        "page": "70",
        "name": [
            "Chickpea and Pasta Soup"
        ],
        "author": [
            "dicentra"
        ],
        "servings": [
            "4"
        ]
    },
    {
        "page": "68",
        "name": [
            "Chicken Wellingtons"
        ],
        "author": [
            "Sonya01"
        ],
        "servings": [
            "4"
        ]
    },
    {
        "page": "69",
        "name": [
            "Chickpea and Caramelised Onion Mash"
        ],
        "author": [
            "PinkCherryBlossom"
        ],
        "servings": [
            "2"
        ]
    },
    {
        "page": "7",
        "name": [
            "Angel Hair Pasta With Shrimp and Spinach"
        ],
        "author": [
            "dicentra"
        ],
        "servings": [
            "4"
        ]
    },
    {
        "page": "71",
        "name": [
            "Chili-Cheese Roll-Ups"
        ],
        "author": [
            "TasteTester"
        ],
        "servings": [
            "6"
        ]
    },
    {
        "page": "72",
        "name": [
            "Chili-Mock-Carne"
        ],
        "author": [
            "Hayley_11"
        ],
        "servings": [
            "4"
        ]
    },
    {
        "page": "73",
        "name": [
            "Chitterlings"
        ],
        "author": [
            "chiggerhill99"
        ],
        "servings": [
            "6-8"
        ]
    },
    {
        "page": "74",
        "name": [
            "Chocolate Mousse"
        ],
        "author": [
            "Terese"
        ],
        "servings": [
            "4"
        ]
    },
    {
        "page": "76",
        "name": [
            "Christmas Fruitcake (Eggless)"
        ],
        "author": [
            "Zurie"
        ],
        "servings": [
            "12"
        ]
    },
    {
        "page": "77",
        "name": [
            "Cinnamon Raisin Bread"
        ],
        "author": [
            "Ducky"
        ],
        "servings": [
            "10"
        ]
    },
    {
        "page": "79",
        "name": [
            "Cocoa Krispies' Biscotti"
        ],
        "author": [
            "HokiesMom"
        ],
        "servings": [
            "12"
        ]
    },
    {
        "page": "78",
        "name": [
            "Cocktail Sausages and Meatballs"
        ],
        "author": [
            "Karen From Colorado"
        ],
        "servings": [
            "10"
        ]
    },
    {
        "page": "8",
        "name": [
            "Apricot and Almond Torte"
        ],
        "author": [
            "KiwiHil"
        ],
        "servings": [
            "8"
        ]
    },
    {
        "page": "82",
        "name": [
            "Continental Cabbage Salad"
        ],
        "author": [
            "Kitzy"
        ],
        "servings": [
            "4"
        ]
    },
    {
        "page": "80",
        "name": [
            "Coconut Crusted Shrimp Salad W/ Sesame Honey Dressing"
        ],
        "author": [
            "gailanng"
        ],
        "servings": [
            "2"
        ]
    },
    {
        "page": "75",
        "name": [
            "Chocolate Peppermint Pinwheel Cookies"
        ],
        "author": [
            "justcallmetoni"
        ],
        "servings": [
            "3"
        ]
    },
    {
        "page": "83",
        "name": [
            "Country Style Pork Ribs"
        ],
        "author": [
            "Redallnite"
        ],
        "servings": [
            "4-10"
        ]
    },
    {
        "page": "85",
        "name": [
            "Crab and Avocado Quesadilla"
        ],
        "author": [
            "Yummy InMyTummy"
        ],
        "servings": [
            "1"
        ]
    },
    {
        "page": "81",
        "name": [
            "Cold (And Healthy) Pizza"
        ],
        "author": [
            "PSU_Lioness"
        ],
        "servings": [
            "1"
        ]
    },
    {
        "page": "86",
        "name": [
            "Cranberry English Muffins"
        ],
        "author": [
            "Steve P."
        ],
        "servings": [
            "15-20"
        ]
    },
    {
        "page": "84",
        "name": [
            "Cowboy French Toast Breakfast Sandwich"
        ],
        "author": [
            "lazyme"
        ],
        "servings": [
            "3"
        ]
    },
    {
        "page": "87",
        "name": [
            "Cranberry-Nut Cinnamon Chex Mix"
        ],
        "author": [
            "Pinay0618"
        ],
        "servings": [
            "16"
        ]
    },
    {
        "page": "89",
        "name": [
            "Creamy Cheeseburger Soup"
        ],
        "author": [
            "Southern Sugar Dumplin"
        ],
        "servings": [
            "8-10"
        ]
    },
    {
        "page": "88",
        "name": [
            "Creamed Leeks With Tarragon, Tomatoes, and Bacon"
        ],
        "author": [
            "lazyme"
        ],
        "servings": [
            "2"
        ]
    },
    {
        "page": "91",
        "name": [
            "Crock Pot Orange Chicken With Sweet Potatoes"
        ],
        "author": [
            "Jamie Renee"
        ],
        "servings": [
            "4"
        ]
    },
    {
        "page": "9",
        "name": [
            "Apricots With Honey and Rosemary - France"
        ],
        "author": [
            "Mme M"
        ],
        "servings": [
            "6"
        ]
    },
    {
        "page": "90",
        "name": [
            "Creamy Chicken Tikka Curry"
        ],
        "author": [
            "Chefsarah _kamal"
        ],
        "servings": [
            "6"
        ]
    },
    {
        "page": "93",
        "name": [
            "Crock Pot Tamale Casserole Supremo"
        ],
        "author": [
            "Jim Trebilcox"
        ],
        "servings": [
            "6"
        ]
    },
    {
        "page": "95",
        "name": [
            "Curried Samosa Shepherd Pie #SP5"
        ],
        "author": [
            "iluvveggies"
        ],
        "servings": [
            "1"
        ]
    },
    {
        "page": "92",
        "name": [
            "Crock Pot Pork Stew"
        ],
        "author": [
            "MizzNezz"
        ],
        "servings": [
            "6"
        ]
    },
    {
        "page": "96",
        "name": [
            "Curry-Chutney Dip"
        ],
        "author": [
            "Thistlethorne"
        ],
        "servings": [
            "2"
        ]
    },
    {
        "page": "94",
        "name": [
            "Cuban Manhattan Martini"
        ],
        "author": [
            "Mamas Kitchen Hope"
        ],
        "servings": [
            "1"
        ]
    },
    {
        "page": "97",
        "name": [
            "Custard Style Yogurt Nonfat, Sugar Free"
        ],
        "author": [
            "JacquelineS"
        ],
        "servings": [
            "8"
        ]
    },
    {
        "page": "180",
        "name": [
            "Machine Shed Creamy Coleslaw"
        ],
        "author": [
            "PrimQuilter"
        ],
        "servings": [
            "8"
        ]
    },
    {
        "page": "98",
        "name": [
            "Danish Macaroni Salad Makaronisalat"
        ],
        "author": [
            "Olha7397"
        ],
        "servings": [
            "6"
        ]
    }
]