[
    {
        "page": "102",
        "name": [
            "Easy Fish Taco Recipe"
        ],
        "author": [
            "Megan Miller"
        ],
        "type": [
            "seafood"
        ]
    },
    {
        "page": "100",
        "name": [
            "Easy Banana Bread Recipe"
        ],
        "author": [
            "Megan Miller"
        ],
        "type": [
            "\u2013 you can use a sweetening substitute though banana bread needs added sweetness. Some people prefer brown sugar.",
            "\u2013 if you add too much of an ingredient (especially flour) you can end up with dry bread.",
            "breakfast"
        ]
    },
    {
        "page": "101",
        "name": [
            "Easy Birthday Cake Recipe"
        ],
        "author": [
            "Megan Miller"
        ],
        "type": []
    },
    {
        "page": "104",
        "name": [
            "Easy Traditional Turkey Recipe"
        ],
        "author": [
            "Megan Miller"
        ],
        "type": [
            "main dish"
        ]
    },
    {
        "page": "107",
        "name": [
            "French Onion Soup Recipe"
        ],
        "author": [
            "Megan Miller"
        ],
        "type": []
    },
    {
        "page": "111",
        "name": [
            "Homemade Banana Pudding Recipe"
        ],
        "author": [
            "Megan Miller"
        ],
        "type": []
    },
    {
        "page": "109",
        "name": [
            "The Perfect Fried Chicken Recipe"
        ],
        "author": [
            "Megan Miller"
        ],
        "type": []
    },
    {
        "page": "113",
        "name": [
            "Homemade Bread Pudding Recipe"
        ],
        "author": [
            "Megan Miller"
        ],
        "type": [
            "dessert"
        ]
    },
    {
        "page": "115",
        "name": [
            "Homemade Breakfast Casserole Recipe"
        ],
        "author": [
            "Megan Miller"
        ],
        "type": []
    },
    {
        "page": "116",
        "name": [
            "Homemade Ceviche Recipe"
        ],
        "author": [
            "Megan Miller"
        ],
        "type": []
    },
    {
        "page": "118",
        "name": [
            "Homemade Chicken Curry Recipe"
        ],
        "author": [
            "Megan Miller"
        ],
        "type": [
            "main dish"
        ]
    },
    {
        "page": "120",
        "name": [
            "Homemade Eggnog Recipe"
        ],
        "author": [
            "Megan Miller"
        ],
        "type": [
            "holiday"
        ]
    },
    {
        "page": "122",
        "name": [
            "Homemade Funnel Cake Recipe"
        ],
        "author": [
            "Megan Miller"
        ],
        "type": []
    },
    {
        "page": "123",
        "name": [
            "Homemade Horchata Recipe"
        ],
        "author": [
            "Megan Miller"
        ],
        "type": []
    },
    {
        "page": "126",
        "name": [
            "Homemade Lemonade Recipe"
        ],
        "author": [
            "Megan Miller"
        ],
        "type": []
    },
    {
        "page": "130",
        "name": [
            "Homemade Oatmeal Cookie Recipe"
        ],
        "author": [
            "Megan Miller"
        ],
        "type": [
            "dessert"
        ]
    },
    {
        "page": "131",
        "name": [
            "Homemade Peach Cobbler Recipe"
        ],
        "author": [
            "Megan Miller"
        ],
        "type": []
    },
    {
        "page": "133",
        "name": [
            "Homemade Peach Pie Recipe"
        ],
        "author": [
            "Megan Miller"
        ],
        "type": []
    },
    {
        "page": "134",
        "name": [
            "Homemade Pesto Recipe"
        ],
        "author": [
            "Megan Miller"
        ],
        "type": [
            "sauce"
        ]
    },
    {
        "page": "135",
        "name": [
            "Homemade Pizza Sauce Recipe"
        ],
        "author": [
            "Megan Miller"
        ],
        "type": [
            "sauce"
        ]
    },
    {
        "page": "139",
        "name": [
            "Homemade Royal Icing Recipe"
        ],
        "author": [
            "Megan Miller"
        ],
        "type": [
            "dessert"
        ]
    },
    {
        "page": "144",
        "name": [
            "Homemade Vegetable Soup Recipe"
        ],
        "author": [
            "Megan Miller"
        ],
        "type": []
    },
    {
        "page": "145",
        "name": [
            "Homemade Zucchini Bread Recipe"
        ],
        "author": [
            "Megan Miller"
        ],
        "type": [
            "breakfast"
        ]
    },
    {
        "page": "157",
        "name": [
            "Perfect Pulled Pork Recipe"
        ],
        "author": [
            "Megan Miller"
        ],
        "type": [
            "pork"
        ]
    },
    {
        "page": "153",
        "name": [
            "Perfect Biscuit Recipe"
        ],
        "author": [
            "Megan Miller"
        ],
        "type": [
            "side dish"
        ]
    },
    {
        "page": "164",
        "name": [
            "Roasted Potatoes Recipe"
        ],
        "author": [
            "Megan Miller"
        ],
        "type": [
            "side dish"
        ]
    },
    {
        "page": "163",
        "name": [
            "Roasted Cauliflower Recipe"
        ],
        "author": [
            "Megan Miller"
        ],
        "type": []
    },
    {
        "page": "159",
        "name": [
            "Pico De Gallo Recipe"
        ],
        "author": [
            "Megan Miller"
        ],
        "type": [
            "salsa"
        ]
    },
    {
        "page": "171",
        "name": [
            "Shrimp Taco Recipe"
        ],
        "author": [
            "Megan Miller"
        ],
        "type": [
            "tacos"
        ]
    },
    {
        "page": "174",
        "name": [
            "Summer Cucumber Salad Recipe"
        ],
        "author": [
            "Megan Miller"
        ],
        "type": []
    },
    {
        "page": "29",
        "name": [
            "Authentic Chicken Enchilada Recipe"
        ],
        "author": [
            "Megan Miller"
        ],
        "type": [
            "main dish"
        ]
    },
    {
        "page": "27",
        "name": [
            "Authentic Carnitas Recipe"
        ],
        "author": [
            "Megan Miller"
        ],
        "type": [
            "main dish"
        ]
    },
    {
        "page": "31",
        "name": [
            "Best Brownie Recipe from Scratch"
        ],
        "author": [
            "Megan Miller"
        ],
        "type": [
            "dessert"
        ]
    },
    {
        "page": "33",
        "name": [
            "Best Classic Cornbread Recipe"
        ],
        "author": [
            "Megan Miller"
        ],
        "type": [
            "side dish"
        ]
    },
    {
        "page": "34",
        "name": [
            "The Best Classic Fudge Recipe"
        ],
        "author": [
            "Megan Miller"
        ],
        "type": [
            "dessert"
        ]
    },
    {
        "page": "35",
        "name": [
            "The Best Classic Meatloaf Recipe"
        ],
        "author": [
            "Megan Miller"
        ],
        "type": [
            "Featured"
        ]
    },
    {
        "page": "162",
        "name": [
            "Roasted Butternut Squash Recipe"
        ],
        "author": [
            "Megan Miller"
        ],
        "type": []
    },
    {
        "page": "38",
        "name": [
            "Best Homemade Lasagna Recipe"
        ],
        "author": [
            "Megan Miller"
        ],
        "type": [
            "Italian"
        ]
    },
    {
        "page": "190",
        "name": [
            "The Best Traditional Chili Recipe"
        ],
        "author": [
            "Megan Miller"
        ],
        "type": [
            "Featured"
        ]
    },
    {
        "page": "51",
        "name": [
            "Classic Beef Stew Recipe"
        ],
        "author": [
            "Megan Miller"
        ],
        "type": [
            "crockpot"
        ]
    },
    {
        "page": "49",
        "name": [
            "Classic Baked Salmon Recipe"
        ],
        "author": [
            "Megan Miller"
        ],
        "type": [
            "main dish"
        ]
    },
    {
        "page": "52",
        "name": [
            "Classic Beef Stroganoff Recipe"
        ],
        "author": [
            "Megan Miller"
        ],
        "type": [
            "pasta"
        ]
    },
    {
        "page": "56",
        "name": [
            "Classic Buttercream Frosting Recipe"
        ],
        "author": [
            "Megan Miller"
        ],
        "type": []
    },
    {
        "page": "57",
        "name": [
            "Classic Chicken Chow Mein Recipe"
        ],
        "author": [
            "Megan Miller"
        ],
        "type": []
    },
    {
        "page": "39",
        "name": [
            "Best Homemade Meatball Recipe"
        ],
        "author": [
            "Megan Miller"
        ],
        "type": [
            "ground beef"
        ]
    },
    {
        "page": "59",
        "name": [
            "Classic Chicken Fajitas Recipe"
        ],
        "author": [
            "Megan Miller"
        ],
        "type": [
            "Mexican"
        ]
    },
    {
        "page": "62",
        "name": [
            "Classic Coleslaw Recipe"
        ],
        "author": [
            "Megan Miller"
        ],
        "type": []
    },
    {
        "page": "64",
        "name": [
            "Classic Cream Cheese Frosting"
        ],
        "author": [
            "Megan Miller"
        ],
        "type": []
    },
    {
        "page": "66",
        "name": [
            "Classic Green Bean Recipe"
        ],
        "author": [
            "Megan Miller"
        ],
        "type": []
    },
    {
        "page": "68",
        "name": [
            "Classic Hummus Recipe"
        ],
        "author": [
            "Megan Miller"
        ],
        "type": [
            "hummus"
        ]
    },
    {
        "page": "70",
        "name": [
            "Classic Kung Pao Chicken Recipe"
        ],
        "author": [
            "Megan Miller"
        ],
        "type": [
            "Chinese"
        ]
    },
    {
        "page": "71",
        "name": [
            "Classic Lo Mein Recipe"
        ],
        "author": [
            "Megan Miller"
        ],
        "type": []
    },
    {
        "page": "72",
        "name": [
            "Classic Mexican Taco Recipe"
        ],
        "author": [
            "Megan Miller"
        ],
        "type": []
    },
    {
        "page": "73",
        "name": [
            "Classic Moscow Mule Recipe"
        ],
        "author": [
            "Megan Miller"
        ],
        "type": []
    },
    {
        "page": "75",
        "name": [
            "Classic Pasta Salad Recipe"
        ],
        "author": [
            "Megan Miller"
        ],
        "type": []
    },
    {
        "page": "77",
        "name": [
            "Classic Pho Recipe"
        ],
        "author": [
            "Megan Miller"
        ],
        "type": []
    },
    {
        "page": "79",
        "name": [
            "Classic Pork Roast Recipe"
        ],
        "author": [
            "Megan Miller"
        ],
        "type": [
            "pork"
        ]
    },
    {
        "page": "82",
        "name": [],
        "author": [],
        "type": []
    },
    {
        "page": "83",
        "name": [
            "Classic Scalloped Potatoes Recipe"
        ],
        "author": [
            "Megan Miller"
        ],
        "type": [
            "side dish"
        ]
    },
    {
        "page": "80",
        "name": [
            "Classic Prime Rib Recipe"
        ],
        "author": [
            "Megan Miller"
        ],
        "type": [
            "main dish"
        ]
    },
    {
        "page": "74",
        "name": [
            "Classic New Orleans Gumbo Recipe"
        ],
        "author": [
            "Megan Miller"
        ],
        "type": [
            "main dish"
        ]
    },
    {
        "page": "81",
        "name": [
            "Classic Red Velvet Cake Recipe"
        ],
        "author": [
            "Megan Miller"
        ],
        "type": []
    },
    {
        "page": "84",
        "name": [
            "Classic Seared Scallops Recipe"
        ],
        "author": [
            "Megan Miller"
        ],
        "type": []
    },
    {
        "page": "85",
        "name": [],
        "author": [],
        "type": []
    },
    {
        "page": "86",
        "name": [],
        "author": [],
        "type": []
    },
    {
        "page": "87",
        "name": [
            "Classic Sugar Cookie Recipe"
        ],
        "author": [
            "Megan Miller"
        ],
        "type": [
            "dessert"
        ]
    },
    {
        "page": "88",
        "name": [
            "Classic Sweet Potato Pie Recipe"
        ],
        "author": [
            "Megan Miller"
        ],
        "type": [
            "pie"
        ]
    },
    {
        "page": "89",
        "name": [
            "Classic Taco Soup Recipe"
        ],
        "author": [
            "Megan Miller"
        ],
        "type": []
    },
    {
        "page": "91",
        "name": [
            "Classic Tuna Salad Recipe"
        ],
        "author": [
            "Megan Miller"
        ],
        "type": [
            "seafood"
        ]
    },
    {
        "page": "97",
        "name": [
            "Crockpot Potato Soup Recipe"
        ],
        "author": [
            "Megan Miller"
        ],
        "type": []
    },
    {
        "page": "94",
        "name": [
            "Cooking Basics for Beginners"
        ],
        "author": [],
        "type": []
    }
]